{
  "resourceType" : "ValueSet",
  "id" : "5e7a9dbd-331d-4a02-bb2c-148f55e2596c-68",
  "url" : "http://hl7.org/fhir/comparison/ValueSet/5e7a9dbd-331d-4a02-bb2c-148f55e2596c-68",
  "name" : "UnionParticipantStatusSASSOSAndParticipantStatusSASSOS",
  "title" : "Union of Statut participant SAS SOS And Statut participant SAS SOS",
  "status" : "draft",
  "date" : "2024-09-05T14:36:39+00:00",
  "jurisdiction" : [{
    "coding" : [{
      "system" : "urn:iso:std:iso:3166",
      "code" : "FR",
      "display" : "FRANCE"
    }]
  }],
  "compose" : {
    "include" : [{
      "concept" : [{
        "code" : "accepted",
        "display" : "RDV accepté par le PS effecteur de soins"
      },
      {
        "code" : "needs-action",
        "display" : "RDV en attente de confirmation par le PS effecteur de soins"
      }]
    }]
  }
}