<?xml version="1.0" encoding="UTF-8"?><ValueSet xmlns="http://hl7.org/fhir"><id value="sas-sos-valueset-typecreneau"/><text><status value="extensions"/><div xmlns="http://www.w3.org/1999/xhtml"><p class="res-header-id"><b>Generated Narrative: ValueSet sas-sos-valueset-typecreneau</b></p><a name="sas-sos-valueset-typecreneau"> </a><a name="hcsas-sos-valueset-typecreneau"> </a><a name="sas-sos-valueset-typecreneau-fr-FR"> </a><ul><li>Include these codes as defined in <a href="https://interop.esante.gouv.fr/ig/nos/1.4.0/CodeSystem-TRE-R314-TypeCreneau.html"><code>https://mos.esante.gouv.fr/NOS/TRE_R314-TypeCreneau/FHIR/TRE-R314-TypeCreneau</code></a><table class="none"><tr><td style="white-space:nowrap"><b>Code</b></td><td><b>Display</b></td><td><b>Definition</b></td></tr><tr><td><a href="https://interop.esante.gouv.fr/ig/nos/1.4.0/CodeSystem-TRE-R314-TypeCreneau.html#TRE-R314-TypeCreneau-PUBLIC">PUBLIC</a></td><td>Créneau accessible par le grand public</td><td>Les créneaux ouverts au public - Créneau de soins défini par un professionnel de santé ou son délégataire dans son logiciel de prise de RDV accessible par le grand public</td></tr><tr><td><a href="https://interop.esante.gouv.fr/ig/nos/1.4.0/CodeSystem-TRE-R314-TypeCreneau.html#TRE-R314-TypeCreneau-SNP">SNP</a></td><td>Créneau accessible par les Régulateurs et Organisateurs de Soins Non Programmés</td><td>Les créneaux ouverts aux Soins Non Programmés -Créneau de soins défini par un professionnel de santé ou son délégataire dans son logiciel de prise de RDV accessible par les Régulateurs et Organisateurs de Soins Non Programmés</td></tr></table></li></ul></div></text><url value="https://interop.esante.gouv.fr/ig/fhir/sas/ValueSet/sas-sos-valueset-typecreneau"/><version value="1.1.0"/><name value="TypeCreneauSASSOS"/><title value="Type créneaux SAS SOS"/><status value="active"/><date value="2025-01-31T15:48:31+00:00"/><publisher value="ANS"/><contact><name value="ANS"/><telecom><system value="url"/><value value="https://esante.gouv.fr"/></telecom></contact><description value="Type de Créneaux SAS SOS"/><jurisdiction><coding><system value="urn:iso:std:iso:3166"/><code value="FR"/><display value="FRANCE"/></coding></jurisdiction><compose><include><system value="https://mos.esante.gouv.fr/NOS/TRE_R314-TypeCreneau/FHIR/TRE-R314-TypeCreneau"/><concept><code value="PUBLIC"/><display value="Créneau accessible par le grand public"/></concept><concept><code value="SNP"/><display value="Créneau accessible par les Régulateurs et Organisateurs de Soins Non Programmés"/></concept></include></compose></ValueSet>