{
  "resourceType" : "ImplementationGuide",
  "id" : "ans.fhir.fr.sas",
  "text" : {
    "status" : "generated",
    "div" : "<div xmlns=\"http://www.w3.org/1999/xhtml\"><p class=\"res-header-id\"><b>Generated Narrative: ImplementationGuide ans.fhir.fr.sas</b></p><a name=\"ans.fhir.fr.sas\"> </a><a name=\"hcans.fhir.fr.sas\"> </a><a name=\"ans.fhir.fr.sas-fr-FR\"> </a><h2>SAS</h2><p>The official URL for this implementation guide is: </p><pre>https://interop.esante.gouv.fr/ig/fhir/sas/ImplementationGuide/ans.fhir.fr.sas</pre></div>"
  },
  "url" : "https://interop.esante.gouv.fr/ig/fhir/sas/ImplementationGuide/ans.fhir.fr.sas",
  "version" : "1.1.0",
  "name" : "SAS",
  "title" : "Service d'Accès aux Soins",
  "status" : "active",
  "date" : "2025-02-04T15:23:22+00:00",
  "publisher" : "ANS",
  "contact" : [{
    "name" : "ANS",
    "telecom" : [{
      "system" : "url",
      "value" : "https://esante.gouv.fr"
    }]
  }],
  "jurisdiction" : [{
    "coding" : [{
      "system" : "urn:iso:std:iso:3166",
      "code" : "FR",
      "display" : "FRANCE"
    }]
  }],
  "packageId" : "ans.fhir.fr.sas",
  "license" : "CC0-1.0",
  "fhirVersion" : ["4.0.1"],
  "dependsOn" : [{
    "id" : "hl7tx",
    "extension" : [{
      "url" : "http://hl7.org/fhir/tools/StructureDefinition/implementationguide-dependency-comment",
      "valueMarkdown" : "Automatically added as a dependency - all IGs depend on HL7 Terminology"
    }],
    "uri" : "http://terminology.hl7.org/ImplementationGuide/hl7.terminology",
    "packageId" : "hl7.terminology.r4",
    "version" : "6.2.0"
  },
  {
    "id" : "hl7ext",
    "extension" : [{
      "url" : "http://hl7.org/fhir/tools/StructureDefinition/implementationguide-dependency-comment",
      "valueMarkdown" : "Automatically added as a dependency - all IGs depend on the HL7 Extension Pack"
    }],
    "uri" : "http://hl7.org/fhir/extensions/ImplementationGuide/hl7.fhir.uv.extensions",
    "packageId" : "hl7.fhir.uv.extensions.r4",
    "version" : "5.1.0"
  },
  {
    "id" : "hl7_fhir_fr_core",
    "uri" : "https://hl7.fr/ig/fhir/core/ImplementationGuide/hl7.fhir.fr.core",
    "packageId" : "hl7.fhir.fr.core",
    "version" : "2.1.0"
  },
  {
    "id" : "ans_fr_nos",
    "uri" : "https://interop.esante.gouv.fr/ig/nos/ImplementationGuide/ans.fr.nos",
    "packageId" : "ans.fr.nos",
    "version" : "1.4.0"
  }],
  "definition" : {
    "extension" : [{
      "extension" : [{
        "url" : "code",
        "valueString" : "copyrightyear"
      },
      {
        "url" : "value",
        "valueString" : "2020+"
      }],
      "url" : "http://hl7.org/fhir/tools/StructureDefinition/ig-parameter"
    },
    {
      "extension" : [{
        "url" : "code",
        "valueString" : "releaselabel"
      },
      {
        "url" : "value",
        "valueString" : "ci-build"
      }],
      "url" : "http://hl7.org/fhir/tools/StructureDefinition/ig-parameter"
    },
    {
      "extension" : [{
        "url" : "code",
        "valueString" : "shownav"
      },
      {
        "url" : "value",
        "valueString" : "true"
      }],
      "url" : "http://hl7.org/fhir/tools/StructureDefinition/ig-parameter"
    },
    {
      "extension" : [{
        "url" : "code",
        "valueString" : "autoload-resources"
      },
      {
        "url" : "value",
        "valueString" : "true"
      }],
      "url" : "http://hl7.org/fhir/tools/StructureDefinition/ig-parameter"
    },
    {
      "extension" : [{
        "url" : "code",
        "valueString" : "path-liquid"
      },
      {
        "url" : "value",
        "valueString" : "template/liquid"
      }],
      "url" : "http://hl7.org/fhir/tools/StructureDefinition/ig-parameter"
    },
    {
      "extension" : [{
        "url" : "code",
        "valueString" : "path-liquid"
      },
      {
        "url" : "value",
        "valueString" : "input/liquid"
      }],
      "url" : "http://hl7.org/fhir/tools/StructureDefinition/ig-parameter"
    },
    {
      "extension" : [{
        "url" : "code",
        "valueString" : "path-qa"
      },
      {
        "url" : "value",
        "valueString" : "temp/qa"
      }],
      "url" : "http://hl7.org/fhir/tools/StructureDefinition/ig-parameter"
    },
    {
      "extension" : [{
        "url" : "code",
        "valueString" : "path-temp"
      },
      {
        "url" : "value",
        "valueString" : "temp/pages"
      }],
      "url" : "http://hl7.org/fhir/tools/StructureDefinition/ig-parameter"
    },
    {
      "extension" : [{
        "url" : "code",
        "valueString" : "path-output"
      },
      {
        "url" : "value",
        "valueString" : "output"
      }],
      "url" : "http://hl7.org/fhir/tools/StructureDefinition/ig-parameter"
    },
    {
      "extension" : [{
        "url" : "code",
        "valueString" : "path-suppressed-warnings"
      },
      {
        "url" : "value",
        "valueString" : "input/ignoreWarnings.txt"
      }],
      "url" : "http://hl7.org/fhir/tools/StructureDefinition/ig-parameter"
    },
    {
      "extension" : [{
        "url" : "code",
        "valueString" : "path-history"
      },
      {
        "url" : "value",
        "valueString" : "https://interop.esante.gouv.fr/ig/fhir/sas/history.html"
      }],
      "url" : "http://hl7.org/fhir/tools/StructureDefinition/ig-parameter"
    },
    {
      "extension" : [{
        "url" : "code",
        "valueString" : "template-html"
      },
      {
        "url" : "value",
        "valueString" : "template-page.html"
      }],
      "url" : "http://hl7.org/fhir/tools/StructureDefinition/ig-parameter"
    },
    {
      "extension" : [{
        "url" : "code",
        "valueString" : "template-md"
      },
      {
        "url" : "value",
        "valueString" : "template-page-md.html"
      }],
      "url" : "http://hl7.org/fhir/tools/StructureDefinition/ig-parameter"
    },
    {
      "extension" : [{
        "url" : "code",
        "valueString" : "apply-contact"
      },
      {
        "url" : "value",
        "valueString" : "true"
      }],
      "url" : "http://hl7.org/fhir/tools/StructureDefinition/ig-parameter"
    },
    {
      "extension" : [{
        "url" : "code",
        "valueString" : "apply-context"
      },
      {
        "url" : "value",
        "valueString" : "true"
      }],
      "url" : "http://hl7.org/fhir/tools/StructureDefinition/ig-parameter"
    },
    {
      "extension" : [{
        "url" : "code",
        "valueString" : "apply-copyright"
      },
      {
        "url" : "value",
        "valueString" : "true"
      }],
      "url" : "http://hl7.org/fhir/tools/StructureDefinition/ig-parameter"
    },
    {
      "extension" : [{
        "url" : "code",
        "valueString" : "apply-jurisdiction"
      },
      {
        "url" : "value",
        "valueString" : "true"
      }],
      "url" : "http://hl7.org/fhir/tools/StructureDefinition/ig-parameter"
    },
    {
      "extension" : [{
        "url" : "code",
        "valueString" : "apply-license"
      },
      {
        "url" : "value",
        "valueString" : "true"
      }],
      "url" : "http://hl7.org/fhir/tools/StructureDefinition/ig-parameter"
    },
    {
      "extension" : [{
        "url" : "code",
        "valueString" : "apply-publisher"
      },
      {
        "url" : "value",
        "valueString" : "true"
      }],
      "url" : "http://hl7.org/fhir/tools/StructureDefinition/ig-parameter"
    },
    {
      "extension" : [{
        "url" : "code",
        "valueString" : "apply-version"
      },
      {
        "url" : "value",
        "valueString" : "true"
      }],
      "url" : "http://hl7.org/fhir/tools/StructureDefinition/ig-parameter"
    },
    {
      "extension" : [{
        "url" : "code",
        "valueString" : "apply-wg"
      },
      {
        "url" : "value",
        "valueString" : "true"
      }],
      "url" : "http://hl7.org/fhir/tools/StructureDefinition/ig-parameter"
    },
    {
      "extension" : [{
        "url" : "code",
        "valueString" : "active-tables"
      },
      {
        "url" : "value",
        "valueString" : "true"
      }],
      "url" : "http://hl7.org/fhir/tools/StructureDefinition/ig-parameter"
    },
    {
      "extension" : [{
        "url" : "code",
        "valueString" : "fmm-definition"
      },
      {
        "url" : "value",
        "valueString" : "http://hl7.org/fhir/versions.html#maturity"
      }],
      "url" : "http://hl7.org/fhir/tools/StructureDefinition/ig-parameter"
    },
    {
      "extension" : [{
        "url" : "code",
        "valueString" : "propagate-status"
      },
      {
        "url" : "value",
        "valueString" : "true"
      }],
      "url" : "http://hl7.org/fhir/tools/StructureDefinition/ig-parameter"
    },
    {
      "extension" : [{
        "url" : "code",
        "valueString" : "excludelogbinaryformat"
      },
      {
        "url" : "value",
        "valueString" : "true"
      }],
      "url" : "http://hl7.org/fhir/tools/StructureDefinition/ig-parameter"
    },
    {
      "extension" : [{
        "url" : "code",
        "valueString" : "tabbed-snapshots"
      },
      {
        "url" : "value",
        "valueString" : "true"
      }],
      "url" : "http://hl7.org/fhir/tools/StructureDefinition/ig-parameter"
    },
    {
      "url" : "http://hl7.org/fhir/tools/StructureDefinition/ig-internal-dependency",
      "valueCode" : "hl7.fhir.uv.tools.r4#0.3.0"
    },
    {
      "extension" : [{
        "url" : "code",
        "valueCode" : "copyrightyear"
      },
      {
        "url" : "value",
        "valueString" : "2020+"
      }],
      "url" : "http://hl7.org/fhir/tools/StructureDefinition/ig-parameter"
    },
    {
      "extension" : [{
        "url" : "code",
        "valueCode" : "releaselabel"
      },
      {
        "url" : "value",
        "valueString" : "ci-build"
      }],
      "url" : "http://hl7.org/fhir/tools/StructureDefinition/ig-parameter"
    },
    {
      "extension" : [{
        "url" : "code",
        "valueCode" : "shownav"
      },
      {
        "url" : "value",
        "valueString" : "true"
      }],
      "url" : "http://hl7.org/fhir/tools/StructureDefinition/ig-parameter"
    },
    {
      "extension" : [{
        "url" : "code",
        "valueCode" : "autoload-resources"
      },
      {
        "url" : "value",
        "valueString" : "true"
      }],
      "url" : "http://hl7.org/fhir/tools/StructureDefinition/ig-parameter"
    },
    {
      "extension" : [{
        "url" : "code",
        "valueCode" : "path-liquid"
      },
      {
        "url" : "value",
        "valueString" : "template/liquid"
      }],
      "url" : "http://hl7.org/fhir/tools/StructureDefinition/ig-parameter"
    },
    {
      "extension" : [{
        "url" : "code",
        "valueCode" : "path-liquid"
      },
      {
        "url" : "value",
        "valueString" : "input/liquid"
      }],
      "url" : "http://hl7.org/fhir/tools/StructureDefinition/ig-parameter"
    },
    {
      "extension" : [{
        "url" : "code",
        "valueCode" : "path-qa"
      },
      {
        "url" : "value",
        "valueString" : "temp/qa"
      }],
      "url" : "http://hl7.org/fhir/tools/StructureDefinition/ig-parameter"
    },
    {
      "extension" : [{
        "url" : "code",
        "valueCode" : "path-temp"
      },
      {
        "url" : "value",
        "valueString" : "temp/pages"
      }],
      "url" : "http://hl7.org/fhir/tools/StructureDefinition/ig-parameter"
    },
    {
      "extension" : [{
        "url" : "code",
        "valueCode" : "path-output"
      },
      {
        "url" : "value",
        "valueString" : "output"
      }],
      "url" : "http://hl7.org/fhir/tools/StructureDefinition/ig-parameter"
    },
    {
      "extension" : [{
        "url" : "code",
        "valueCode" : "path-suppressed-warnings"
      },
      {
        "url" : "value",
        "valueString" : "input/ignoreWarnings.txt"
      }],
      "url" : "http://hl7.org/fhir/tools/StructureDefinition/ig-parameter"
    },
    {
      "extension" : [{
        "url" : "code",
        "valueCode" : "path-history"
      },
      {
        "url" : "value",
        "valueString" : "https://interop.esante.gouv.fr/ig/fhir/sas/history.html"
      }],
      "url" : "http://hl7.org/fhir/tools/StructureDefinition/ig-parameter"
    },
    {
      "extension" : [{
        "url" : "code",
        "valueCode" : "template-html"
      },
      {
        "url" : "value",
        "valueString" : "template-page.html"
      }],
      "url" : "http://hl7.org/fhir/tools/StructureDefinition/ig-parameter"
    },
    {
      "extension" : [{
        "url" : "code",
        "valueCode" : "template-md"
      },
      {
        "url" : "value",
        "valueString" : "template-page-md.html"
      }],
      "url" : "http://hl7.org/fhir/tools/StructureDefinition/ig-parameter"
    },
    {
      "extension" : [{
        "url" : "code",
        "valueCode" : "apply-contact"
      },
      {
        "url" : "value",
        "valueString" : "true"
      }],
      "url" : "http://hl7.org/fhir/tools/StructureDefinition/ig-parameter"
    },
    {
      "extension" : [{
        "url" : "code",
        "valueCode" : "apply-context"
      },
      {
        "url" : "value",
        "valueString" : "true"
      }],
      "url" : "http://hl7.org/fhir/tools/StructureDefinition/ig-parameter"
    },
    {
      "extension" : [{
        "url" : "code",
        "valueCode" : "apply-copyright"
      },
      {
        "url" : "value",
        "valueString" : "true"
      }],
      "url" : "http://hl7.org/fhir/tools/StructureDefinition/ig-parameter"
    },
    {
      "extension" : [{
        "url" : "code",
        "valueCode" : "apply-jurisdiction"
      },
      {
        "url" : "value",
        "valueString" : "true"
      }],
      "url" : "http://hl7.org/fhir/tools/StructureDefinition/ig-parameter"
    },
    {
      "extension" : [{
        "url" : "code",
        "valueCode" : "apply-license"
      },
      {
        "url" : "value",
        "valueString" : "true"
      }],
      "url" : "http://hl7.org/fhir/tools/StructureDefinition/ig-parameter"
    },
    {
      "extension" : [{
        "url" : "code",
        "valueCode" : "apply-publisher"
      },
      {
        "url" : "value",
        "valueString" : "true"
      }],
      "url" : "http://hl7.org/fhir/tools/StructureDefinition/ig-parameter"
    },
    {
      "extension" : [{
        "url" : "code",
        "valueCode" : "apply-version"
      },
      {
        "url" : "value",
        "valueString" : "true"
      }],
      "url" : "http://hl7.org/fhir/tools/StructureDefinition/ig-parameter"
    },
    {
      "extension" : [{
        "url" : "code",
        "valueCode" : "apply-wg"
      },
      {
        "url" : "value",
        "valueString" : "true"
      }],
      "url" : "http://hl7.org/fhir/tools/StructureDefinition/ig-parameter"
    },
    {
      "extension" : [{
        "url" : "code",
        "valueCode" : "active-tables"
      },
      {
        "url" : "value",
        "valueString" : "true"
      }],
      "url" : "http://hl7.org/fhir/tools/StructureDefinition/ig-parameter"
    },
    {
      "extension" : [{
        "url" : "code",
        "valueCode" : "fmm-definition"
      },
      {
        "url" : "value",
        "valueString" : "http://hl7.org/fhir/versions.html#maturity"
      }],
      "url" : "http://hl7.org/fhir/tools/StructureDefinition/ig-parameter"
    },
    {
      "extension" : [{
        "url" : "code",
        "valueCode" : "propagate-status"
      },
      {
        "url" : "value",
        "valueString" : "true"
      }],
      "url" : "http://hl7.org/fhir/tools/StructureDefinition/ig-parameter"
    },
    {
      "extension" : [{
        "url" : "code",
        "valueCode" : "excludelogbinaryformat"
      },
      {
        "url" : "value",
        "valueString" : "true"
      }],
      "url" : "http://hl7.org/fhir/tools/StructureDefinition/ig-parameter"
    },
    {
      "extension" : [{
        "url" : "code",
        "valueCode" : "tabbed-snapshots"
      },
      {
        "url" : "value",
        "valueString" : "true"
      }],
      "url" : "http://hl7.org/fhir/tools/StructureDefinition/ig-parameter"
    }],
    "resource" : [{
      "extension" : [{
        "url" : "http://hl7.org/fhir/tools/StructureDefinition/resource-information",
        "valueString" : "ValueSet"
      }],
      "reference" : {
        "reference" : "ValueSet/sas-valueset-appointmentreason"
      },
      "name" : "Appointment reason SAS",
      "description" : "Appointment reason SAS",
      "exampleBoolean" : false
    },
    {
      "extension" : [{
        "url" : "http://hl7.org/fhir/tools/StructureDefinition/resource-information",
        "valueString" : "StructureDefinition:resource"
      }],
      "reference" : {
        "reference" : "StructureDefinition/sas-bundle-aggregator"
      },
      "name" : "BundleAgregateur",
      "description" : "Profil de Bundle qui représente le flux de réponse contenant les créneaux disponibles dans le cadre du service d'agrégation de créneaux de la plateforme SAS [Cas d'usage PS Indiv]",
      "exampleBoolean" : false
    },
    {
      "extension" : [{
        "url" : "http://hl7.org/fhir/tools/StructureDefinition/resource-information",
        "valueString" : "StructureDefinition:resource"
      }],
      "reference" : {
        "reference" : "StructureDefinition/sas-cpts-bundle-aggregator"
      },
      "name" : "BundleAgregateurCPTS",
      "description" : "Profil de Bundle qui représente le flux de réponse contenant les créneaux disponibles dans le cadre du service d'agrégation de créneaux de la plateforme SAS - Cas d'usage CPTS",
      "exampleBoolean" : false
    },
    {
      "extension" : [{
        "url" : "http://hl7.org/fhir/tools/StructureDefinition/resource-information",
        "valueString" : "StructureDefinition:resource"
      }],
      "reference" : {
        "reference" : "StructureDefinition/sas-sos-bundle-aggregator"
      },
      "name" : "BundleAgregateurSOS",
      "description" : "Profil de Bundle qui représente le flux de réponse contenant les créneaux disponibles dans le cadre du service d'agrégation de créneaux de la plateforme SAS [cas d’usage SOS Médecins]",
      "exampleBoolean" : false
    },
    {
      "extension" : [{
        "url" : "http://hl7.org/fhir/tools/StructureDefinition/resource-information",
        "valueString" : "ValueSet"
      }],
      "reference" : {
        "reference" : "ValueSet/sas-valueset-categorieetablissement"
      },
      "name" : "Catégorie établissement SAS",
      "description" : "Catégorie d'établissement utilisée dans contexte SAS - CPTS dans un premier temps",
      "exampleBoolean" : false
    },
    {
      "extension" : [{
        "url" : "http://hl7.org/fhir/tools/StructureDefinition/resource-information",
        "valueString" : "SearchParameter"
      }],
      "reference" : {
        "reference" : "SearchParameter/cptsslot-sp-servicetype"
      },
      "name" : "cptsslot-sp-servicetype",
      "description" : "Paramètre de recherche sur le service type qui mime le paramètre R5. Permet de rechercher ou d'inclure la ressource reférencée HealthCare Service",
      "exampleBoolean" : false
    },
    {
      "extension" : [{
        "url" : "http://hl7.org/fhir/tools/StructureDefinition/resource-information",
        "valueString" : "Appointment"
      }],
      "reference" : {
        "reference" : "Appointment/1"
      },
      "name" : "ExampleAppointmentBooked",
      "description" : "Exemple RDV PS indiv booked",
      "exampleCanonical" : "https://interop.esante.gouv.fr/ig/fhir/sas/StructureDefinition/sas-appointment"
    },
    {
      "extension" : [{
        "url" : "http://hl7.org/fhir/tools/StructureDefinition/resource-information",
        "valueString" : "Appointment"
      }],
      "reference" : {
        "reference" : "Appointment/2"
      },
      "name" : "ExampleAppointmentCancelled",
      "description" : "Exemple RDV PS indiv cancelled",
      "exampleCanonical" : "https://interop.esante.gouv.fr/ig/fhir/sas/StructureDefinition/sas-appointment"
    },
    {
      "extension" : [{
        "url" : "http://hl7.org/fhir/tools/StructureDefinition/resource-information",
        "valueString" : "Bundle"
      }],
      "reference" : {
        "reference" : "Bundle/ExampleBundleAgregateurSOS"
      },
      "name" : "ExampleBundleAgregateurSOS",
      "description" : "Exemple Bundle SOS",
      "exampleCanonical" : "https://interop.esante.gouv.fr/ig/fhir/sas/StructureDefinition/sas-sos-bundle-aggregator"
    },
    {
      "extension" : [{
        "url" : "http://hl7.org/fhir/tools/StructureDefinition/resource-information",
        "valueString" : "Bundle"
      }],
      "reference" : {
        "reference" : "Bundle/ExampleBundleCPTS1"
      },
      "name" : "ExampleBundleCPTS1",
      "description" : "Exemple Bundle CPTS 1",
      "exampleCanonical" : "https://interop.esante.gouv.fr/ig/fhir/sas/StructureDefinition/sas-cpts-bundle-aggregator"
    },
    {
      "extension" : [{
        "url" : "http://hl7.org/fhir/tools/StructureDefinition/resource-information",
        "valueString" : "Bundle"
      }],
      "reference" : {
        "reference" : "Bundle/ExampleBundleCPTS2"
      },
      "name" : "ExampleBundleCPTS2",
      "description" : "Exemple Bundle CPTS 2",
      "exampleCanonical" : "https://interop.esante.gouv.fr/ig/fhir/sas/StructureDefinition/sas-cpts-bundle-aggregator"
    },
    {
      "extension" : [{
        "url" : "http://hl7.org/fhir/tools/StructureDefinition/resource-information",
        "valueString" : "Bundle"
      }],
      "reference" : {
        "reference" : "Bundle/ExampleBundlePSIndiv"
      },
      "name" : "ExampleBundlePSIndiv",
      "description" : "Exemple Bundle PS indiv",
      "exampleCanonical" : "https://interop.esante.gouv.fr/ig/fhir/sas/StructureDefinition/sas-bundle-aggregator"
    },
    {
      "extension" : [{
        "url" : "http://hl7.org/fhir/tools/StructureDefinition/resource-information",
        "valueString" : "HealthcareService"
      }],
      "reference" : {
        "reference" : "HealthcareService/ExampleHealthcareServiceCPTS1"
      },
      "name" : "ExampleHealthcareServiceCPTS1",
      "description" : "Exemple healthcare service CPTS 1",
      "exampleCanonical" : "https://interop.esante.gouv.fr/ig/fhir/sas/StructureDefinition/sas-cpts-healthcareservice-aggregator"
    },
    {
      "extension" : [{
        "url" : "http://hl7.org/fhir/tools/StructureDefinition/resource-information",
        "valueString" : "HealthcareService"
      }],
      "reference" : {
        "reference" : "HealthcareService/ExampleHealthcareServiceCPTS2"
      },
      "name" : "ExampleHealthcareServiceCPTS2",
      "description" : "Exemple healthcare service CPTS 2",
      "exampleCanonical" : "https://interop.esante.gouv.fr/ig/fhir/sas/StructureDefinition/sas-cpts-healthcareservice-aggregator"
    },
    {
      "extension" : [{
        "url" : "http://hl7.org/fhir/tools/StructureDefinition/resource-information",
        "valueString" : "Location"
      }],
      "reference" : {
        "reference" : "Location/1111111111"
      },
      "name" : "ExampleLocationSOS1",
      "description" : "Exemple 1 location flux agrégateur sos",
      "exampleCanonical" : "https://interop.esante.gouv.fr/ig/fhir/sas/StructureDefinition/sas-sos-location-aggregator"
    },
    {
      "extension" : [{
        "url" : "http://hl7.org/fhir/tools/StructureDefinition/resource-information",
        "valueString" : "Location"
      }],
      "reference" : {
        "reference" : "Location/2222222222"
      },
      "name" : "ExampleLocationSOS2",
      "description" : "Exemple 2 location flux agrégateur sos",
      "exampleCanonical" : "https://interop.esante.gouv.fr/ig/fhir/sas/StructureDefinition/sas-sos-location-aggregator"
    },
    {
      "extension" : [{
        "url" : "http://hl7.org/fhir/tools/StructureDefinition/resource-information",
        "valueString" : "Location"
      }],
      "reference" : {
        "reference" : "Location/3333333333"
      },
      "name" : "ExampleLocationSOS3",
      "description" : "Exemple 3 location flux agrégateur sos",
      "exampleCanonical" : "https://interop.esante.gouv.fr/ig/fhir/sas/StructureDefinition/sas-sos-location-aggregator"
    },
    {
      "extension" : [{
        "url" : "http://hl7.org/fhir/tools/StructureDefinition/resource-information",
        "valueString" : "Organization"
      }],
      "reference" : {
        "reference" : "Organization/ExampleOrgaCPTS1"
      },
      "name" : "ExampleOrgaCPTS1",
      "description" : "Exemple d'organisation CPTS 1",
      "exampleCanonical" : "https://interop.esante.gouv.fr/ig/fhir/sas/StructureDefinition/sas-cpts-organization-aggregator"
    },
    {
      "extension" : [{
        "url" : "http://hl7.org/fhir/tools/StructureDefinition/resource-information",
        "valueString" : "Organization"
      }],
      "reference" : {
        "reference" : "Organization/ExampleOrgaCPTS2"
      },
      "name" : "ExampleOrgaCPTS2",
      "description" : "Exemple d'organisation CPTS 2",
      "exampleCanonical" : "https://interop.esante.gouv.fr/ig/fhir/sas/StructureDefinition/sas-cpts-organization-aggregator"
    },
    {
      "extension" : [{
        "url" : "http://hl7.org/fhir/tools/StructureDefinition/resource-information",
        "valueString" : "Organization"
      }],
      "reference" : {
        "reference" : "Organization/ExampleOrgaSOS1"
      },
      "name" : "ExampleOrgaSOS1",
      "description" : "Exemple d'organisation SOS 1",
      "exampleCanonical" : "https://interop.esante.gouv.fr/ig/fhir/sas/StructureDefinition/sas-sos-organization-aggregator"
    },
    {
      "extension" : [{
        "url" : "http://hl7.org/fhir/tools/StructureDefinition/resource-information",
        "valueString" : "Organization"
      }],
      "reference" : {
        "reference" : "Organization/ExampleOrgaSOS2"
      },
      "name" : "ExampleOrgaSOS2",
      "description" : "Exemple d'organisation SOS 1",
      "exampleCanonical" : "https://interop.esante.gouv.fr/ig/fhir/sas/StructureDefinition/sas-sos-organization-aggregator"
    },
    {
      "extension" : [{
        "url" : "http://hl7.org/fhir/tools/StructureDefinition/resource-information",
        "valueString" : "Practitioner"
      }],
      "reference" : {
        "reference" : "Practitioner/ExamplePractitioner"
      },
      "name" : "ExamplePractitioner",
      "description" : "Exemple 1 practitioner flux agrégateur",
      "exampleCanonical" : "https://interop.esante.gouv.fr/ig/fhir/sas/StructureDefinition/sas-practitioner-aggregator"
    },
    {
      "extension" : [{
        "url" : "http://hl7.org/fhir/tools/StructureDefinition/resource-information",
        "valueString" : "Practitioner"
      }],
      "reference" : {
        "reference" : "Practitioner/ExamplePractitioner2"
      },
      "name" : "ExamplePractitioner2",
      "description" : "Exemple 2 practitioner flux agrégateur",
      "exampleCanonical" : "https://interop.esante.gouv.fr/ig/fhir/sas/StructureDefinition/sas-practitioner-aggregator"
    },
    {
      "extension" : [{
        "url" : "http://hl7.org/fhir/tools/StructureDefinition/resource-information",
        "valueString" : "Practitioner"
      }],
      "reference" : {
        "reference" : "Practitioner/ExamplePractitioner3"
      },
      "name" : "ExamplePractitioner3",
      "description" : "Exemple 3 practitioner flux agrégateur",
      "exampleCanonical" : "https://interop.esante.gouv.fr/ig/fhir/sas/StructureDefinition/sas-practitioner-aggregator"
    },
    {
      "extension" : [{
        "url" : "http://hl7.org/fhir/tools/StructureDefinition/resource-information",
        "valueString" : "Practitioner"
      }],
      "reference" : {
        "reference" : "Practitioner/ExamplePractitionerRegul1"
      },
      "name" : "ExamplePractitionerRegul1",
      "description" : "Exemple 1 practitioner flux régulateur",
      "exampleCanonical" : "https://interop.esante.gouv.fr/ig/fhir/sas/StructureDefinition/sas-practitioner-aggregator-regul"
    },
    {
      "extension" : [{
        "url" : "http://hl7.org/fhir/tools/StructureDefinition/resource-information",
        "valueString" : "Practitioner"
      }],
      "reference" : {
        "reference" : "Practitioner/ExamplePractitionerRegul2"
      },
      "name" : "ExamplePractitionerRegul2",
      "description" : "Exemple 2 practitioner flux régulateur",
      "exampleCanonical" : "https://interop.esante.gouv.fr/ig/fhir/sas/StructureDefinition/sas-practitioner-aggregator-regul"
    },
    {
      "extension" : [{
        "url" : "http://hl7.org/fhir/tools/StructureDefinition/resource-information",
        "valueString" : "Practitioner"
      }],
      "reference" : {
        "reference" : "Practitioner/ExamplePractitionerRegul3"
      },
      "name" : "ExamplePractitionerRegul3",
      "description" : "Exemple 3 practitioner flux régulateur",
      "exampleCanonical" : "https://interop.esante.gouv.fr/ig/fhir/sas/StructureDefinition/sas-practitioner-aggregator-regul"
    },
    {
      "extension" : [{
        "url" : "http://hl7.org/fhir/tools/StructureDefinition/resource-information",
        "valueString" : "PractitionerRole"
      }],
      "reference" : {
        "reference" : "PractitionerRole/ExamplePractitionerRoleAgregateur"
      },
      "name" : "ExamplePractitionerRoleAgregateur",
      "description" : "Exemple 1 PractitionerRole flux agrégateur",
      "exampleCanonical" : "https://interop.esante.gouv.fr/ig/fhir/sas/StructureDefinition/sas-practitioner-role-exercice-aggregator"
    },
    {
      "extension" : [{
        "url" : "http://hl7.org/fhir/tools/StructureDefinition/resource-information",
        "valueString" : "PractitionerRole"
      }],
      "reference" : {
        "reference" : "PractitionerRole/ExamplePractitionerRoleAgregateur2"
      },
      "name" : "ExamplePractitionerRoleAgregateur2",
      "description" : "Exemple 2 PractitionerRole flux agrégateur",
      "exampleCanonical" : "https://interop.esante.gouv.fr/ig/fhir/sas/StructureDefinition/sas-practitioner-role-exercice-aggregator"
    },
    {
      "extension" : [{
        "url" : "http://hl7.org/fhir/tools/StructureDefinition/resource-information",
        "valueString" : "PractitionerRole"
      }],
      "reference" : {
        "reference" : "PractitionerRole/ExamplePractitionerRoleAgregateur3"
      },
      "name" : "ExamplePractitionerRoleAgregateur3",
      "description" : "Exemple 3 PractitionerRole flux agrégateur",
      "exampleCanonical" : "https://interop.esante.gouv.fr/ig/fhir/sas/StructureDefinition/sas-practitioner-role-exercice-aggregator"
    },
    {
      "extension" : [{
        "url" : "http://hl7.org/fhir/tools/StructureDefinition/resource-information",
        "valueString" : "PractitionerRole"
      }],
      "reference" : {
        "reference" : "PractitionerRole/ExamplePractitionerRoleAgregateur4"
      },
      "name" : "ExamplePractitionerRoleAgregateur4",
      "description" : "Exemple 4 PractitionerRole flux agrégateur",
      "exampleCanonical" : "https://interop.esante.gouv.fr/ig/fhir/sas/StructureDefinition/sas-practitioner-role-exercice-aggregator"
    },
    {
      "extension" : [{
        "url" : "http://hl7.org/fhir/tools/StructureDefinition/resource-information",
        "valueString" : "Schedule"
      }],
      "reference" : {
        "reference" : "Schedule/ExampleSchedule"
      },
      "name" : "ExampleSchedule",
      "description" : "Exemple ressource schedule",
      "exampleCanonical" : "https://interop.esante.gouv.fr/ig/fhir/sas/StructureDefinition/sas-schedule-aggregator"
    },
    {
      "extension" : [{
        "url" : "http://hl7.org/fhir/tools/StructureDefinition/resource-information",
        "valueString" : "Schedule"
      }],
      "reference" : {
        "reference" : "Schedule/ExampleSchedule1"
      },
      "name" : "ExampleSchedule1",
      "description" : "Exemple 1 ressource schedule",
      "exampleCanonical" : "https://interop.esante.gouv.fr/ig/fhir/sas/StructureDefinition/sas-schedule-aggregator"
    },
    {
      "extension" : [{
        "url" : "http://hl7.org/fhir/tools/StructureDefinition/resource-information",
        "valueString" : "Schedule"
      }],
      "reference" : {
        "reference" : "Schedule/ExampleSchedule2"
      },
      "name" : "ExampleSchedule2",
      "description" : "Exemple 2 ressource schedule",
      "exampleCanonical" : "https://interop.esante.gouv.fr/ig/fhir/sas/StructureDefinition/sas-schedule-aggregator"
    },
    {
      "extension" : [{
        "url" : "http://hl7.org/fhir/tools/StructureDefinition/resource-information",
        "valueString" : "Schedule"
      }],
      "reference" : {
        "reference" : "Schedule/ExampleSchedule3"
      },
      "name" : "ExampleSchedule3",
      "description" : "Exemple 3 ressource schedule",
      "exampleCanonical" : "https://interop.esante.gouv.fr/ig/fhir/sas/StructureDefinition/sas-schedule-aggregator"
    },
    {
      "extension" : [{
        "url" : "http://hl7.org/fhir/tools/StructureDefinition/resource-information",
        "valueString" : "Schedule"
      }],
      "reference" : {
        "reference" : "Schedule/ExampleScheduleSOS1"
      },
      "name" : "ExampleScheduleSOS1",
      "description" : "Exemple 1 ressource schedule sos",
      "exampleCanonical" : "https://interop.esante.gouv.fr/ig/fhir/sas/StructureDefinition/sas-sos-schedule-aggregator"
    },
    {
      "extension" : [{
        "url" : "http://hl7.org/fhir/tools/StructureDefinition/resource-information",
        "valueString" : "Schedule"
      }],
      "reference" : {
        "reference" : "Schedule/ExampleScheduleSOS2"
      },
      "name" : "ExampleScheduleSOS2",
      "description" : "Exemple 2 ressource schedule sos",
      "exampleCanonical" : "https://interop.esante.gouv.fr/ig/fhir/sas/StructureDefinition/sas-sos-schedule-aggregator"
    },
    {
      "extension" : [{
        "url" : "http://hl7.org/fhir/tools/StructureDefinition/resource-information",
        "valueString" : "Schedule"
      }],
      "reference" : {
        "reference" : "Schedule/ExampleScheduleSOS3"
      },
      "name" : "ExampleScheduleSOS3",
      "description" : "Exemple 3 ressource schedule sos",
      "exampleCanonical" : "https://interop.esante.gouv.fr/ig/fhir/sas/StructureDefinition/sas-sos-schedule-aggregator"
    },
    {
      "extension" : [{
        "url" : "http://hl7.org/fhir/tools/StructureDefinition/resource-information",
        "valueString" : "Slot"
      }],
      "reference" : {
        "reference" : "Slot/ExampleSlotCPTS1"
      },
      "name" : "ExampleSlotCPTS1",
      "description" : "Exemple ressource slot CPTS - une CPTS",
      "exampleCanonical" : "https://interop.esante.gouv.fr/ig/fhir/sas/StructureDefinition/sas-cpts-slot-aggregator"
    },
    {
      "extension" : [{
        "url" : "http://hl7.org/fhir/tools/StructureDefinition/resource-information",
        "valueString" : "Slot"
      }],
      "reference" : {
        "reference" : "Slot/ExampleSlotCPTS2"
      },
      "name" : "ExampleSlotCPTS2",
      "description" : "Exemple ressource slot CPTS - deux CPTS",
      "exampleCanonical" : "https://interop.esante.gouv.fr/ig/fhir/sas/StructureDefinition/sas-cpts-slot-aggregator"
    },
    {
      "extension" : [{
        "url" : "http://hl7.org/fhir/tools/StructureDefinition/resource-information",
        "valueString" : "Slot"
      }],
      "reference" : {
        "reference" : "Slot/ExampleSlotPSIndiv1"
      },
      "name" : "ExampleSlotPSIndiv1",
      "description" : "Exemple 1 ressource slot PS indiv",
      "exampleCanonical" : "https://interop.esante.gouv.fr/ig/fhir/sas/StructureDefinition/sas-slot-aggregator"
    },
    {
      "extension" : [{
        "url" : "http://hl7.org/fhir/tools/StructureDefinition/resource-information",
        "valueString" : "Slot"
      }],
      "reference" : {
        "reference" : "Slot/ExampleSlotPSIndiv2"
      },
      "name" : "ExampleSlotPSIndiv2",
      "description" : "Exemple 2 ressource slot PS indiv",
      "exampleCanonical" : "https://interop.esante.gouv.fr/ig/fhir/sas/StructureDefinition/sas-slot-aggregator"
    },
    {
      "extension" : [{
        "url" : "http://hl7.org/fhir/tools/StructureDefinition/resource-information",
        "valueString" : "Slot"
      }],
      "reference" : {
        "reference" : "Slot/ExampleSlotPSIndiv3"
      },
      "name" : "ExampleSlotPSIndiv3",
      "description" : "Exemple 3 ressource slot PS indiv",
      "exampleCanonical" : "https://interop.esante.gouv.fr/ig/fhir/sas/StructureDefinition/sas-slot-aggregator"
    },
    {
      "extension" : [{
        "url" : "http://hl7.org/fhir/tools/StructureDefinition/resource-information",
        "valueString" : "Slot"
      }],
      "reference" : {
        "reference" : "Slot/ExampleSlotPSIndiv4"
      },
      "name" : "ExampleSlotPSIndiv4",
      "description" : "Exemple 4 ressource slot PS indiv",
      "exampleCanonical" : "https://interop.esante.gouv.fr/ig/fhir/sas/StructureDefinition/sas-slot-aggregator"
    },
    {
      "extension" : [{
        "url" : "http://hl7.org/fhir/tools/StructureDefinition/resource-information",
        "valueString" : "Slot"
      }],
      "reference" : {
        "reference" : "Slot/ExampleSlotSOS1"
      },
      "name" : "ExampleSlotSOS1",
      "description" : "Exemple 1 ressource slot sos",
      "exampleCanonical" : "https://interop.esante.gouv.fr/ig/fhir/sas/StructureDefinition/sas-sos-slot-aggregator"
    },
    {
      "extension" : [{
        "url" : "http://hl7.org/fhir/tools/StructureDefinition/resource-information",
        "valueString" : "Slot"
      }],
      "reference" : {
        "reference" : "Slot/ExampleSlotSOS2"
      },
      "name" : "ExampleSlotSOS2",
      "description" : "Exemple 2 ressource slot sos",
      "exampleCanonical" : "https://interop.esante.gouv.fr/ig/fhir/sas/StructureDefinition/sas-sos-slot-aggregator"
    },
    {
      "extension" : [{
        "url" : "http://hl7.org/fhir/tools/StructureDefinition/resource-information",
        "valueString" : "Slot"
      }],
      "reference" : {
        "reference" : "Slot/ExampleSlotSOS3"
      },
      "name" : "ExampleSlotSOS3",
      "description" : "Exemple 3 ressource slot sos",
      "exampleCanonical" : "https://interop.esante.gouv.fr/ig/fhir/sas/StructureDefinition/sas-sos-slot-aggregator"
    },
    {
      "extension" : [{
        "url" : "http://hl7.org/fhir/tools/StructureDefinition/resource-information",
        "valueString" : "Slot"
      }],
      "reference" : {
        "reference" : "Slot/ExampleSlotSOS4"
      },
      "name" : "ExampleSlotSOS4",
      "description" : "Exemple 4 ressource slot sos",
      "exampleCanonical" : "https://interop.esante.gouv.fr/ig/fhir/sas/StructureDefinition/sas-sos-slot-aggregator"
    },
    {
      "extension" : [{
        "url" : "http://hl7.org/fhir/tools/StructureDefinition/resource-information",
        "valueString" : "StructureDefinition:resource"
      }],
      "reference" : {
        "reference" : "StructureDefinition/sas-appointment"
      },
      "name" : "FrAppointmentSAS",
      "description" : "Profil de Appointment, dérivé de FrAppointment, pour le cas d'usage prise de RDV de la plateforme SAS [Commun cas d'usage PS Indiv et CPTS]",
      "exampleBoolean" : false
    },
    {
      "extension" : [{
        "url" : "http://hl7.org/fhir/tools/StructureDefinition/resource-information",
        "valueString" : "StructureDefinition:resource"
      }],
      "reference" : {
        "reference" : "StructureDefinition/sas-sos-appointment"
      },
      "name" : "FrAppointmentSASSOS",
      "description" : "Profil de Slot, dérivé de FrSlot, pour le service d'agrégation de créneaux de la plateforme SAS [cas d'usage SOS Médecins]",
      "exampleBoolean" : false
    },
    {
      "extension" : [{
        "url" : "http://hl7.org/fhir/tools/StructureDefinition/resource-information",
        "valueString" : "StructureDefinition:resource"
      }],
      "reference" : {
        "reference" : "StructureDefinition/sas-cpts-healthcareservice-aggregator"
      },
      "name" : "FrHealthcareServiceAgregateurCPTS",
      "description" : "Profil dérivé de FrHealthcareService pour le cas d'usage agrégateur de la plateforme SAS [Cas d'usage CPTS]",
      "exampleBoolean" : false
    },
    {
      "extension" : [{
        "url" : "http://hl7.org/fhir/tools/StructureDefinition/resource-information",
        "valueString" : "StructureDefinition:resource"
      }],
      "reference" : {
        "reference" : "StructureDefinition/sas-location-aggregator"
      },
      "name" : "FrLocationAgregateur",
      "description" : "Profil de Location, dérivé de FrLocation, pour le service d'agrégation de créneaux de la plateforme SAS [Commun cas d'usage PS Indiv et CPTS]",
      "exampleBoolean" : false
    },
    {
      "extension" : [{
        "url" : "http://hl7.org/fhir/tools/StructureDefinition/resource-information",
        "valueString" : "StructureDefinition:resource"
      }],
      "reference" : {
        "reference" : "StructureDefinition/sas-sos-location-aggregator"
      },
      "name" : "FrLocationAgregateurSOS",
      "description" : "Profil de Location, dérivé de FrLocation, pour le service d'agrégation de créneaux de la plateforme SAS [cas d'usage SOS Médecins]",
      "exampleBoolean" : false
    },
    {
      "extension" : [{
        "url" : "http://hl7.org/fhir/tools/StructureDefinition/resource-information",
        "valueString" : "StructureDefinition:resource"
      }],
      "reference" : {
        "reference" : "StructureDefinition/sas-cpts-organization-aggregator"
      },
      "name" : "FrOrganizationAgregateurCPTS",
      "description" : "Profil dérivé de FrOrganization pour le cas d'usage agrégateur de la plateforme SAS [cas d'usage CPTS]",
      "exampleBoolean" : false
    },
    {
      "extension" : [{
        "url" : "http://hl7.org/fhir/tools/StructureDefinition/resource-information",
        "valueString" : "StructureDefinition:resource"
      }],
      "reference" : {
        "reference" : "StructureDefinition/sas-sos-organization-aggregator"
      },
      "name" : "FrOrganizationAgregateurSOS",
      "description" : "Profil d'Organization, dérivé de FrOrganization, pour le service d'agrégation de créneaux de la plateforme SAS [cas d'usage SOS Médecins]",
      "exampleBoolean" : false
    },
    {
      "extension" : [{
        "url" : "http://hl7.org/fhir/tools/StructureDefinition/resource-information",
        "valueString" : "StructureDefinition:resource"
      }],
      "reference" : {
        "reference" : "StructureDefinition/sas-practitioner-aggregator"
      },
      "name" : "FrPractitionerAgregateur",
      "description" : "Profil de Practitioner, dérivé de FrPractitioner, pour le service d'agrégation de créneaux de la plateforme SAS [Commun cas d'usage PS Indiv et CPTS]",
      "exampleBoolean" : false
    },
    {
      "extension" : [{
        "url" : "http://hl7.org/fhir/tools/StructureDefinition/resource-information",
        "valueString" : "StructureDefinition:resource"
      }],
      "reference" : {
        "reference" : "StructureDefinition/sas-practitioner-aggregator-regul"
      },
      "name" : "FrPractitionerRegul",
      "description" : "Profil de Practitioner, dérivé de FrPractitioner, pour la gestion des comptes régulateurs de la plateforme SAS [Commun cas d'usage PS Indiv et CPTS]",
      "exampleBoolean" : false
    },
    {
      "extension" : [{
        "url" : "http://hl7.org/fhir/tools/StructureDefinition/resource-information",
        "valueString" : "StructureDefinition:resource"
      }],
      "reference" : {
        "reference" : "StructureDefinition/sas-practitioner-role-exercice-aggregator"
      },
      "name" : "FrPractitionerRoleExerciceAgregateur",
      "description" : "Profil de PractitionerRole, dérivé de FrPractitionerRoleExercice, pour le service d'agrégation de créneaux de la plateforme SAS [Commun cas d'usage PS Indiv et CPTS]",
      "exampleBoolean" : false
    },
    {
      "extension" : [{
        "url" : "http://hl7.org/fhir/tools/StructureDefinition/resource-information",
        "valueString" : "StructureDefinition:resource"
      }],
      "reference" : {
        "reference" : "StructureDefinition/sas-schedule-aggregator"
      },
      "name" : "FrScheduleAgregateur",
      "description" : "Profil de Schedule, dérivé de FrSchedule, pour le service d'agrégation de créneaux de la plateforme SAS [Commun cas d'usage PS Indiv et CPTS]",
      "exampleBoolean" : false
    },
    {
      "extension" : [{
        "url" : "http://hl7.org/fhir/tools/StructureDefinition/resource-information",
        "valueString" : "StructureDefinition:resource"
      }],
      "reference" : {
        "reference" : "StructureDefinition/sas-sos-schedule-aggregator"
      },
      "name" : "FrScheduleAgregateurSOS",
      "description" : "Profil de Schedule, dérivé de FrSchedule, pour le service d'agrégation de créneaux de la plateforme SAS [cas d'usage SOS Médecins]",
      "exampleBoolean" : false
    },
    {
      "extension" : [{
        "url" : "http://hl7.org/fhir/tools/StructureDefinition/resource-information",
        "valueString" : "StructureDefinition:resource"
      }],
      "reference" : {
        "reference" : "StructureDefinition/sas-slot-aggregator"
      },
      "name" : "FrSlotAgregateur",
      "description" : "Profil de Slot, dérivé de FrSlot, pour le service d'agrégation de créneaux de la plateforme SAS [Commun cas d'usage PS Indiv et CPTS]",
      "exampleBoolean" : false
    },
    {
      "extension" : [{
        "url" : "http://hl7.org/fhir/tools/StructureDefinition/resource-information",
        "valueString" : "StructureDefinition:resource"
      }],
      "reference" : {
        "reference" : "StructureDefinition/sas-cpts-slot-aggregator"
      },
      "name" : "FrSlotAgregateurCPTS",
      "description" : "Profil de Slot, dérivé de FrSlot, pour le cas d'usage agrégateur de la plateforme SAS [cas d'usage CPTS]",
      "exampleBoolean" : false
    },
    {
      "extension" : [{
        "url" : "http://hl7.org/fhir/tools/StructureDefinition/resource-information",
        "valueString" : "StructureDefinition:resource"
      }],
      "reference" : {
        "reference" : "StructureDefinition/sas-sos-slot-aggregator"
      },
      "name" : "FrSlotAgregateurSOS",
      "description" : "Profil de Slot, dérivé de FrSlot, pour le service d'agrégation de créneaux de la plateforme SAS [cas d'usage SOS Médecins]",
      "exampleBoolean" : false
    },
    {
      "extension" : [{
        "url" : "http://hl7.org/fhir/tools/StructureDefinition/resource-information",
        "valueString" : "CapabilityStatement"
      }],
      "reference" : {
        "reference" : "CapabilityStatement/SAS-Consommateur-psindiv"
      },
      "name" : "Profil SAS consommateur de créneaux",
      "description" : "Un consommateur consulte les créneaux ps indiv mis à disposition par un gestionnaire d’agenda. La platefome numérique SAS joue le rôle de consommateur et affiche les créneaux récupérés",
      "exampleBoolean" : false
    },
    {
      "extension" : [{
        "url" : "http://hl7.org/fhir/tools/StructureDefinition/resource-information",
        "valueString" : "CapabilityStatement"
      }],
      "reference" : {
        "reference" : "CapabilityStatement/SAS-Consommateur-CPTS"
      },
      "name" : "Profil SAS consommateur de créneaux CPTS",
      "description" : "Un consommateur consulte les créneaux CPTS mis à disposition par un gestionnaire d’agenda. La platefome numérique SAS joue le rôle de consommateur et affiche les créneaux récupérés",
      "exampleBoolean" : false
    },
    {
      "extension" : [{
        "url" : "http://hl7.org/fhir/tools/StructureDefinition/resource-information",
        "valueString" : "CapabilityStatement"
      }],
      "reference" : {
        "reference" : "CapabilityStatement/SAS-Consommateur-SOS"
      },
      "name" : "Profil SAS consommateur de créneaux SOS",
      "description" : "Un consommateur consulte les créneaux SOS mis à disposition par un gestionnaire d’agenda. La platefome numérique SAS joue le rôle de consommateur et affiche les créneaux récupérés",
      "exampleBoolean" : false
    },
    {
      "extension" : [{
        "url" : "http://hl7.org/fhir/tools/StructureDefinition/resource-information",
        "valueString" : "CapabilityStatement"
      }],
      "reference" : {
        "reference" : "CapabilityStatement/SAS-GestionnaireAgenda-CPTS"
      },
      "name" : "Profil SAS gestionnaire d'agenda CPTS",
      "description" : "Un gestionnaire d'agenda met à disposition d'un consommateur des créneaux de disponibilité. Cas d'usage CPTS",
      "exampleBoolean" : false
    },
    {
      "extension" : [{
        "url" : "http://hl7.org/fhir/tools/StructureDefinition/resource-information",
        "valueString" : "CapabilityStatement"
      }],
      "reference" : {
        "reference" : "CapabilityStatement/SAS-GestionnaireAgenda-PsIndiv"
      },
      "name" : "Profil SAS gestionnaire d'agenda PS Indiv",
      "description" : "Un gestionnaire d'agenda met à disposition d'un consommateur des créneaux de disponibilité. Cas d'usage PS à titre individuel",
      "exampleBoolean" : false
    },
    {
      "extension" : [{
        "url" : "http://hl7.org/fhir/tools/StructureDefinition/resource-information",
        "valueString" : "CapabilityStatement"
      }],
      "reference" : {
        "reference" : "CapabilityStatement/SAS-GestionnaireAgenda-RDVpsindiv"
      },
      "name" : "Profil SAS gestionnaire d'agenda RDV ps indiv",
      "description" : "Un gestionnaire d'agenda reçoit des rendez-vous ps indiv envoyés par un déclarant de rendez-vous. La platefome numérique SAS joue le rôle de gestionnaire d'agenda et stocke les rendez-vous récupérés",
      "exampleBoolean" : false
    },
    {
      "extension" : [{
        "url" : "http://hl7.org/fhir/tools/StructureDefinition/resource-information",
        "valueString" : "CapabilityStatement"
      }],
      "reference" : {
        "reference" : "CapabilityStatement/SAS-GestionnaireAgenda-RDVSOS"
      },
      "name" : "Profil SAS gestionnaire d'agenda RDV SOS",
      "description" : "Un gestionnaire d'agenda reçoit des rendez-vous SOS envoyés par un déclarant de rendez-vous. La platefome numérique SAS joue le rôle de gestionnaire d'agenda et stocke les rendez-vous récupérés",
      "exampleBoolean" : false
    },
    {
      "extension" : [{
        "url" : "http://hl7.org/fhir/tools/StructureDefinition/resource-information",
        "valueString" : "CapabilityStatement"
      }],
      "reference" : {
        "reference" : "CapabilityStatement/SAS-GestionnaireAgenda-SOS"
      },
      "name" : "Profil SAS gestionnaire d'agenda SOS",
      "description" : "Un gestionnaire d'agenda met à disposition d'un consommateur des créneaux de disponibilité. Cas d'usage SOS médecins",
      "exampleBoolean" : false
    },
    {
      "extension" : [{
        "url" : "http://hl7.org/fhir/tools/StructureDefinition/resource-information",
        "valueString" : "CapabilityStatement"
      }],
      "reference" : {
        "reference" : "CapabilityStatement/SAS-GestionnaireStructure"
      },
      "name" : "Profil SAS gestionnaire de structure",
      "description" : "Un gestionnaire de structure gère les ressources transmises par les déclarants de ressource",
      "exampleBoolean" : false
    },
    {
      "extension" : [{
        "url" : "http://hl7.org/fhir/tools/StructureDefinition/resource-information",
        "valueString" : "StructureDefinition:extension"
      }],
      "reference" : {
        "reference" : "StructureDefinition/sas-cpts-slot-servicetype-aggregator"
      },
      "name" : "SASServiceTypeR5",
      "description" : "Extension créée afin de permettre la reference à la ressource HealthcareService. Cette extension implemente l'élément serviceType de R5 https://hl7.org/fhir/slot-definitions.html#Slot.serviceType",
      "exampleBoolean" : false
    },
    {
      "extension" : [{
        "url" : "http://hl7.org/fhir/tools/StructureDefinition/resource-information",
        "valueString" : "SearchParameter"
      }],
      "reference" : {
        "reference" : "SearchParameter/slot-sp-start"
      },
      "name" : "slot-sp-start",
      "description" : "Paramètre de recherche date de début d'un créneau (date de début supérieure ou égale à date1 et inférieure ou égale à date2)",
      "exampleBoolean" : false
    },
    {
      "extension" : [{
        "url" : "http://hl7.org/fhir/tools/StructureDefinition/resource-information",
        "valueString" : "ValueSet"
      }],
      "reference" : {
        "reference" : "ValueSet/sas-sos-valueset-participant-status"
      },
      "name" : "Statut participant SAS SOS",
      "description" : "Statut du participant RDV SAS SOS",
      "exampleBoolean" : false
    },
    {
      "extension" : [{
        "url" : "http://hl7.org/fhir/tools/StructureDefinition/resource-information",
        "valueString" : "ValueSet"
      }],
      "reference" : {
        "reference" : "ValueSet/sas-valueset-typeconsultation"
      },
      "name" : "Type consultation SAS",
      "description" : "Type de consultations SAS",
      "exampleBoolean" : false
    },
    {
      "extension" : [{
        "url" : "http://hl7.org/fhir/tools/StructureDefinition/resource-information",
        "valueString" : "ValueSet"
      }],
      "reference" : {
        "reference" : "ValueSet/sas-cpts-valueset-typecreneau"
      },
      "name" : "Type créneaux SAS CPTS",
      "description" : "Type de Créneaux SAS CPTS",
      "exampleBoolean" : false
    },
    {
      "extension" : [{
        "url" : "http://hl7.org/fhir/tools/StructureDefinition/resource-information",
        "valueString" : "ValueSet"
      }],
      "reference" : {
        "reference" : "ValueSet/sas-sos-valueset-typecreneau"
      },
      "name" : "Type créneaux SAS SOS",
      "description" : "Type de Créneaux SAS SOS",
      "exampleBoolean" : false
    },
    {
      "extension" : [{
        "url" : "http://hl7.org/fhir/tools/StructureDefinition/resource-information",
        "valueString" : "ValueSet"
      }],
      "reference" : {
        "reference" : "ValueSet/sas-valueset-typeidentifiant"
      },
      "name" : "Type identifiant SAS",
      "description" : "Type d'identifiant SAS",
      "exampleBoolean" : false
    }],
    "page" : {
      "extension" : [{
        "url" : "http://hl7.org/fhir/tools/StructureDefinition/ig-page-name",
        "valueUrl" : "toc.html"
      }],
      "nameUrl" : "toc.html",
      "title" : "Table of Contents",
      "generation" : "html",
      "page" : [{
        "extension" : [{
          "url" : "http://hl7.org/fhir/tools/StructureDefinition/ig-page-name",
          "valueUrl" : "index.html"
        }],
        "nameUrl" : "index.html",
        "title" : "Accueil",
        "generation" : "markdown"
      },
      {
        "extension" : [{
          "url" : "http://hl7.org/fhir/tools/StructureDefinition/ig-page-name",
          "valueUrl" : "specifications_fonctionnelles.html"
        }],
        "nameUrl" : "specifications_fonctionnelles.html",
        "title" : "Spécif. fonctionnelles",
        "generation" : "markdown"
      },
      {
        "extension" : [{
          "url" : "http://hl7.org/fhir/tools/StructureDefinition/ig-page-name",
          "valueUrl" : "specifications_techniques-ps-recherche_creneaux.html"
        }],
        "nameUrl" : "specifications_techniques-ps-recherche_creneaux.html",
        "title" : "PS indiv. - Recherche des créneaux",
        "generation" : "markdown"
      },
      {
        "extension" : [{
          "url" : "http://hl7.org/fhir/tools/StructureDefinition/ig-page-name",
          "valueUrl" : "specifications_techniques-ps-gestion_regulateur.html"
        }],
        "nameUrl" : "specifications_techniques-ps-gestion_regulateur.html",
        "title" : "PS indiv. - Gestion des comptes régulateurs",
        "generation" : "markdown"
      },
      {
        "extension" : [{
          "url" : "http://hl7.org/fhir/tools/StructureDefinition/ig-page-name",
          "valueUrl" : "specifications_techniques-ps-gestion_rdv.html"
        }],
        "nameUrl" : "specifications_techniques-ps-gestion_rdv.html",
        "title" : "PS indiv. - Gestion de rendez-vous",
        "generation" : "markdown"
      },
      {
        "extension" : [{
          "url" : "http://hl7.org/fhir/tools/StructureDefinition/ig-page-name",
          "valueUrl" : "specifications_techniques-cpts-recherche_creneaux.html"
        }],
        "nameUrl" : "specifications_techniques-cpts-recherche_creneaux.html",
        "title" : "CPTS - Recherche des créneaux",
        "generation" : "markdown"
      },
      {
        "extension" : [{
          "url" : "http://hl7.org/fhir/tools/StructureDefinition/ig-page-name",
          "valueUrl" : "specifications_techniques-cpts-gestion_regulateur.html"
        }],
        "nameUrl" : "specifications_techniques-cpts-gestion_regulateur.html",
        "title" : "CPTS - Gestion des comptes régulateurs",
        "generation" : "markdown"
      },
      {
        "extension" : [{
          "url" : "http://hl7.org/fhir/tools/StructureDefinition/ig-page-name",
          "valueUrl" : "specifications_techniques-cpts-gestion_rdv.html"
        }],
        "nameUrl" : "specifications_techniques-cpts-gestion_rdv.html",
        "title" : "CPTS - Gestion de rendez-vous",
        "generation" : "markdown"
      },
      {
        "extension" : [{
          "url" : "http://hl7.org/fhir/tools/StructureDefinition/ig-page-name",
          "valueUrl" : "specifications_techniques-sos-recherche_creneaux.html"
        }],
        "nameUrl" : "specifications_techniques-sos-recherche_creneaux.html",
        "title" : "SOS Médecins - Recherche des créneaux",
        "generation" : "markdown"
      },
      {
        "extension" : [{
          "url" : "http://hl7.org/fhir/tools/StructureDefinition/ig-page-name",
          "valueUrl" : "specifications_techniques-sos-gestion_regulateur.html"
        }],
        "nameUrl" : "specifications_techniques-sos-gestion_regulateur.html",
        "title" : "SOS Médecins - Gestion des comptes régulateurs",
        "generation" : "markdown"
      },
      {
        "extension" : [{
          "url" : "http://hl7.org/fhir/tools/StructureDefinition/ig-page-name",
          "valueUrl" : "specifications_techniques-sos-gestion_rdv.html"
        }],
        "nameUrl" : "specifications_techniques-sos-gestion_rdv.html",
        "title" : "SOS Médecins - Gestion de rendez-vous",
        "generation" : "markdown"
      },
      {
        "extension" : [{
          "url" : "http://hl7.org/fhir/tools/StructureDefinition/ig-page-name",
          "valueUrl" : "ressources_casusage.html"
        }],
        "nameUrl" : "ressources_casusage.html",
        "title" : "Ressources par cas d'usage",
        "generation" : "markdown"
      },
      {
        "extension" : [{
          "url" : "http://hl7.org/fhir/tools/StructureDefinition/ig-page-name",
          "valueUrl" : "autres_ressources.html"
        }],
        "nameUrl" : "autres_ressources.html",
        "title" : "Autres Ressources",
        "generation" : "markdown",
        "page" : [{
          "extension" : [{
            "url" : "http://hl7.org/fhir/tools/StructureDefinition/ig-page-name",
            "valueUrl" : "securite.html"
          }],
          "nameUrl" : "securite.html",
          "title" : "Sécurité",
          "generation" : "markdown"
        },
        {
          "extension" : [{
            "url" : "http://hl7.org/fhir/tools/StructureDefinition/ig-page-name",
            "valueUrl" : "faq.html"
          }],
          "nameUrl" : "faq.html",
          "title" : "FAQ",
          "generation" : "markdown"
        },
        {
          "extension" : [{
            "url" : "http://hl7.org/fhir/tools/StructureDefinition/ig-page-name",
            "valueUrl" : "annexes.html"
          }],
          "nameUrl" : "annexes.html",
          "title" : "Annexes",
          "generation" : "markdown"
        },
        {
          "extension" : [{
            "url" : "http://hl7.org/fhir/tools/StructureDefinition/ig-page-name",
            "valueUrl" : "downloads.html"
          }],
          "nameUrl" : "downloads.html",
          "title" : "Téléchargements et usages",
          "generation" : "markdown"
        }]
      }]
    },
    "parameter" : [{
      "code" : "path-resource",
      "value" : "input/capabilities"
    },
    {
      "code" : "path-resource",
      "value" : "input/examples"
    },
    {
      "code" : "path-resource",
      "value" : "input/extensions"
    },
    {
      "code" : "path-resource",
      "value" : "input/models"
    },
    {
      "code" : "path-resource",
      "value" : "input/operations"
    },
    {
      "code" : "path-resource",
      "value" : "input/profiles"
    },
    {
      "code" : "path-resource",
      "value" : "input/resources"
    },
    {
      "code" : "path-resource",
      "value" : "input/vocabulary"
    },
    {
      "code" : "path-resource",
      "value" : "input/maps"
    },
    {
      "code" : "path-resource",
      "value" : "input/testing"
    },
    {
      "code" : "path-resource",
      "value" : "input/history"
    },
    {
      "code" : "path-resource",
      "value" : "fsh-generated/resources"
    },
    {
      "code" : "path-pages",
      "value" : "template/config"
    },
    {
      "code" : "path-pages",
      "value" : "input/images"
    },
    {
      "code" : "path-tx-cache",
      "value" : "input-cache/txcache"
    }]
  }
}