{
  "resourceType" : "StructureDefinition",
  "id" : "9a24668a-db70-45a3-8275-d5212c96d751-20",
  "url" : "http://hl7.org/fhir/comparison/StructureDefinition/9a24668a-db70-45a3-8275-d5212c96d751-20",
  "name" : "UnionFrHumanNameAndFrHumanName",
  "title" : "Union of null And null",
  "status" : "active",
  "date" : "2024-09-05T14:43:21+00:00",
  "snapshot" : {
    "element" : [{
      "path" : "HumanName",
      "short" : "Name of a human - parts and usage",
      "definition" : "A human's name with the ability to identify parts and usage.",
      "comment" : "Names may be changed, or repudiated, or people may have different names in different contexts. Names may be divided into parts of different type that have variable significance depending on context, though the division into parts does not always matter. With personal names, the different parts might or might not be imbued with some implicit meaning; various cultures associate different importance with the name parts and the degree to which systems must care about name parts around the world varies widely.",
      "min" : 0,
      "max" : "*",
      "constraint" : [{
        "extension" : [{
          "url" : "http://hl7.org/fhir/4.0/StructureDefinition/extension-ElementDefinition.constraint.xpath",
          "valueString" : "@value|f:*|h:div"
        }],
        "key" : "ele-1",
        "severity" : "error",
        "human" : "All FHIR elements must have a @value or children",
        "expression" : "hasValue() or (children().count() > id.count())",
        "source" : "http://hl7.org/fhir/StructureDefinition/Element"
      }],
      "mustSupport" : false,
      "isModifier" : false,
      "isSummary" : false,
      "mapping" : [{
        "identity" : "rim",
        "map" : "n/a"
      },
      {
        "identity" : "v2",
        "map" : "XPN"
      },
      {
        "identity" : "rim",
        "map" : "EN (actually, PN)"
      },
      {
        "identity" : "servd",
        "map" : "ProviderName"
      }]
    },
    {
      "path" : "HumanName.id",
      "representation" : ["xmlAttr"],
      "short" : "Unique id for inter-element referencing",
      "definition" : "Unique id for the element within a resource (for internal references). This may be any string value that does not contain spaces.",
      "min" : 0,
      "max" : "1",
      "type" : [{
        "extension" : [{
          "url" : "http://hl7.org/fhir/StructureDefinition/structuredefinition-fhir-type",
          "valueUrl" : "string"
        }],
        "code" : "http://hl7.org/fhirpath/System.String"
      }],
      "mustSupport" : false,
      "isModifier" : false,
      "isSummary" : false,
      "mapping" : [{
        "identity" : "rim",
        "map" : "n/a"
      }]
    },
    {
      "path" : "HumanName.extension",
      "short" : "Additional content defined by implementations",
      "definition" : "May be used to represent additional information that is not part of the basic definition of the element. To make the use of extensions safe and manageable, there is a strict set of governance  applied to the definition and use of extensions. Though any implementer can define an extension, there is a set of requirements that SHALL be met as part of the definition of the extension.",
      "comment" : "There can be no stigma associated with the use of extensions by any application, project, or standard - regardless of the institution or jurisdiction that uses or defines the extensions.  The use of extensions is what allows the FHIR specification to retain a core level of simplicity for everyone.",
      "alias" : ["extensions",
      "user content"],
      "min" : 0,
      "max" : "*",
      "type" : [{
        "code" : "Extension"
      }],
      "constraint" : [{
        "extension" : [{
          "url" : "http://hl7.org/fhir/4.0/StructureDefinition/extension-ElementDefinition.constraint.xpath",
          "valueString" : "@value|f:*|h:div"
        }],
        "key" : "ele-1",
        "severity" : "error",
        "human" : "All FHIR elements must have a @value or children",
        "expression" : "hasValue() or (children().count() > id.count())",
        "source" : "http://hl7.org/fhir/StructureDefinition/Element"
      },
      {
        "extension" : [{
          "url" : "http://hl7.org/fhir/4.0/StructureDefinition/extension-ElementDefinition.constraint.xpath",
          "valueString" : "exists(f:extension)!=exists(f:*[starts-with(local-name(.), 'value')])"
        }],
        "key" : "ext-1",
        "severity" : "error",
        "human" : "Must have either extensions or value[x], not both",
        "expression" : "extension.exists() != value.exists()",
        "source" : "http://hl7.org/fhir/StructureDefinition/DomainResource"
      }],
      "mustSupport" : false,
      "isModifier" : false,
      "isSummary" : false,
      "mapping" : [{
        "identity" : "rim",
        "map" : "n/a"
      },
      {
        "identity" : "rim",
        "map" : "N/A"
      }]
    },
    {
      "path" : "HumanName.use",
      "short" : "usual | official | temp | nickname | anonymous | old | maiden",
      "definition" : "Identifies the purpose for this name.",
      "comment" : "Applications can assume that a name is current unless it explicitly says that it is temporary or old.",
      "requirements" : "Allows the appropriate name for a particular context of use to be selected from among a set of names.",
      "min" : 0,
      "max" : "1",
      "type" : [{
        "code" : "code"
      }],
      "constraint" : [{
        "extension" : [{
          "url" : "http://hl7.org/fhir/4.0/StructureDefinition/extension-ElementDefinition.constraint.xpath",
          "valueString" : "@value|f:*|h:div"
        }],
        "key" : "ele-1",
        "severity" : "error",
        "human" : "All FHIR elements must have a @value or children",
        "expression" : "hasValue() or (children().count() > id.count())",
        "source" : "http://hl7.org/fhir/StructureDefinition/Element"
      }],
      "mustSupport" : false,
      "isModifier" : true,
      "isSummary" : true,
      "binding" : {
        "strength" : "required",
        "description" : "The use of a human name.",
        "valueSet" : "http://hl7.org/fhir/ValueSet/name-use"
      },
      "mapping" : [{
        "identity" : "rim",
        "map" : "n/a"
      },
      {
        "identity" : "v2",
        "map" : "XPN.7, but often indicated by which field contains the name"
      },
      {
        "identity" : "rim",
        "map" : "unique(./use)"
      },
      {
        "identity" : "servd",
        "map" : "./NamePurpose"
      }]
    },
    {
      "path" : "HumanName.text",
      "short" : "Text representation of the full name",
      "definition" : "Specifies the entire name as it should be displayed e.g. on an application UI. This may be provided instead of or as well as the specific parts.",
      "comment" : "Can provide both a text representation and parts. Applications updating a name SHALL ensure that when both text and parts are present,  no content is included in the text that isn't found in a part.",
      "requirements" : "A renderable, unencoded form.",
      "min" : 0,
      "max" : "1",
      "type" : [{
        "code" : "string"
      }],
      "constraint" : [{
        "extension" : [{
          "url" : "http://hl7.org/fhir/4.0/StructureDefinition/extension-ElementDefinition.constraint.xpath",
          "valueString" : "@value|f:*|h:div"
        }],
        "key" : "ele-1",
        "severity" : "error",
        "human" : "All FHIR elements must have a @value or children",
        "expression" : "hasValue() or (children().count() > id.count())",
        "source" : "http://hl7.org/fhir/StructureDefinition/Element"
      }],
      "mustSupport" : false,
      "isModifier" : false,
      "isSummary" : true,
      "mapping" : [{
        "identity" : "rim",
        "map" : "n/a"
      },
      {
        "identity" : "v2",
        "map" : "implied by XPN.11"
      },
      {
        "identity" : "rim",
        "map" : "./formatted"
      }]
    },
    {
      "path" : "HumanName.family",
      "short" : "Family name (often called 'Surname')",
      "definition" : "The part of a name that links to the genealogy. In some cultures (e.g. Eritrea) the family name of a son is the first name of his father.",
      "comment" : "Family Name may be decomposed into specific parts using extensions (de, nl, es related cultures).",
      "alias" : ["surname"],
      "min" : 0,
      "max" : "1",
      "type" : [{
        "code" : "string"
      }],
      "constraint" : [{
        "extension" : [{
          "url" : "http://hl7.org/fhir/4.0/StructureDefinition/extension-ElementDefinition.constraint.xpath",
          "valueString" : "@value|f:*|h:div"
        }],
        "key" : "ele-1",
        "severity" : "error",
        "human" : "All FHIR elements must have a @value or children",
        "expression" : "hasValue() or (children().count() > id.count())",
        "source" : "http://hl7.org/fhir/StructureDefinition/Element"
      }],
      "mustSupport" : false,
      "isModifier" : false,
      "isSummary" : true,
      "mapping" : [{
        "identity" : "rim",
        "map" : "n/a"
      },
      {
        "identity" : "v2",
        "map" : "XPN.1/FN.1"
      },
      {
        "identity" : "rim",
        "map" : "./part[partType = FAM]"
      },
      {
        "identity" : "servd",
        "map" : "./FamilyName"
      }]
    },
    {
      "path" : "HumanName.given",
      "short" : "Given names (not always 'first'). Includes middle names",
      "definition" : "Given name.",
      "comment" : "If only initials are recorded, they may be used in place of the full name parts. Initials may be separated into multiple given names but often aren't due to paractical limitations.  This element is not called \"first name\" since given names do not always come first.",
      "alias" : ["first name",
      "middle name"],
      "min" : 0,
      "max" : "*",
      "type" : [{
        "code" : "string"
      }],
      "constraint" : [{
        "extension" : [{
          "url" : "http://hl7.org/fhir/4.0/StructureDefinition/extension-ElementDefinition.constraint.xpath",
          "valueString" : "@value|f:*|h:div"
        }],
        "key" : "ele-1",
        "severity" : "error",
        "human" : "All FHIR elements must have a @value or children",
        "expression" : "hasValue() or (children().count() > id.count())",
        "source" : "http://hl7.org/fhir/StructureDefinition/Element"
      }],
      "mustSupport" : false,
      "isModifier" : false,
      "isSummary" : true,
      "mapping" : [{
        "identity" : "rim",
        "map" : "n/a"
      },
      {
        "identity" : "v2",
        "map" : "XPN.2 + XPN.3"
      },
      {
        "identity" : "rim",
        "map" : "./part[partType = GIV]"
      },
      {
        "identity" : "servd",
        "map" : "./GivenNames"
      }]
    },
    {
      "path" : "HumanName.prefix",
      "short" : "Parts that come before the name",
      "definition" : "Part of the name that is acquired as a title due to academic, legal, employment or nobility status, etc. and that appears at the start of the name.",
      "comment" : "Note that FHIR strings SHALL NOT exceed 1MB in size",
      "min" : 0,
      "max" : "1",
      "type" : [{
        "code" : "string"
      }],
      "constraint" : [{
        "extension" : [{
          "url" : "http://hl7.org/fhir/4.0/StructureDefinition/extension-ElementDefinition.constraint.xpath",
          "valueString" : "@value|f:*|h:div"
        }],
        "key" : "ele-1",
        "severity" : "error",
        "human" : "All FHIR elements must have a @value or children",
        "expression" : "hasValue() or (children().count() > id.count())",
        "source" : "http://hl7.org/fhir/StructureDefinition/Element"
      }],
      "mustSupport" : false,
      "isModifier" : false,
      "isSummary" : true,
      "binding" : {
        "strength" : "extensible",
        "description" : "Civilités des personnes physiques du RASS",
        "valueSet" : "https://mos.esante.gouv.fr/NOS/JDV_J78-Civilite-RASS/FHIR/JDV-J78-Civilite-RASS"
      },
      "mapping" : [{
        "identity" : "rim",
        "map" : "n/a"
      },
      {
        "identity" : "v2",
        "map" : "XPN.5"
      },
      {
        "identity" : "rim",
        "map" : "./part[partType = PFX]"
      },
      {
        "identity" : "servd",
        "map" : "./TitleCode"
      }]
    },
    {
      "path" : "HumanName.suffix",
      "short" : "jeu de valeurs pour spécifier le titre de la personne",
      "definition" : "Part of the name that is acquired as a title due to academic, legal, employment or nobility status, etc. and that appears at the end of the name.",
      "comment" : "Note that FHIR strings SHALL NOT exceed 1MB in size",
      "min" : 0,
      "max" : "*",
      "type" : [{
        "code" : "string"
      }],
      "constraint" : [{
        "extension" : [{
          "url" : "http://hl7.org/fhir/4.0/StructureDefinition/extension-ElementDefinition.constraint.xpath",
          "valueString" : "@value|f:*|h:div"
        }],
        "key" : "ele-1",
        "severity" : "error",
        "human" : "All FHIR elements must have a @value or children",
        "expression" : "hasValue() or (children().count() > id.count())",
        "source" : "http://hl7.org/fhir/StructureDefinition/Element"
      }],
      "mustSupport" : false,
      "isModifier" : false,
      "isSummary" : true,
      "binding" : {
        "strength" : "extensible",
        "description" : "Civilités d'exercice d'un professionnel du RASS",
        "valueSet" : "https://mos.esante.gouv.fr/NOS/JDV_J79-CiviliteExercice-RASS/FHIR/JDV-J79-CiviliteExercice-RASS"
      },
      "mapping" : [{
        "identity" : "rim",
        "map" : "n/a"
      },
      {
        "identity" : "v2",
        "map" : "XPN/4"
      },
      {
        "identity" : "rim",
        "map" : "./part[partType = SFX]"
      }]
    },
    {
      "path" : "HumanName.period",
      "short" : "Time period when name was/is in use",
      "definition" : "Indicates the period of time when this name was valid for the named person.",
      "comment" : "A Period specifies a range of time; the context of use will specify whether the entire range applies (e.g. \"the patient was an inpatient of the hospital for this time range\") or one value from the range applies (e.g. \"give to the patient between these two times\").\n\nPeriod is not used for a duration (a measure of elapsed time). See [Duration].",
      "requirements" : "Allows names to be placed in historical context.",
      "min" : 0,
      "max" : "1",
      "type" : [{
        "code" : "Period"
      }],
      "constraint" : [{
        "extension" : [{
          "url" : "http://hl7.org/fhir/4.0/StructureDefinition/extension-ElementDefinition.constraint.xpath",
          "valueString" : "@value|f:*|h:div"
        }],
        "key" : "ele-1",
        "severity" : "error",
        "human" : "All FHIR elements must have a @value or children",
        "expression" : "hasValue() or (children().count() > id.count())",
        "source" : "http://hl7.org/fhir/StructureDefinition/Element"
      },
      {
        "extension" : [{
          "url" : "http://hl7.org/fhir/4.0/StructureDefinition/extension-ElementDefinition.constraint.xpath",
          "valueString" : "not(exists(f:start/@value)) or not(exists(f:end/@value)) or (xs:dateTime(f:start/@value) <= xs:dateTime(f:end/@value))"
        }],
        "key" : "per-1",
        "severity" : "error",
        "human" : "If present, start SHALL have a lower value than end",
        "expression" : "start.hasValue().not() or end.hasValue().not() or (start <= end)",
        "source" : "http://hl7.org/fhir/StructureDefinition/Practitioner"
      }],
      "mustSupport" : false,
      "isModifier" : false,
      "isSummary" : true,
      "mapping" : [{
        "identity" : "rim",
        "map" : "n/a"
      },
      {
        "identity" : "v2",
        "map" : "DR"
      },
      {
        "identity" : "rim",
        "map" : "IVL<TS>[lowClosed=\"true\" and highClosed=\"true\"] or URG<TS>[lowClosed=\"true\" and highClosed=\"true\"]"
      },
      {
        "identity" : "v2",
        "map" : "XPN.13 + XPN.14"
      },
      {
        "identity" : "rim",
        "map" : "./usablePeriod[type=\"IVL<TS>\"]"
      },
      {
        "identity" : "servd",
        "map" : "./StartDate and ./EndDate"
      }]
    }]
  }
}