<?xml version="1.0" encoding="UTF-8"?>

<ValueSet xmlns="http://hl7.org/fhir">
  <id value="sas-valueset-categorieetablissement"/>
  <text>
    <status value="extensions"/><div xmlns="http://www.w3.org/1999/xhtml"><p class="res-header-id"><b>Generated Narrative: ValueSet sas-valueset-categorieetablissement</b></p><a name="sas-valueset-categorieetablissement"> </a><a name="hcsas-valueset-categorieetablissement"> </a><a name="sas-valueset-categorieetablissement-fr-FR"> </a><ul><li>Include these codes as defined in <a href="https://interop.esante.gouv.fr/ig/nos/1.4.0/CodeSystem-TRE-R66-CategorieEtablissement.html"><code>https://mos.esante.gouv.fr/NOS/TRE_R66-CategorieEtablissement/FHIR/TRE-R66-CategorieEtablissement</code></a><table class="none"><tr><td style="white-space:nowrap"><b>Code</b></td><td><b>Display</b></td><td><b>Definition</b></td></tr><tr><td><a href="https://interop.esante.gouv.fr/ig/nos/1.4.0/CodeSystem-TRE-R66-CategorieEtablissement.html#TRE-R66-CategorieEtablissement-604">604</a></td><td>CPTS</td><td>Les Communautés Professionnelles Territoriales de Santé (CPTS) ont été créées par la loi de modernisation de notre système de santé du 26 janvier 2016 (cf. articles Article L1434-12 et Article L1434-13 du code de la Santé Publique). Leur enregistrement est régi par l'instruction DGOS/DIR/DREES/DMSI/2020/12. Les CPTS sont un espace d'organisation et de coordination entre professionnels de santé et non pas des structures de soins : elles regroupent les professionnels de santé d'un même territoire qui souhaitent s'organiser - à leur initiative - autour d'un projet de santé pour répondre aux besoins de santé de la population. Les CPTS sont constituées entre des professionnels de santé, le cas échéant de maisons de santé, de centres de santé, de réseaux de santé, d'établissements de santé, d'établissements et de services médico-sociaux, des groupements de coopération sanitaire, et des groupements de coopération sociale et médicosociale. Grâce à l'accord conventionnel interprofessionnel (ACI) intervenu en 2019, les CPTS dont le projet de santé est validé par l'ARS sont enregistrés dans FINESS et peuvent bénéficier de financement de l'assurance maladie  Ne sont enregistrés dans FINESS que l'Entité Juridique et le siège social. Les établissements et professionnels constitutif d'une CPTS ne sont pas enregistrés dans FINESS.</td></tr></table></li></ul></div>
  </text>
  <url value="https://interop.esante.gouv.fr/ig/fhir/sas/ValueSet/sas-valueset-categorieetablissement"/>
  <version value="1.1.0"/>
  <name value="CategorieEtablissementSAS"/>
  <title value="Catégorie établissement SAS"/>
  <status value="active"/>
  <date value="2025-01-27T13:22:50+00:00"/>
  <publisher value="ANS"/>
  <contact>
    <name value="ANS"/>
    <telecom>
      <system value="url"/>
      <value value="https://esante.gouv.fr"/>
    </telecom>
  </contact>
  <description value="Catégorie d'établissement utilisée dans contexte SAS - CPTS dans un premier temps"/>
  <jurisdiction>
    <coding>
      <system value="urn:iso:std:iso:3166"/>
      <code value="FR"/>
      <display value="FRANCE"/>
    </coding>
  </jurisdiction>
  <compose>
    <include>
      <system value="https://mos.esante.gouv.fr/NOS/TRE_R66-CategorieEtablissement/FHIR/TRE-R66-CategorieEtablissement"/>
      <concept>
        <code value="604"/>
        <display value="CPTS"/>
      </concept>
    </include>
  </compose>
</ValueSet>