{"resourceType":"CapabilityStatement","id":"SAS-GestionnaireAgenda-RDVpsindiv","text":{"status":"extensions","div":"<div xmlns=\"http://www.w3.org/1999/xhtml\"><p class=\"res-header-id\"><b>Generated Narrative: CapabilityStatement SAS-GestionnaireAgenda-RDVpsindiv</b></p><a name=\"SAS-GestionnaireAgenda-RDVpsindiv\"> </a><a name=\"hcSAS-GestionnaireAgenda-RDVpsindiv\"> </a><a name=\"SAS-GestionnaireAgenda-RDVpsindiv-fr-FR\"> </a><h2 id=\"title\">Profil SAS gestionnaire d'agenda RDV ps indiv</h2><ul><li>Version du guide dimplémentation : {0} </li><li>Version de FHIR : 4.0.1 </li><li>Supported Formats: <code>application/fhir+json</code></li><li>Supported Patch Formats: </li><li>Publié sur : 2024-10-01 00:00:00+0100 </li><li>Publié par : ANS </li></ul><blockquote class=\"impl-note\"><p><strong>Note aux implémenteurs : capacités FHIR</strong></p><p>Any FHIR capability may be 'allowed' by the system unless explicitly marked as 'SHALL NOT'. A few items are marked as MAY in the Implementation Guide to highlight their potential relevance to the use case.</p></blockquote><h3 id=\"shallIGs\">SHALL Support the Following Implementation Guides</h3><ul><li>https://interop.esante.gouv.fr/ig/fhir/sas</li></ul><h2 id=\"rest\">FHIR RESTful Capabilities</h2><div class=\"panel panel-default\"><div class=\"panel-heading\"><h3 id=\"mode1\" class=\"panel-title\">Mode: <code>server</code></h3></div><div class=\"panel-body\"><div><p>Réception des création et mises à jour de RDV ps indiv</p>\n</div><div class=\"lead\"><em>Security</em></div><blockquote><div><p>L’ANS propose des référentiels dédiés à la politique de sécurité (la PGSSI-S\n) et des mécanismes de sécurisation sont définis dans les volets de la couche Transport du Cadre d’Interopérabilité des systèmes\nd’information de santé (CI-SIS)</p>\n</div></blockquote><div class=\"lead\"><em>Summary of System-wide Interactions</em></div></div></div><h3 id=\"resourcesCap1\">Capabilities by Resource/Profile</h3><h4 id=\"resourcesSummary1\">Résumé</h4><p>The summary table lists the resources that are part of this configuration, and for each resource it lists:</p><ul><li>The relevant profiles (if any)</li><li>Les interactions supportées par chaque ressource (<b><span class=\"bg-info\">R</span></b>ead, <b><span class=\"bg-info\">S</span></b>earch, <b><span class=\"bg-info\">U</span></b>pdate, and <b><span class=\"bg-info\">C</span></b>reate, are always shown, while <b><span class=\"bg-info\">VR</span></b>ead, <b><span class=\"bg-info\">P</span></b>atch, <b><span class=\"bg-info\">D</span></b>elete, <b><span class=\"bg-info\">H</span></b>istory on <b><span class=\"bg-info\">I</span></b>nstance, or <b><span class=\"bg-info\">H</span></b>istory on <b><span class=\"bg-info\">T</span></b>ype are only present if at least one of the resources has support for them.</li><li><span>The required, recommended, and some optional search parameters (if any). </span></li><li>The linked resources enabled for <code>_include</code></li><li>The other resources enabled for <code>_revinclude</code></li><li>The operations on the resource (if any)</li></ul><div class=\"table-responsive\"><table class=\"table table-condensed table-hover\"><thead><tr><th><b>Type de Ressource</b></th><th><b>Profil</b></th><th class=\"text-center\"><b title=\"GET dune ressource (interaction read)\">R</b></th><th class=\"text-center\"><b title=\"GET all set of resources of the type (search interaction)\">S</b></th><th class=\"text-center\"><b title=\"PUT a new resource version (update interaction)\">U</b></th><th class=\"text-center\"><b title=\"POST dune nouvelle ressource (interaction create)\">C</b></th><th><b title=\"Paramètres de recherche requis et recommandés\">Recherches</b></th><th><code><b>_include</b></code></th><th><code><b>_revinclude</b></code></th><th><b>Opérations</b></th></tr></thead><tbody><tr><td><a href=\"#Appointment1-1\">Appointment</a></td><td>http://sas.fr/fhir/StructureDefinition/FrAppointmentSAS</td><td class=\"text-center\"></td><td class=\"text-center\"></td><td class=\"text-center\">y</td><td class=\"text-center\">y</td><td>identifier</td><td/><td/><td/></tr></tbody></table></div><hr/><div class=\"panel panel-default\"><div class=\"panel-heading\"><h4 id=\"Appointment1-1\" class=\"panel-title\"><span style=\"float: right;\">Resource Conformance: supported </span>Appointment</h4></div><div class=\"panel-body\"><div class=\"container\"><div class=\"row\"><div class=\"col-lg-6\"><span class=\"lead\">Base System Profile</span><br/><code>http://sas.fr/fhir/StructureDefinition/FrAppointmentSAS</code></div><div class=\"col-lg-3\"><span class=\"lead\">Conformité au Profil</span><br/><b>SHALL</b></div><div class=\"col-lg-3\"><span class=\"lead\">Reference Policy</span><br/></div></div><p/><div class=\"row\"><div class=\"col-lg-6\"><span class=\"lead\">Résumé des interactions</span><br/><ul><li>Supports <code>create</code>, <code>update</code>.</li></ul></div></div><p/><div class=\"row\"><div class=\"col-lg-7\"><span class=\"lead\">Paramètres de recherche</span><table class=\"table table-condensed table-hover\"><thead><tr><th>Conformité</th><th>Paramètre</th><th>Type</th><th>Documentation</th></tr></thead><tbody><tr><td><b>SHALL</b></td><td><a href=\"http://hl7.org/fhir/R4/appointment.html#search\">identifier</a></td><td><code>token</code></td><td><div><p>Identifiant du rendez-vous</p>\n</div></td></tr></tbody></table></div><div class=\"col-lg-5\">\u00a0</div></div></div></div></div></div>"},"url":"https://interop.esante.gouv.fr/ig/fhir/sas/CapabilityStatement/SAS-GestionnaireAgenda-RDVpsindiv","version":"1.1.0","name":"SAS_gestionnaireAgenda_RDVpsindiv","title":"Profil SAS gestionnaire d'agenda RDV ps indiv","status":"draft","experimental":false,"date":"2024-10-01T00:00:00+01:00","publisher":"ANS","contact":[{"name":"ANS","telecom":[{"system":"url","value":"https://esante.gouv.fr"}]}],"description":"Un gestionnaire d'agenda reçoit des rendez-vous ps indiv envoyés par un déclarant de rendez-vous. La platefome numérique SAS joue le rôle de gestionnaire d'agenda et stocke les rendez-vous récupérés","jurisdiction":[{"coding":[{"system":"urn:iso:std:iso:3166","code":"FR","display":"FRANCE"}]}],"kind":"requirements","fhirVersion":"4.0.1","format":["application/fhir+json"],"implementationGuide":["https://interop.esante.gouv.fr/ig/fhir/sas"],"rest":[{"mode":"server","documentation":"Réception des création et mises à jour de RDV ps indiv","security":{"cors":false,"description":"L’ANS propose des référentiels dédiés à la politique de sécurité (la PGSSI-S\n) et des mécanismes de sécurisation sont définis dans les volets de la couche Transport du Cadre d’Interopérabilité des systèmes\nd’information de santé (CI-SIS)"},"resource":[{"type":"Appointment","profile":"http://sas.fr/fhir/StructureDefinition/FrAppointmentSAS","interaction":[{"code":"create"},{"code":"update"}],"updateCreate":true,"conditionalUpdate":true,"searchParam":[{"name":"identifier","definition":"http://hl7.org/fhir/SearchParameter/Appointment-identifier","type":"token","documentation":"Identifiant du rendez-vous"}]}]}]}