<?xml version="1.0" encoding="UTF-8"?><SearchParameter xmlns="http://hl7.org/fhir"><id value="cptsslot-sp-servicetype"/><text><status value="generated"/><div xmlns="http://www.w3.org/1999/xhtml"><p class="res-header-id"><b>Narratif généré : ParamètreRecherche cptsslot-sp-servicetype</b></p><a name="cptsslot-sp-servicetype"> </a><a name="hccptsslot-sp-servicetype"> </a><h2>SPServiceTypeCPTS</h2><p>Paramètre <code>service-type-reference</code>:<code>reference</code></p><div><p>Paramètre de recherche sur le service type qui mime le paramètre R5. Permet de rechercher ou d'inclure la ressource reférencée HealthCare Service</p>
</div><table class="grid"><tr><td>Ressource</td><td><a href="http://hl7.org/fhir/R4/slot.html">Slot</a></td></tr><tr><td>Expression</td><td><code>serviceType.extension.where(url='http://hl7.org/fhir/5.0/StructureDefinition/extension-Slot.serviceType').value</code></td></tr><tr><td>Multiples</td><td><ul><li>multipleAnd: It's up to the server whether the parameter may repeat in order to specify multiple values that must all be true</li><li>multipleOr: It's up to the server whether the parameter can have multiple values (separated by comma) where at least one must be true</li></ul></td></tr></table></div></text><url value="https://interop.esante.gouv.fr/ig/fhir/sas/SearchParameter/cptsslot-sp-servicetype"/><version value="1.1.0"/><name value="SPServiceTypeCPTS"/><status value="active"/><date value="2025-09-04T13:30:13+00:00"/><publisher value="ANS"/><contact><name value="ANS"/><telecom><system value="url"/><value value="https://esante.gouv.fr"/></telecom></contact><description value="Paramètre de recherche sur le service type qui mime le paramètre R5. Permet de rechercher ou d'inclure la ressource reférencée HealthCare Service"/><jurisdiction><coding><system value="urn:iso:std:iso:3166"/><code value="FR"/><display value="FRANCE"/></coding></jurisdiction><code value="service-type-reference"/><base value="Slot"/><type value="reference"/><expression value="serviceType.extension.where(url='http://hl7.org/fhir/5.0/StructureDefinition/extension-Slot.serviceType').value"/></SearchParameter>