<?xml version="1.0" encoding="UTF-8"?>

<Bundle xmlns="http://hl7.org/fhir">
  <id value="c05e962c-b7d2-4372-aeb4-28f6dda0c9dd"/>
  <meta>
    <lastUpdated value="2025-08-26T14:01:51.321+00:00"/>
  </meta>
  <type value="collection"/>
  <entry>
    <fullUrl value="https://interop.esante.gouv.fr/ig/fhir/sas/ValueSet/categorie-orientation-sas-valueset"/>
    <resource>
      <ValueSet>
        <text>
          <status value="generated"/>
          <div xmlns="http://www.w3.org/1999/xhtml">
            <p class="res-header-id"/>
            <div style="border: black 1px dotted; background-color: #EEEEEE; padding: 8px; margin-bottom: 8px">
              <p>Expansion performed internally based on:</p>
              <ul>
                <li>
                  <a href="CodeSystem-categorie-orientation-sas-codesystem.html">codesystem Code système catégorie orientation SAS v1.1.0 (CodeSystem)</a>
                </li>
                <li>
                  <a href="https://interop.esante.gouv.fr/ig/nos/1.5.0/CodeSystem-TRE-R66-CategorieEtablissement.html">codesystem TRE_R66-CategorieEtablissement v1.5.0 (CodeSystem)</a>
                </li>
              </ul>
            </div>
            <p>Ce jeu de valeur (ValueSet) contient 6 concepts</p>
            <table class="codes">
              <tr>
                <td style="white-space:nowrap">
                  <b>Code</b>
                </td>
                <td>
                  <b>Système</b>
                </td>
                <td>
                  <b>Display</b>
                </td>
                <td>
                  <b>Définition</b>
                </td>
              </tr>
              <tr>
                <td style="white-space:nowrap">
                  <a name="x-https://interop.esante.gouv.fr/ig/fhir/sas/CodeSystem/categorie-orientation-sas-codesystem-PS"> </a>  
                  <a href="CodeSystem-categorie-orientation-sas-codesystem.html#categorie-orientation-sas-codesystem-PS">PS</a>
                </td>
                <td>https://interop.esante.gouv.fr/ig/fhir/sas/CodeSystem/categorie-orientation-sas-codesystem</td>
                <td>psIndividuel</td>
                <td>Catégorie PS à titre individuel</td>
              </tr>
              <tr>
                <td style="white-space:nowrap">
                  <a name="x-https://interop.esante.gouv.fr/ig/fhir/sas/CodeSystem/categorie-orientation-sas-codesystem-PDM"> </a>  
                  <a href="CodeSystem-categorie-orientation-sas-codesystem.html#categorie-orientation-sas-codesystem-PDM">PDM</a>
                </td>
                <td>https://interop.esante.gouv.fr/ig/fhir/sas/CodeSystem/categorie-orientation-sas-codesystem</td>
                <td>placeDeMarche</td>
                <td>Catégorie Place de marché</td>
              </tr>
              <tr>
                <td style="white-space:nowrap">
                  <a name="x-https://interop.esante.gouv.fr/ig/fhir/sas/CodeSystem/categorie-orientation-sas-codesystem-SOS"> </a>  
                  <a href="CodeSystem-categorie-orientation-sas-codesystem.html#categorie-orientation-sas-codesystem-SOS">SOS</a>
                </td>
                <td>https://interop.esante.gouv.fr/ig/fhir/sas/CodeSystem/categorie-orientation-sas-codesystem</td>
                <td>sos</td>
                <td>Catégorie SOS Médecins</td>
              </tr>
              <tr>
                <td style="white-space:nowrap">
                  <a name="x-https://mos.esante.gouv.fr/NOS/TRE_R66-CategorieEtablissement/FHIR/TRE-R66-CategorieEtablissement-604"> </a>  
                  <a href="https://interop.esante.gouv.fr/ig/nos/1.5.0/CodeSystem-TRE-R66-CategorieEtablissement.html#TRE-R66-CategorieEtablissement-604">604</a>
                </td>
                <td>https://mos.esante.gouv.fr/NOS/TRE_R66-CategorieEtablissement/FHIR/TRE-R66-CategorieEtablissement</td>
                <td>CPTS</td>
                <td>Les Communautés Professionnelles Territoriales de Santé (CPTS) ont été créées par la loi de modernisation de notre système de santé du 26 janvier 2016 (cf. articles Article L1434-12 et Article L1434-13 du code de la Santé Publique). Leur enregistrement est régi par l'instruction DGOS/DIR/DREES/DMSI/2020/12. Les CPTS sont un espace d'organisation et de coordination entre professionnels de santé et non pas des structures de soins : elles regroupent les professionnels de santé d'un même territoire qui souhaitent s'organiser - à leur initiative - autour d'un projet de santé pour répondre aux besoins de santé de la population. Les CPTS sont constituées entre des professionnels de santé, le cas échéant de maisons de santé, de centres de santé, de réseaux de santé, d'établissements de santé, d'établissements et de services médico-sociaux, des groupements de coopération sanitaire, et des groupements de coopération sociale et médicosociale. Grâce à l'accord conventionnel interprofessionnel (ACI) intervenu en 2019, les CPTS dont le projet de santé est validé par l'ARS sont enregistrés dans FINESS et peuvent bénéficier de financement de l'assurance maladie  Ne sont enregistrés dans FINESS que l'Entité Juridique et le siège social. Les établissements et professionnels constitutif d'une CPTS ne sont pas enregistrés dans FINESS.</td>
              </tr>
              <tr>
                <td style="white-space:nowrap">
                  <a name="x-https://mos.esante.gouv.fr/NOS/TRE_R66-CategorieEtablissement/FHIR/TRE-R66-CategorieEtablissement-603"> </a>  
                  <a href="https://interop.esante.gouv.fr/ig/nos/1.5.0/CodeSystem-TRE-R66-CategorieEtablissement.html#TRE-R66-CategorieEtablissement-603">603</a>
                </td>
                <td>https://mos.esante.gouv.fr/NOS/TRE_R66-CategorieEtablissement/FHIR/TRE-R66-CategorieEtablissement</td>
                <td>MSP</td>
                <td/>
              </tr>
              <tr>
                <td style="white-space:nowrap">
                  <a name="x-https://mos.esante.gouv.fr/NOS/TRE_R66-CategorieEtablissement/FHIR/TRE-R66-CategorieEtablissement-124"> </a>  
                  <a href="https://interop.esante.gouv.fr/ig/nos/1.5.0/CodeSystem-TRE-R66-CategorieEtablissement.html#TRE-R66-CategorieEtablissement-124">124</a>
                </td>
                <td>https://mos.esante.gouv.fr/NOS/TRE_R66-CategorieEtablissement/FHIR/TRE-R66-CategorieEtablissement</td>
                <td>CDS</td>
                <td/>
              </tr>
            </table>
          </div>
        </text>
        <url value="https://interop.esante.gouv.fr/ig/fhir/sas/ValueSet/categorie-orientation-sas-valueset"/>
        <version value="1.1.0"/>
        <name value="CategorieOrientationSASValueSet"/>
        <title value="Value set catégorie orientation SAS"/>
        <status value="active"/>
        <date value="2025-08-26T14:01:05+00:00"/>
        <jurisdiction>
          <coding>
            <system value="urn:iso:std:iso:3166"/>
            <code value="FR"/>
            <display value="FRANCE"/>
          </coding>
        </jurisdiction>
        <expansion>
          <identifier value="urn:uuid:3f3858f2-c9d4-4241-aae1-f98e0e3037f4"/>
          <timestamp value="2025-08-26T14:02:47+00:00"/>
          <total value="6"/>
          <offset value="0"/>
          <parameter>
            <name value="count"/>
            <valueInteger value="1000"/>
          </parameter>
          <parameter>
            <name value="offset"/>
            <valueInteger value="0"/>
          </parameter>
          <parameter>
            <name value="excludeNested"/>
            <valueBoolean value="false"/>
          </parameter>
          <parameter>
            <name value="warning-experimental"/>
            <valueUri value="https://interop.esante.gouv.fr/ig/fhir/sas/CodeSystem/categorie-orientation-sas-codesystem|1.1.0"/>
          </parameter>
          <parameter>
            <name value="used-codesystem"/>
            <valueUri value="https://interop.esante.gouv.fr/ig/fhir/sas/CodeSystem/categorie-orientation-sas-codesystem|1.1.0"/>
          </parameter>
          <parameter>
            <name value="used-codesystem"/>
            <valueUri value="https://mos.esante.gouv.fr/NOS/TRE_R66-CategorieEtablissement/FHIR/TRE-R66-CategorieEtablissement|1.5.0"/>
          </parameter>
          <contains>
            <system value="https://interop.esante.gouv.fr/ig/fhir/sas/CodeSystem/categorie-orientation-sas-codesystem"/>
            <code value="PS"/>
            <display value="psIndividuel"/>
          </contains>
          <contains>
            <system value="https://interop.esante.gouv.fr/ig/fhir/sas/CodeSystem/categorie-orientation-sas-codesystem"/>
            <code value="PDM"/>
            <display value="placeDeMarche"/>
          </contains>
          <contains>
            <system value="https://interop.esante.gouv.fr/ig/fhir/sas/CodeSystem/categorie-orientation-sas-codesystem"/>
            <code value="SOS"/>
            <display value="sos"/>
          </contains>
          <contains>
            <system value="https://mos.esante.gouv.fr/NOS/TRE_R66-CategorieEtablissement/FHIR/TRE-R66-CategorieEtablissement"/>
            <code value="604"/>
            <display value="CPTS"/>
          </contains>
          <contains>
            <system value="https://mos.esante.gouv.fr/NOS/TRE_R66-CategorieEtablissement/FHIR/TRE-R66-CategorieEtablissement"/>
            <code value="603"/>
            <display value="MSP"/>
          </contains>
          <contains>
            <system value="https://mos.esante.gouv.fr/NOS/TRE_R66-CategorieEtablissement/FHIR/TRE-R66-CategorieEtablissement"/>
            <code value="124"/>
            <display value="CDS"/>
          </contains>
        </expansion>
      </ValueSet>
    </resource>
  </entry>
  <entry>
    <fullUrl value="https://interop.esante.gouv.fr/ig/fhir/sas/ValueSet/sas-cpts-valueset-typecreneau"/>
    <resource>
      <ValueSet>
        <text>
          <status value="generated"/>
          <div xmlns="http://www.w3.org/1999/xhtml">
            <p class="res-header-id"/>
            <p style="border: black 1px dotted; background-color: #EEEEEE; padding: 8px; margin-bottom: 8px">Expansion performed internally based on 
              <a href="https://interop.esante.gouv.fr/ig/nos/1.5.0/CodeSystem-TRE-R314-TypeCreneau.html">codesystem TRE_R314-TypeCreneau v1.5.0 (CodeSystem)</a>
            </p>
            <p>Ce jeu de valeur (ValueSet) contient 4 concepts</p>
            <table class="codes">
              <tr>
                <td style="white-space:nowrap">
                  <b>Code</b>
                </td>
                <td>
                  <b>Système</b>
                </td>
                <td>
                  <b>Display</b>
                </td>
                <td>
                  <b>Définition</b>
                </td>
              </tr>
              <tr>
                <td style="white-space:nowrap">
                  <a name="x-https://mos.esante.gouv.fr/NOS/TRE_R314-TypeCreneau/FHIR/TRE-R314-TypeCreneau-PUBLIC"> </a>  
                  <a href="https://interop.esante.gouv.fr/ig/nos/1.5.0/CodeSystem-TRE-R314-TypeCreneau.html#TRE-R314-TypeCreneau-PUBLIC">PUBLIC</a>
                </td>
                <td>https://mos.esante.gouv.fr/NOS/TRE_R314-TypeCreneau/FHIR/TRE-R314-TypeCreneau</td>
                <td>Créneau accessible par le grand public</td>
                <td>Les créneaux ouverts au public - Créneau de soins défini par un professionnel de santé ou son délégataire dans son logiciel de prise de RDV accessible par le grand public</td>
              </tr>
              <tr>
                <td style="white-space:nowrap">
                  <a name="x-https://mos.esante.gouv.fr/NOS/TRE_R314-TypeCreneau/FHIR/TRE-R314-TypeCreneau-SNP"> </a>  
                  <a href="https://interop.esante.gouv.fr/ig/nos/1.5.0/CodeSystem-TRE-R314-TypeCreneau.html#TRE-R314-TypeCreneau-SNP">SNP</a>
                </td>
                <td>https://mos.esante.gouv.fr/NOS/TRE_R314-TypeCreneau/FHIR/TRE-R314-TypeCreneau</td>
                <td>Créneau accessible par les Régulateurs et Organisateurs de Soins Non Programmés</td>
                <td>Les créneaux ouverts aux Soins Non Programmés -Créneau de soins défini par un professionnel de santé ou son délégataire dans son logiciel de prise de RDV accessible par les Régulateurs et Organisateurs de Soins Non Programmés</td>
              </tr>
              <tr>
                <td style="white-space:nowrap">
                  <a name="x-https://mos.esante.gouv.fr/NOS/TRE_R314-TypeCreneau/FHIR/TRE-R314-TypeCreneau-PRO"> </a>  
                  <a href="https://interop.esante.gouv.fr/ig/nos/1.5.0/CodeSystem-TRE-R314-TypeCreneau.html#TRE-R314-TypeCreneau-PRO">PRO</a>
                </td>
                <td>https://mos.esante.gouv.fr/NOS/TRE_R314-TypeCreneau/FHIR/TRE-R314-TypeCreneau</td>
                <td>Créneau accessible par les professionnels de santé</td>
                <td>Les créneaux ouverts aux professionnels, dans le cadre de la prise de RDV par un tiers - Créneau de soins défini par un professionnel de santé ou son délégataire dans son logiciel de prise de RDV accessible à l'ensemble des professionnels de santé</td>
              </tr>
              <tr>
                <td style="white-space:nowrap">
                  <a name="x-https://mos.esante.gouv.fr/NOS/TRE_R314-TypeCreneau/FHIR/TRE-R314-TypeCreneau-CPTS"> </a>  
                  <a href="https://interop.esante.gouv.fr/ig/nos/1.5.0/CodeSystem-TRE-R314-TypeCreneau.html#TRE-R314-TypeCreneau-CPTS">CPTS</a>
                </td>
                <td>https://mos.esante.gouv.fr/NOS/TRE_R314-TypeCreneau/FHIR/TRE-R314-TypeCreneau</td>
                <td>Créneau accessible par les CPTS</td>
                <td>Les créneaux ouverts aux structures de type CPTS - Créneau de soins défini par un professionnel de santé ou son délégataire dans son logiciel de prise de RDV accessible par une structure de type CPTS</td>
              </tr>
            </table>
          </div>
        </text>
        <url value="https://interop.esante.gouv.fr/ig/fhir/sas/ValueSet/sas-cpts-valueset-typecreneau"/>
        <version value="1.1.0"/>
        <name value="TypeCreneauSASCPTS"/>
        <title value="Type créneaux SAS CPTS"/>
        <status value="active"/>
        <experimental value="false"/>
        <date value="2025-08-26T14:01:05+00:00"/>
        <jurisdiction>
          <coding>
            <system value="urn:iso:std:iso:3166"/>
            <code value="FR"/>
            <display value="FRANCE"/>
          </coding>
        </jurisdiction>
        <expansion>
          <identifier value="urn:uuid:fa574792-956b-43f2-bf32-779371b5cd67"/>
          <timestamp value="2025-08-26T14:02:47+00:00"/>
          <total value="4"/>
          <offset value="0"/>
          <parameter>
            <name value="count"/>
            <valueInteger value="1000"/>
          </parameter>
          <parameter>
            <name value="offset"/>
            <valueInteger value="0"/>
          </parameter>
          <parameter>
            <name value="excludeNested"/>
            <valueBoolean value="false"/>
          </parameter>
          <parameter>
            <name value="used-codesystem"/>
            <valueUri value="https://mos.esante.gouv.fr/NOS/TRE_R314-TypeCreneau/FHIR/TRE-R314-TypeCreneau|1.5.0"/>
          </parameter>
          <contains>
            <system value="https://mos.esante.gouv.fr/NOS/TRE_R314-TypeCreneau/FHIR/TRE-R314-TypeCreneau"/>
            <code value="PUBLIC"/>
            <display value="Créneau accessible par le grand public"/>
          </contains>
          <contains>
            <system value="https://mos.esante.gouv.fr/NOS/TRE_R314-TypeCreneau/FHIR/TRE-R314-TypeCreneau"/>
            <code value="SNP"/>
            <display value="Créneau accessible par les Régulateurs et Organisateurs de Soins Non Programmés"/>
          </contains>
          <contains>
            <system value="https://mos.esante.gouv.fr/NOS/TRE_R314-TypeCreneau/FHIR/TRE-R314-TypeCreneau"/>
            <code value="PRO"/>
            <display value="Créneau accessible par les professionnels de santé"/>
          </contains>
          <contains>
            <system value="https://mos.esante.gouv.fr/NOS/TRE_R314-TypeCreneau/FHIR/TRE-R314-TypeCreneau"/>
            <code value="CPTS"/>
            <display value="Créneau accessible par les CPTS"/>
          </contains>
        </expansion>
      </ValueSet>
    </resource>
  </entry>
  <entry>
    <fullUrl value="https://interop.esante.gouv.fr/ig/fhir/sas/ValueSet/sas-sos-valueset-participant-status"/>
    <resource>
      <ValueSet>
        <text>
          <status value="generated"/>
          <div xmlns="http://www.w3.org/1999/xhtml">
            <p class="res-header-id"/>
            <p style="border: black 1px dotted; background-color: #EEEEEE; padding: 8px; margin-bottom: 8px">Expansion performed internally based on 
              <a href="http://hl7.org/fhir/R4/codesystem-participationstatus.html">codesystem ParticipationStatus v4.0.1 (CodeSystem)</a>
            </p>
            <p>Ce jeu de valeur (ValueSet) contient 2 concepts</p>
            <table class="codes">
              <tr>
                <td style="white-space:nowrap">
                  <b>Code</b>
                </td>
                <td>
                  <b>Système</b>
                </td>
                <td>
                  <b>Display</b>
                </td>
                <td>
                  <b>Définition</b>
                </td>
              </tr>
              <tr>
                <td style="white-space:nowrap">
                  <a name="x-http://hl7.org/fhir/participationstatus-accepted"> </a>  
                  <a href="http://hl7.org/fhir/R4/codesystem-participationstatus.html#participationstatus-accepted">accepted</a>
                </td>
                <td>http://hl7.org/fhir/participationstatus</td>
                <td>RDV accepté par le PS effecteur de soins</td>
                <td>The participant has accepted the appointment.</td>
              </tr>
              <tr>
                <td style="white-space:nowrap">
                  <a name="x-http://hl7.org/fhir/participationstatus-needs-action"> </a>  
                  <a href="http://hl7.org/fhir/R4/codesystem-participationstatus.html#participationstatus-needs-action">needs-action</a>
                </td>
                <td>http://hl7.org/fhir/participationstatus</td>
                <td>RDV en attente de confirmation par le PS effecteur de soins</td>
                <td>The participant needs to indicate if they accept the appointment by changing this status to one of the other statuses.</td>
              </tr>
            </table>
          </div>
        </text>
        <url value="https://interop.esante.gouv.fr/ig/fhir/sas/ValueSet/sas-sos-valueset-participant-status"/>
        <version value="1.1.0"/>
        <name value="ParticipantStatusSASSOS"/>
        <title value="Statut participant SAS SOS"/>
        <status value="active"/>
        <experimental value="false"/>
        <date value="2025-08-26T14:01:05+00:00"/>
        <jurisdiction>
          <coding>
            <system value="urn:iso:std:iso:3166"/>
            <code value="FR"/>
            <display value="FRANCE"/>
          </coding>
        </jurisdiction>
        <expansion>
          <identifier value="urn:uuid:79336f41-ecdb-4e12-a56e-f9ca5d839476"/>
          <timestamp value="2025-08-26T14:02:47+00:00"/>
          <total value="2"/>
          <offset value="0"/>
          <parameter>
            <name value="count"/>
            <valueInteger value="1000"/>
          </parameter>
          <parameter>
            <name value="offset"/>
            <valueInteger value="0"/>
          </parameter>
          <parameter>
            <name value="excludeNested"/>
            <valueBoolean value="false"/>
          </parameter>
          <parameter>
            <name value="warning-draft"/>
            <valueUri value="http://hl7.org/fhir/participationstatus|4.0.1"/>
          </parameter>
          <parameter>
            <name value="used-codesystem"/>
            <valueUri value="http://hl7.org/fhir/participationstatus|4.0.1"/>
          </parameter>
          <contains>
            <system value="http://hl7.org/fhir/participationstatus"/>
            <code value="accepted"/>
            <display value="RDV accepté par le PS effecteur de soins"/>
          </contains>
          <contains>
            <system value="http://hl7.org/fhir/participationstatus"/>
            <code value="needs-action"/>
            <display value="RDV en attente de confirmation par le PS effecteur de soins"/>
          </contains>
        </expansion>
      </ValueSet>
    </resource>
  </entry>
  <entry>
    <fullUrl value="https://interop.esante.gouv.fr/ig/fhir/sas/ValueSet/sas-sos-valueset-typecreneau"/>
    <resource>
      <ValueSet>
        <text>
          <status value="generated"/>
          <div xmlns="http://www.w3.org/1999/xhtml">
            <p class="res-header-id"/>
            <p style="border: black 1px dotted; background-color: #EEEEEE; padding: 8px; margin-bottom: 8px">Expansion performed internally based on 
              <a href="https://interop.esante.gouv.fr/ig/nos/1.5.0/CodeSystem-TRE-R314-TypeCreneau.html">codesystem TRE_R314-TypeCreneau v1.5.0 (CodeSystem)</a>
            </p>
            <p>Ce jeu de valeur (ValueSet) contient 2 concepts</p>
            <table class="codes">
              <tr>
                <td style="white-space:nowrap">
                  <b>Code</b>
                </td>
                <td>
                  <b>Système</b>
                </td>
                <td>
                  <b>Display</b>
                </td>
                <td>
                  <b>Définition</b>
                </td>
              </tr>
              <tr>
                <td style="white-space:nowrap">
                  <a name="x-https://mos.esante.gouv.fr/NOS/TRE_R314-TypeCreneau/FHIR/TRE-R314-TypeCreneau-PUBLIC"> </a>  
                  <a href="https://interop.esante.gouv.fr/ig/nos/1.5.0/CodeSystem-TRE-R314-TypeCreneau.html#TRE-R314-TypeCreneau-PUBLIC">PUBLIC</a>
                </td>
                <td>https://mos.esante.gouv.fr/NOS/TRE_R314-TypeCreneau/FHIR/TRE-R314-TypeCreneau</td>
                <td>Créneau accessible par le grand public</td>
                <td>Les créneaux ouverts au public - Créneau de soins défini par un professionnel de santé ou son délégataire dans son logiciel de prise de RDV accessible par le grand public</td>
              </tr>
              <tr>
                <td style="white-space:nowrap">
                  <a name="x-https://mos.esante.gouv.fr/NOS/TRE_R314-TypeCreneau/FHIR/TRE-R314-TypeCreneau-SNP"> </a>  
                  <a href="https://interop.esante.gouv.fr/ig/nos/1.5.0/CodeSystem-TRE-R314-TypeCreneau.html#TRE-R314-TypeCreneau-SNP">SNP</a>
                </td>
                <td>https://mos.esante.gouv.fr/NOS/TRE_R314-TypeCreneau/FHIR/TRE-R314-TypeCreneau</td>
                <td>Créneau accessible par les Régulateurs et Organisateurs de Soins Non Programmés</td>
                <td>Les créneaux ouverts aux Soins Non Programmés -Créneau de soins défini par un professionnel de santé ou son délégataire dans son logiciel de prise de RDV accessible par les Régulateurs et Organisateurs de Soins Non Programmés</td>
              </tr>
            </table>
          </div>
        </text>
        <url value="https://interop.esante.gouv.fr/ig/fhir/sas/ValueSet/sas-sos-valueset-typecreneau"/>
        <version value="1.1.0"/>
        <name value="TypeCreneauSASSOS"/>
        <title value="Type créneaux SAS SOS"/>
        <status value="active"/>
        <experimental value="false"/>
        <date value="2025-08-26T14:01:05+00:00"/>
        <jurisdiction>
          <coding>
            <system value="urn:iso:std:iso:3166"/>
            <code value="FR"/>
            <display value="FRANCE"/>
          </coding>
        </jurisdiction>
        <expansion>
          <identifier value="urn:uuid:0c4da561-5ff2-459e-abe8-5f79c8d588da"/>
          <timestamp value="2025-08-26T14:02:47+00:00"/>
          <total value="2"/>
          <offset value="0"/>
          <parameter>
            <name value="count"/>
            <valueInteger value="1000"/>
          </parameter>
          <parameter>
            <name value="offset"/>
            <valueInteger value="0"/>
          </parameter>
          <parameter>
            <name value="excludeNested"/>
            <valueBoolean value="false"/>
          </parameter>
          <parameter>
            <name value="used-codesystem"/>
            <valueUri value="https://mos.esante.gouv.fr/NOS/TRE_R314-TypeCreneau/FHIR/TRE-R314-TypeCreneau|1.5.0"/>
          </parameter>
          <contains>
            <system value="https://mos.esante.gouv.fr/NOS/TRE_R314-TypeCreneau/FHIR/TRE-R314-TypeCreneau"/>
            <code value="PUBLIC"/>
            <display value="Créneau accessible par le grand public"/>
          </contains>
          <contains>
            <system value="https://mos.esante.gouv.fr/NOS/TRE_R314-TypeCreneau/FHIR/TRE-R314-TypeCreneau"/>
            <code value="SNP"/>
            <display value="Créneau accessible par les Régulateurs et Organisateurs de Soins Non Programmés"/>
          </contains>
        </expansion>
      </ValueSet>
    </resource>
  </entry>
  <entry>
    <fullUrl value="https://interop.esante.gouv.fr/ig/fhir/sas/ValueSet/sas-valueset-appointmentreason"/>
    <resource>
      <ValueSet>
        <text>
          <status value="generated"/>
          <div xmlns="http://www.w3.org/1999/xhtml">
            <p class="res-header-id"/>
            <p style="border: black 1px dotted; background-color: #EEEEEE; padding: 8px; margin-bottom: 8px">Expansion performed internally based on 
              <a href="http://terminology.hl7.org/6.5.0/CodeSystem-v2-0276.html">codesystem appointmentReason v2.0.0 (CodeSystem)</a>
            </p>
            <p>Ce jeu de valeur (ValueSet) contient 2 concepts</p>
            <table class="codes">
              <tr>
                <td style="white-space:nowrap">
                  <b>Code</b>
                </td>
                <td>
                  <b>Système</b>
                </td>
                <td>
                  <b>Display</b>
                </td>
                <td>
                  <b>Définition</b>
                </td>
              </tr>
              <tr>
                <td style="white-space:nowrap">
                  <a name="x-http://terminology.hl7.org/CodeSystem/v2-0276-ROUTINE"> </a>  
                  <a href="http://terminology.hl7.org/6.5.0/CodeSystem-v2-0276.html#v2-0276-ROUTINE">ROUTINE</a>
                </td>
                <td>http://terminology.hl7.org/CodeSystem/v2-0276</td>
                <td>Créneau avec prise de RDV possible</td>
                <td>Routine appointment - default if not valued</td>
              </tr>
              <tr>
                <td style="white-space:nowrap">
                  <a name="x-http://terminology.hl7.org/CodeSystem/v2-0276-WALKIN"> </a>  
                  <a href="http://terminology.hl7.org/6.5.0/CodeSystem-v2-0276.html#v2-0276-WALKIN">WALKIN</a>
                </td>
                <td>http://terminology.hl7.org/CodeSystem/v2-0276</td>
                <td>Créneau sans prise de RDV possible à domicile</td>
                <td>A previously unscheduled walk-in visit</td>
              </tr>
            </table>
          </div>
        </text>
        <url value="https://interop.esante.gouv.fr/ig/fhir/sas/ValueSet/sas-valueset-appointmentreason"/>
        <version value="1.1.0"/>
        <name value="AppointmentReasonSAS"/>
        <title value="Appointment reason SAS"/>
        <status value="active"/>
        <experimental value="false"/>
        <date value="2025-08-26T14:01:05+00:00"/>
        <jurisdiction>
          <coding>
            <system value="urn:iso:std:iso:3166"/>
            <code value="FR"/>
            <display value="FRANCE"/>
          </coding>
        </jurisdiction>
        <expansion>
          <identifier value="urn:uuid:513059b6-a3cc-4d55-930c-a52d3c8b4a2a"/>
          <timestamp value="2025-08-26T14:02:47+00:00"/>
          <total value="2"/>
          <offset value="0"/>
          <parameter>
            <name value="count"/>
            <valueInteger value="1000"/>
          </parameter>
          <parameter>
            <name value="offset"/>
            <valueInteger value="0"/>
          </parameter>
          <parameter>
            <name value="excludeNested"/>
            <valueBoolean value="false"/>
          </parameter>
          <parameter>
            <name value="used-codesystem"/>
            <valueUri value="http://terminology.hl7.org/CodeSystem/v2-0276|2.0.0"/>
          </parameter>
          <contains>
            <system value="http://terminology.hl7.org/CodeSystem/v2-0276"/>
            <code value="ROUTINE"/>
            <display value="Créneau avec prise de RDV possible"/>
          </contains>
          <contains>
            <system value="http://terminology.hl7.org/CodeSystem/v2-0276"/>
            <code value="WALKIN"/>
            <display value="Créneau sans prise de RDV possible à domicile"/>
          </contains>
        </expansion>
      </ValueSet>
    </resource>
  </entry>
  <entry>
    <fullUrl value="https://interop.esante.gouv.fr/ig/fhir/sas/ValueSet/sas-valueset-categorieetablissement"/>
    <resource>
      <ValueSet>
        <text>
          <status value="generated"/>
          <div xmlns="http://www.w3.org/1999/xhtml">
            <p class="res-header-id"/>
            <p style="border: black 1px dotted; background-color: #EEEEEE; padding: 8px; margin-bottom: 8px">Expansion performed internally based on 
              <a href="https://interop.esante.gouv.fr/ig/nos/1.5.0/CodeSystem-TRE-R66-CategorieEtablissement.html">codesystem TRE_R66-CategorieEtablissement v1.5.0 (CodeSystem)</a>
            </p>
            <p>Ce jeu de valeur (ValueSet) contient 1 concepts</p>
            <table class="codes">
              <tr>
                <td style="white-space:nowrap">
                  <b>Code</b>
                </td>
                <td>
                  <b>Système</b>
                </td>
                <td>
                  <b>Display</b>
                </td>
                <td>
                  <b>Définition</b>
                </td>
              </tr>
              <tr>
                <td style="white-space:nowrap">
                  <a name="x-https://mos.esante.gouv.fr/NOS/TRE_R66-CategorieEtablissement/FHIR/TRE-R66-CategorieEtablissement-604"> </a>  
                  <a href="https://interop.esante.gouv.fr/ig/nos/1.5.0/CodeSystem-TRE-R66-CategorieEtablissement.html#TRE-R66-CategorieEtablissement-604">604</a>
                </td>
                <td>https://mos.esante.gouv.fr/NOS/TRE_R66-CategorieEtablissement/FHIR/TRE-R66-CategorieEtablissement</td>
                <td>CPTS</td>
                <td>Les Communautés Professionnelles Territoriales de Santé (CPTS) ont été créées par la loi de modernisation de notre système de santé du 26 janvier 2016 (cf. articles Article L1434-12 et Article L1434-13 du code de la Santé Publique). Leur enregistrement est régi par l'instruction DGOS/DIR/DREES/DMSI/2020/12. Les CPTS sont un espace d'organisation et de coordination entre professionnels de santé et non pas des structures de soins : elles regroupent les professionnels de santé d'un même territoire qui souhaitent s'organiser - à leur initiative - autour d'un projet de santé pour répondre aux besoins de santé de la population. Les CPTS sont constituées entre des professionnels de santé, le cas échéant de maisons de santé, de centres de santé, de réseaux de santé, d'établissements de santé, d'établissements et de services médico-sociaux, des groupements de coopération sanitaire, et des groupements de coopération sociale et médicosociale. Grâce à l'accord conventionnel interprofessionnel (ACI) intervenu en 2019, les CPTS dont le projet de santé est validé par l'ARS sont enregistrés dans FINESS et peuvent bénéficier de financement de l'assurance maladie  Ne sont enregistrés dans FINESS que l'Entité Juridique et le siège social. Les établissements et professionnels constitutif d'une CPTS ne sont pas enregistrés dans FINESS.</td>
              </tr>
            </table>
          </div>
        </text>
        <url value="https://interop.esante.gouv.fr/ig/fhir/sas/ValueSet/sas-valueset-categorieetablissement"/>
        <version value="1.1.0"/>
        <name value="CategorieEtablissementSAS"/>
        <title value="Catégorie établissement SAS"/>
        <status value="active"/>
        <experimental value="false"/>
        <date value="2025-08-26T14:01:05+00:00"/>
        <jurisdiction>
          <coding>
            <system value="urn:iso:std:iso:3166"/>
            <code value="FR"/>
            <display value="FRANCE"/>
          </coding>
        </jurisdiction>
        <expansion>
          <identifier value="urn:uuid:114c4210-78c0-473d-8fbd-ff25b882f109"/>
          <timestamp value="2025-08-26T14:02:47+00:00"/>
          <total value="1"/>
          <offset value="0"/>
          <parameter>
            <name value="count"/>
            <valueInteger value="1000"/>
          </parameter>
          <parameter>
            <name value="offset"/>
            <valueInteger value="0"/>
          </parameter>
          <parameter>
            <name value="excludeNested"/>
            <valueBoolean value="false"/>
          </parameter>
          <parameter>
            <name value="used-codesystem"/>
            <valueUri value="https://mos.esante.gouv.fr/NOS/TRE_R66-CategorieEtablissement/FHIR/TRE-R66-CategorieEtablissement|1.5.0"/>
          </parameter>
          <contains>
            <system value="https://mos.esante.gouv.fr/NOS/TRE_R66-CategorieEtablissement/FHIR/TRE-R66-CategorieEtablissement"/>
            <code value="604"/>
            <display value="CPTS"/>
          </contains>
        </expansion>
      </ValueSet>
    </resource>
  </entry>
  <entry>
    <fullUrl value="https://interop.esante.gouv.fr/ig/fhir/sas/ValueSet/sas-valueset-typeconsultation"/>
    <resource>
      <ValueSet>
        <text>
          <status value="generated"/>
          <div xmlns="http://www.w3.org/1999/xhtml">
            <p class="res-header-id"/>
            <p style="border: black 1px dotted; background-color: #EEEEEE; padding: 8px; margin-bottom: 8px">Expansion performed internally based on 
              <a href="http://terminology.hl7.org/6.5.0/CodeSystem-v3-ActCode.html">codesystem ActCode v9.0.0 (CodeSystem)</a>
            </p>
            <p>Ce jeu de valeur (ValueSet) contient 3 concepts</p>
            <table class="codes">
              <tr>
                <td style="white-space:nowrap">
                  <b>Code</b>
                </td>
                <td>
                  <b>Système</b>
                </td>
                <td>
                  <b>Display</b>
                </td>
                <td>
                  <b>Définition</b>
                </td>
              </tr>
              <tr>
                <td style="white-space:nowrap">
                  <a name="x-http://terminology.hl7.org/CodeSystem/v3-ActCode-AMB"> </a>  
                  <a href="http://terminology.hl7.org/6.5.0/CodeSystem-v3-ActCode.html#v3-ActCode-AMB">AMB</a>
                </td>
                <td>http://terminology.hl7.org/CodeSystem/v3-ActCode</td>
                <td>Consultation au cabinet</td>
                <td>
                  <div>
                    <p>A comprehensive term for health care provided in a healthcare facility (e.g. a practitioneraTMs office, clinic setting, or hospital) on a nonresident basis. The term ambulatory usually implies that the patient has come to the location and is not assigned to a bed. Sometimes referred to as an outpatient encounter.</p>

                  </div>
                </td>
              </tr>
              <tr>
                <td style="white-space:nowrap">
                  <a name="x-http://terminology.hl7.org/CodeSystem/v3-ActCode-HH"> </a>  
                  <a href="http://terminology.hl7.org/6.5.0/CodeSystem-v3-ActCode.html#v3-ActCode-HH">HH</a>
                </td>
                <td>http://terminology.hl7.org/CodeSystem/v3-ActCode</td>
                <td>Consultation à domicile</td>
                <td>
                  <div>
                    <p>Healthcare encounter that takes place in the residence of the patient or a designee</p>

                  </div>
                </td>
              </tr>
              <tr>
                <td style="white-space:nowrap">
                  <a name="x-http://terminology.hl7.org/CodeSystem/v3-ActCode-VR"> </a>  
                  <a href="http://terminology.hl7.org/6.5.0/CodeSystem-v3-ActCode.html#v3-ActCode-VR">VR</a>
                </td>
                <td>http://terminology.hl7.org/CodeSystem/v3-ActCode</td>
                <td>Téléconsultation</td>
                <td>
                  <div>
                    <p>A patient encounter where the patient and the practitioner(s) are not in the same physical location. Examples include telephone conference, email exchange, robotic surgery, and televideo conference.</p>

                  </div>
                </td>
              </tr>
            </table>
          </div>
        </text>
        <url value="https://interop.esante.gouv.fr/ig/fhir/sas/ValueSet/sas-valueset-typeconsultation"/>
        <version value="1.1.0"/>
        <name value="TypeConsultationSAS"/>
        <title value="Type consultation SAS"/>
        <status value="active"/>
        <experimental value="false"/>
        <date value="2025-08-26T14:01:05+00:00"/>
        <jurisdiction>
          <coding>
            <system value="urn:iso:std:iso:3166"/>
            <code value="FR"/>
            <display value="FRANCE"/>
          </coding>
        </jurisdiction>
        <expansion>
          <identifier value="urn:uuid:b91df2d7-b6f9-498f-8ad1-60642a789dbb"/>
          <timestamp value="2025-08-26T14:02:47+00:00"/>
          <total value="3"/>
          <offset value="0"/>
          <parameter>
            <name value="count"/>
            <valueInteger value="1000"/>
          </parameter>
          <parameter>
            <name value="offset"/>
            <valueInteger value="0"/>
          </parameter>
          <parameter>
            <name value="excludeNested"/>
            <valueBoolean value="false"/>
          </parameter>
          <parameter>
            <name value="used-codesystem"/>
            <valueUri value="http://terminology.hl7.org/CodeSystem/v3-ActCode|9.0.0"/>
          </parameter>
          <contains>
            <system value="http://terminology.hl7.org/CodeSystem/v3-ActCode"/>
            <code value="AMB"/>
            <display value="Consultation au cabinet"/>
          </contains>
          <contains>
            <system value="http://terminology.hl7.org/CodeSystem/v3-ActCode"/>
            <code value="HH"/>
            <display value="Consultation à domicile"/>
          </contains>
          <contains>
            <system value="http://terminology.hl7.org/CodeSystem/v3-ActCode"/>
            <code value="VR"/>
            <display value="Téléconsultation"/>
          </contains>
        </expansion>
      </ValueSet>
    </resource>
  </entry>
  <entry>
    <fullUrl value="https://interop.esante.gouv.fr/ig/fhir/sas/ValueSet/sas-valueset-typeidentifiant"/>
    <resource>
      <ValueSet>
        <text>
          <status value="generated"/>
          <div xmlns="http://www.w3.org/1999/xhtml">
            <p class="res-header-id"/>
            <p style="border: black 1px dotted; background-color: #EEEEEE; padding: 8px; margin-bottom: 8px">Expansion performed internally based on 
              <a href="https://hl7.fr/ig/fhir/core/2.1.0/CodeSystem-fr-core-cs-v2-0203.html">codesystem FR Core CodeSystem v2-0203 v2.1.0 (CodeSystem)</a>
            </p>
            <p>Ce jeu de valeur (ValueSet) contient 2 concepts</p>
            <table class="codes">
              <tr>
                <td style="white-space:nowrap">
                  <b>Code</b>
                </td>
                <td>
                  <b>Système</b>
                </td>
                <td>
                  <b>Display</b>
                </td>
              </tr>
              <tr>
                <td style="white-space:nowrap">
                  <a name="x-https://hl7.fr/ig/fhir/core/CodeSystem/fr-core-cs-v2-0203-IDNPS"> </a>  
                  <a href="https://hl7.fr/ig/fhir/core/2.1.0/CodeSystem-fr-core-cs-v2-0203.html#fr-core-cs-v2-0203-IDNPS">IDNPS</a>
                </td>
                <td>https://hl7.fr/ig/fhir/core/CodeSystem/fr-core-cs-v2-0203</td>
                <td>Identifiant National de Professionnel de Santé</td>
              </tr>
              <tr>
                <td style="white-space:nowrap">
                  <a name="x-https://hl7.fr/ig/fhir/core/CodeSystem/fr-core-cs-v2-0203-INTRN"> </a>  
                  <a href="https://hl7.fr/ig/fhir/core/2.1.0/CodeSystem-fr-core-cs-v2-0203.html#fr-core-cs-v2-0203-INTRN">INTRN</a>
                </td>
                <td>https://hl7.fr/ig/fhir/core/CodeSystem/fr-core-cs-v2-0203</td>
                <td>Identifiant interne</td>
              </tr>
            </table>
          </div>
        </text>
        <url value="https://interop.esante.gouv.fr/ig/fhir/sas/ValueSet/sas-valueset-typeidentifiant"/>
        <version value="1.1.0"/>
        <name value="TypeIdentifiantSAS"/>
        <title value="Type identifiant SAS"/>
        <status value="active"/>
        <experimental value="false"/>
        <date value="2025-08-26T14:01:05+00:00"/>
        <jurisdiction>
          <coding>
            <system value="urn:iso:std:iso:3166"/>
            <code value="FR"/>
            <display value="FRANCE"/>
          </coding>
        </jurisdiction>
        <expansion>
          <identifier value="urn:uuid:d6849100-0aad-4dfd-9c4f-412c9e02c319"/>
          <timestamp value="2025-08-26T14:02:47+00:00"/>
          <total value="2"/>
          <offset value="0"/>
          <parameter>
            <name value="count"/>
            <valueInteger value="1000"/>
          </parameter>
          <parameter>
            <name value="offset"/>
            <valueInteger value="0"/>
          </parameter>
          <parameter>
            <name value="excludeNested"/>
            <valueBoolean value="false"/>
          </parameter>
          <parameter>
            <name value="used-codesystem"/>
            <valueUri value="https://hl7.fr/ig/fhir/core/CodeSystem/fr-core-cs-v2-0203|2.1.0"/>
          </parameter>
          <contains>
            <system value="https://hl7.fr/ig/fhir/core/CodeSystem/fr-core-cs-v2-0203"/>
            <code value="IDNPS"/>
            <display value="Identifiant National de Professionnel de Santé"/>
          </contains>
          <contains>
            <system value="https://hl7.fr/ig/fhir/core/CodeSystem/fr-core-cs-v2-0203"/>
            <code value="INTRN"/>
            <display value="Identifiant interne"/>
          </contains>
        </expansion>
      </ValueSet>
    </resource>
  </entry>
</Bundle>