{
  "resourceType" : "Bundle",
  "id" : "6161c8d1-d66e-40fa-b90c-7321ff0f9e31",
  "meta" : {
    "lastUpdated" : "2024-10-21T14:11:02.045+00:00"
  },
  "type" : "collection",
  "entry" : [{
    "fullUrl" : "https://interop.esante.gouv.fr/ig/fhir/sas/ValueSet/sas-cpts-valueset-typecreneau",
    "resource" : {
      "resourceType" : "ValueSet",
      "text" : {
        "status" : "generated",
        "div" : "<div xmlns=\"http://www.w3.org/1999/xhtml\"><p class=\"res-header-id\"><b>Generated Narrative: ValueSet </b></p><p style=\"border: black 1px dotted; background-color: #EEEEEE; padding: 8px; margin-bottom: 8px\">Expansion based on <a href=\"https://interop.esante.gouv.fr/ig/nos/1.3.0/CodeSystem-TRE-R314-TypeCreneau.html\">codesystem TRE_R314-TypeCreneau v1.3.0 (CodeSystem)</a></p><p>This value set contains 4 concepts</p><table class=\"codes\"><tr><td style=\"white-space:nowrap\"><b>Code</b></td><td><b>System</b></td><td><b>Display</b></td><td><b>Definition</b></td></tr><tr><td style=\"white-space:nowrap\"><a name=\"x-https://mos.esante.gouv.fr/NOS/TRE_R314-TypeCreneau/FHIR/TRE-R314-TypeCreneau-PUBLIC\"> </a>\u00a0\u00a0<a href=\"https://interop.esante.gouv.fr/ig/nos/1.3.0/CodeSystem-TRE-R314-TypeCreneau.html#TRE-R314-TypeCreneau-PUBLIC\">PUBLIC</a></td><td>https://mos.esante.gouv.fr/NOS/TRE_R314-TypeCreneau/FHIR/TRE-R314-TypeCreneau</td><td>Créneau accessible par le grand public</td><td><div><p>Les créneaux ouverts au public - Créneau de soins défini par un professionnel de santé ou son délégataire dans son logiciel de prise de RDV accessible par le grand public</p>\n</div></td></tr><tr><td style=\"white-space:nowrap\"><a name=\"x-https://mos.esante.gouv.fr/NOS/TRE_R314-TypeCreneau/FHIR/TRE-R314-TypeCreneau-SNP\"> </a>\u00a0\u00a0<a href=\"https://interop.esante.gouv.fr/ig/nos/1.3.0/CodeSystem-TRE-R314-TypeCreneau.html#TRE-R314-TypeCreneau-SNP\">SNP</a></td><td>https://mos.esante.gouv.fr/NOS/TRE_R314-TypeCreneau/FHIR/TRE-R314-TypeCreneau</td><td>Créneau accessible par les Régulateurs et Organisateurs de Soins Non Programmés</td><td><div><p>Les créneaux ouverts aux Soins Non Programmés -Créneau de soins défini par un professionnel de santé ou son délégataire dans son logiciel de prise de RDV accessible par les Régulateurs et Organisateurs de Soins Non Programmés</p>\n</div></td></tr><tr><td style=\"white-space:nowrap\"><a name=\"x-https://mos.esante.gouv.fr/NOS/TRE_R314-TypeCreneau/FHIR/TRE-R314-TypeCreneau-PRO\"> </a>\u00a0\u00a0<a href=\"https://interop.esante.gouv.fr/ig/nos/1.3.0/CodeSystem-TRE-R314-TypeCreneau.html#TRE-R314-TypeCreneau-PRO\">PRO</a></td><td>https://mos.esante.gouv.fr/NOS/TRE_R314-TypeCreneau/FHIR/TRE-R314-TypeCreneau</td><td>Créneau accessible par les professionnels de santé</td><td><div><p>Les créneaux ouverts aux professionnels, dans le cadre de la prise de RDV par un tiers - Créneau de soins défini par un professionnel de santé ou son délégataire dans son logiciel de prise de RDV accessible à l'ensemble des professionnels de santé</p>\n</div></td></tr><tr><td style=\"white-space:nowrap\"><a name=\"x-https://mos.esante.gouv.fr/NOS/TRE_R314-TypeCreneau/FHIR/TRE-R314-TypeCreneau-CPTS\"> </a>\u00a0\u00a0<a href=\"https://interop.esante.gouv.fr/ig/nos/1.3.0/CodeSystem-TRE-R314-TypeCreneau.html#TRE-R314-TypeCreneau-CPTS\">CPTS</a></td><td>https://mos.esante.gouv.fr/NOS/TRE_R314-TypeCreneau/FHIR/TRE-R314-TypeCreneau</td><td>Créneau accessible par les CPTS</td><td><div><p>Les créneaux ouverts aux structures de type CPTS - Créneau de soins défini par un professionnel de santé ou son délégataire dans son logiciel de prise de RDV accessible par une structure de type CPTS</p>\n</div></td></tr></table></div>"
      },
      "url" : "https://interop.esante.gouv.fr/ig/fhir/sas/ValueSet/sas-cpts-valueset-typecreneau",
      "version" : "1.0.0",
      "name" : "TypeCreneauSASCPTS",
      "title" : "Type créneaux SAS CPTS",
      "status" : "active",
      "date" : "2024-10-21T14:11:02+00:00",
      "jurisdiction" : [{
        "coding" : [{
          "system" : "urn:iso:std:iso:3166",
          "code" : "FR",
          "display" : "FRANCE"
        }]
      }],
      "expansion" : {
        "identifier" : "urn:uuid:9c036fc9-1e12-4110-855a-66d9c0b3feca",
        "timestamp" : "2024-10-21T14:11:46+00:00",
        "total" : 4,
        "offset" : 0,
        "parameter" : [{
          "name" : "count",
          "valueInteger" : 1000
        },
        {
          "name" : "offset",
          "valueInteger" : 0
        },
        {
          "name" : "excludeNested",
          "valueBoolean" : false
        },
        {
          "name" : "used-codesystem",
          "valueUri" : "https://mos.esante.gouv.fr/NOS/TRE_R314-TypeCreneau/FHIR/TRE-R314-TypeCreneau|1.3.0"
        }],
        "contains" : [{
          "system" : "https://mos.esante.gouv.fr/NOS/TRE_R314-TypeCreneau/FHIR/TRE-R314-TypeCreneau",
          "code" : "PUBLIC",
          "display" : "Créneau accessible par le grand public"
        },
        {
          "system" : "https://mos.esante.gouv.fr/NOS/TRE_R314-TypeCreneau/FHIR/TRE-R314-TypeCreneau",
          "code" : "SNP",
          "display" : "Créneau accessible par les Régulateurs et Organisateurs de Soins Non Programmés"
        },
        {
          "system" : "https://mos.esante.gouv.fr/NOS/TRE_R314-TypeCreneau/FHIR/TRE-R314-TypeCreneau",
          "code" : "PRO",
          "display" : "Créneau accessible par les professionnels de santé"
        },
        {
          "system" : "https://mos.esante.gouv.fr/NOS/TRE_R314-TypeCreneau/FHIR/TRE-R314-TypeCreneau",
          "code" : "CPTS",
          "display" : "Créneau accessible par les CPTS"
        }]
      }
    }
  },
  {
    "fullUrl" : "https://interop.esante.gouv.fr/ig/fhir/sas/ValueSet/sas-sos-valueset-participant-status",
    "resource" : {
      "resourceType" : "ValueSet",
      "text" : {
        "status" : "generated",
        "div" : "<div xmlns=\"http://www.w3.org/1999/xhtml\"><p class=\"res-header-id\"><b>Generated Narrative: ValueSet </b></p><p style=\"border: black 1px dotted; background-color: #EEEEEE; padding: 8px; margin-bottom: 8px\">Expansion based on <a href=\"http://hl7.org/fhir/R4/codesystem-participationstatus.html\">codesystem ParticipationStatus v4.0.1 (CodeSystem)</a></p><p>This value set contains 2 concepts</p><table class=\"codes\"><tr><td style=\"white-space:nowrap\"><b>Code</b></td><td><b>System</b></td><td><b>Display</b></td><td><b>Definition</b></td></tr><tr><td style=\"white-space:nowrap\"><a name=\"x-http://hl7.org/fhir/participationstatus-accepted\"> </a>\u00a0\u00a0<a href=\"http://hl7.org/fhir/R4/codesystem-participationstatus.html#participationstatus-accepted\">accepted</a></td><td>http://hl7.org/fhir/participationstatus</td><td>RDV accepté par le PS effecteur de soins</td><td><div><p>The participant has accepted the appointment.</p>\n</div></td></tr><tr><td style=\"white-space:nowrap\"><a name=\"x-http://hl7.org/fhir/participationstatus-needs-action\"> </a>\u00a0\u00a0<a href=\"http://hl7.org/fhir/R4/codesystem-participationstatus.html#participationstatus-needs-action\">needs-action</a></td><td>http://hl7.org/fhir/participationstatus</td><td>RDV en attente de confirmation par le PS effecteur de soins</td><td><div><p>The participant needs to indicate if they accept the appointment by changing this status to one of the other statuses.</p>\n</div></td></tr></table></div>"
      },
      "url" : "https://interop.esante.gouv.fr/ig/fhir/sas/ValueSet/sas-sos-valueset-participant-status",
      "version" : "1.0.0",
      "name" : "ParticipantStatusSASSOS",
      "title" : "Statut participant SAS SOS",
      "status" : "active",
      "date" : "2024-10-21T14:11:02+00:00",
      "jurisdiction" : [{
        "coding" : [{
          "system" : "urn:iso:std:iso:3166",
          "code" : "FR",
          "display" : "FRANCE"
        }]
      }],
      "expansion" : {
        "identifier" : "urn:uuid:a1cd9359-708f-4199-bb30-869aa57cc16c",
        "timestamp" : "2024-10-21T14:11:47+00:00",
        "total" : 2,
        "offset" : 0,
        "parameter" : [{
          "name" : "count",
          "valueInteger" : 1000
        },
        {
          "name" : "offset",
          "valueInteger" : 0
        },
        {
          "name" : "excludeNested",
          "valueBoolean" : false
        },
        {
          "name" : "warning-draft",
          "valueUri" : "http://hl7.org/fhir/participationstatus|4.0.1"
        },
        {
          "name" : "used-codesystem",
          "valueUri" : "http://hl7.org/fhir/participationstatus|4.0.1"
        }],
        "contains" : [{
          "system" : "http://hl7.org/fhir/participationstatus",
          "code" : "accepted",
          "display" : "RDV accepté par le PS effecteur de soins"
        },
        {
          "system" : "http://hl7.org/fhir/participationstatus",
          "code" : "needs-action",
          "display" : "RDV en attente de confirmation par le PS effecteur de soins"
        }]
      }
    }
  },
  {
    "fullUrl" : "https://interop.esante.gouv.fr/ig/fhir/sas/ValueSet/sas-sos-valueset-typecreneau",
    "resource" : {
      "resourceType" : "ValueSet",
      "text" : {
        "status" : "generated",
        "div" : "<div xmlns=\"http://www.w3.org/1999/xhtml\"><p class=\"res-header-id\"><b>Generated Narrative: ValueSet </b></p><p style=\"border: black 1px dotted; background-color: #EEEEEE; padding: 8px; margin-bottom: 8px\">Expansion based on <a href=\"https://interop.esante.gouv.fr/ig/nos/1.3.0/CodeSystem-TRE-R314-TypeCreneau.html\">codesystem TRE_R314-TypeCreneau v1.3.0 (CodeSystem)</a></p><p>This value set contains 2 concepts</p><table class=\"codes\"><tr><td style=\"white-space:nowrap\"><b>Code</b></td><td><b>System</b></td><td><b>Display</b></td><td><b>Definition</b></td></tr><tr><td style=\"white-space:nowrap\"><a name=\"x-https://mos.esante.gouv.fr/NOS/TRE_R314-TypeCreneau/FHIR/TRE-R314-TypeCreneau-PUBLIC\"> </a>\u00a0\u00a0<a href=\"https://interop.esante.gouv.fr/ig/nos/1.3.0/CodeSystem-TRE-R314-TypeCreneau.html#TRE-R314-TypeCreneau-PUBLIC\">PUBLIC</a></td><td>https://mos.esante.gouv.fr/NOS/TRE_R314-TypeCreneau/FHIR/TRE-R314-TypeCreneau</td><td>Créneau accessible par le grand public</td><td><div><p>Les créneaux ouverts au public - Créneau de soins défini par un professionnel de santé ou son délégataire dans son logiciel de prise de RDV accessible par le grand public</p>\n</div></td></tr><tr><td style=\"white-space:nowrap\"><a name=\"x-https://mos.esante.gouv.fr/NOS/TRE_R314-TypeCreneau/FHIR/TRE-R314-TypeCreneau-SNP\"> </a>\u00a0\u00a0<a href=\"https://interop.esante.gouv.fr/ig/nos/1.3.0/CodeSystem-TRE-R314-TypeCreneau.html#TRE-R314-TypeCreneau-SNP\">SNP</a></td><td>https://mos.esante.gouv.fr/NOS/TRE_R314-TypeCreneau/FHIR/TRE-R314-TypeCreneau</td><td>Créneau accessible par les Régulateurs et Organisateurs de Soins Non Programmés</td><td><div><p>Les créneaux ouverts aux Soins Non Programmés -Créneau de soins défini par un professionnel de santé ou son délégataire dans son logiciel de prise de RDV accessible par les Régulateurs et Organisateurs de Soins Non Programmés</p>\n</div></td></tr></table></div>"
      },
      "url" : "https://interop.esante.gouv.fr/ig/fhir/sas/ValueSet/sas-sos-valueset-typecreneau",
      "version" : "1.0.0",
      "name" : "TypeCreneauSASSOS",
      "title" : "Type créneaux SAS SOS",
      "status" : "active",
      "date" : "2024-10-21T14:11:02+00:00",
      "jurisdiction" : [{
        "coding" : [{
          "system" : "urn:iso:std:iso:3166",
          "code" : "FR",
          "display" : "FRANCE"
        }]
      }],
      "expansion" : {
        "identifier" : "urn:uuid:18bbfb77-2fe1-4ce8-ac8b-aa67602fde17",
        "timestamp" : "2024-10-21T14:11:47+00:00",
        "total" : 2,
        "offset" : 0,
        "parameter" : [{
          "name" : "count",
          "valueInteger" : 1000
        },
        {
          "name" : "offset",
          "valueInteger" : 0
        },
        {
          "name" : "excludeNested",
          "valueBoolean" : false
        },
        {
          "name" : "used-codesystem",
          "valueUri" : "https://mos.esante.gouv.fr/NOS/TRE_R314-TypeCreneau/FHIR/TRE-R314-TypeCreneau|1.3.0"
        }],
        "contains" : [{
          "system" : "https://mos.esante.gouv.fr/NOS/TRE_R314-TypeCreneau/FHIR/TRE-R314-TypeCreneau",
          "code" : "PUBLIC",
          "display" : "Créneau accessible par le grand public"
        },
        {
          "system" : "https://mos.esante.gouv.fr/NOS/TRE_R314-TypeCreneau/FHIR/TRE-R314-TypeCreneau",
          "code" : "SNP",
          "display" : "Créneau accessible par les Régulateurs et Organisateurs de Soins Non Programmés"
        }]
      }
    }
  },
  {
    "fullUrl" : "https://interop.esante.gouv.fr/ig/fhir/sas/ValueSet/sas-valueset-appointmentreason",
    "resource" : {
      "resourceType" : "ValueSet",
      "text" : {
        "status" : "generated",
        "div" : "<div xmlns=\"http://www.w3.org/1999/xhtml\"><p class=\"res-header-id\"><b>Generated Narrative: ValueSet </b></p><p style=\"border: black 1px dotted; background-color: #EEEEEE; padding: 8px; margin-bottom: 8px\">Expansion based on <a href=\"http://terminology.hl7.org/6.0.2/CodeSystem-v2-0276.html\">codesystem appointmentReason v2.0.0 (CodeSystem)</a></p><p>This value set contains 2 concepts</p><table class=\"codes\"><tr><td style=\"white-space:nowrap\"><b>Code</b></td><td><b>System</b></td><td><b>Display</b></td><td><b>Definition</b></td></tr><tr><td style=\"white-space:nowrap\"><a name=\"x-http://terminology.hl7.org/CodeSystem/v2-0276-ROUTINE\"> </a>\u00a0\u00a0<a href=\"http://terminology.hl7.org/6.0.2/CodeSystem-v2-0276.html#v2-0276-ROUTINE\">ROUTINE</a></td><td>http://terminology.hl7.org/CodeSystem/v2-0276</td><td>Créneau avec prise de RDV possible</td><td><div><p>Routine appointment - default if not valued</p>\n</div></td></tr><tr><td style=\"white-space:nowrap\"><a name=\"x-http://terminology.hl7.org/CodeSystem/v2-0276-WALKIN\"> </a>\u00a0\u00a0<a href=\"http://terminology.hl7.org/6.0.2/CodeSystem-v2-0276.html#v2-0276-WALKIN\">WALKIN</a></td><td>http://terminology.hl7.org/CodeSystem/v2-0276</td><td>Créneau sans prise de RDV possible à domicile</td><td><div><p>A previously unscheduled walk-in visit</p>\n</div></td></tr></table></div>"
      },
      "url" : "https://interop.esante.gouv.fr/ig/fhir/sas/ValueSet/sas-valueset-appointmentreason",
      "version" : "1.0.0",
      "name" : "AppointmentReasonSAS",
      "title" : "Appointment reason SAS",
      "status" : "active",
      "date" : "2024-10-21T14:11:02+00:00",
      "jurisdiction" : [{
        "coding" : [{
          "system" : "urn:iso:std:iso:3166",
          "code" : "FR",
          "display" : "FRANCE"
        }]
      }],
      "expansion" : {
        "identifier" : "urn:uuid:60f0d7b1-6d74-42a1-8d7f-28faa81e96d0",
        "timestamp" : "2024-10-21T14:11:47+00:00",
        "total" : 2,
        "offset" : 0,
        "parameter" : [{
          "name" : "count",
          "valueInteger" : 1000
        },
        {
          "name" : "offset",
          "valueInteger" : 0
        },
        {
          "name" : "excludeNested",
          "valueBoolean" : false
        },
        {
          "name" : "used-codesystem",
          "valueUri" : "http://terminology.hl7.org/CodeSystem/v2-0276|2.0.0"
        }],
        "contains" : [{
          "system" : "http://terminology.hl7.org/CodeSystem/v2-0276",
          "code" : "ROUTINE",
          "display" : "Créneau avec prise de RDV possible"
        },
        {
          "system" : "http://terminology.hl7.org/CodeSystem/v2-0276",
          "code" : "WALKIN",
          "display" : "Créneau sans prise de RDV possible à domicile"
        }]
      }
    }
  },
  {
    "fullUrl" : "https://interop.esante.gouv.fr/ig/fhir/sas/ValueSet/sas-valueset-typeconsultation",
    "resource" : {
      "resourceType" : "ValueSet",
      "text" : {
        "status" : "generated",
        "div" : "<div xmlns=\"http://www.w3.org/1999/xhtml\"><p class=\"res-header-id\"><b>Generated Narrative: ValueSet </b></p><p style=\"border: black 1px dotted; background-color: #EEEEEE; padding: 8px; margin-bottom: 8px\">Expansion based on <a href=\"http://terminology.hl7.org/6.0.2/CodeSystem-v3-ActCode.html\">codesystem ActCode v9.0.0 (CodeSystem)</a></p><p>This value set contains 3 concepts</p><table class=\"codes\"><tr><td style=\"white-space:nowrap\"><b>Code</b></td><td><b>System</b></td><td><b>Display</b></td><td><b>Definition</b></td></tr><tr><td style=\"white-space:nowrap\"><a name=\"x-http://terminology.hl7.org/CodeSystem/v3-ActCode-AMB\"> </a>\u00a0\u00a0<a href=\"http://terminology.hl7.org/6.0.2/CodeSystem-v3-ActCode.html#v3-ActCode-AMB\">AMB</a></td><td>http://terminology.hl7.org/CodeSystem/v3-ActCode</td><td>Consultation au cabinet</td><td><div><p>A comprehensive term for health care provided in a healthcare facility (e.g. a practitioneraTMs office, clinic setting, or hospital) on a nonresident basis. The term ambulatory usually implies that the patient has come to the location and is not assigned to a bed. Sometimes referred to as an outpatient encounter.</p>\n</div></td></tr><tr><td style=\"white-space:nowrap\"><a name=\"x-http://terminology.hl7.org/CodeSystem/v3-ActCode-HH\"> </a>\u00a0\u00a0<a href=\"http://terminology.hl7.org/6.0.2/CodeSystem-v3-ActCode.html#v3-ActCode-HH\">HH</a></td><td>http://terminology.hl7.org/CodeSystem/v3-ActCode</td><td>Consultation à domicile</td><td><div><p>Healthcare encounter that takes place in the residence of the patient or a designee</p>\n</div></td></tr><tr><td style=\"white-space:nowrap\"><a name=\"x-http://terminology.hl7.org/CodeSystem/v3-ActCode-VR\"> </a>\u00a0\u00a0<a href=\"http://terminology.hl7.org/6.0.2/CodeSystem-v3-ActCode.html#v3-ActCode-VR\">VR</a></td><td>http://terminology.hl7.org/CodeSystem/v3-ActCode</td><td>Téléconsultation</td><td><div><p>A patient encounter where the patient and the practitioner(s) are not in the same physical location. Examples include telephone conference, email exchange, robotic surgery, and televideo conference.</p>\n</div></td></tr></table></div>"
      },
      "url" : "https://interop.esante.gouv.fr/ig/fhir/sas/ValueSet/sas-valueset-typeconsultation",
      "version" : "1.0.0",
      "name" : "TypeConsultationSAS",
      "title" : "Type consultation SAS",
      "status" : "active",
      "date" : "2024-10-21T14:11:02+00:00",
      "jurisdiction" : [{
        "coding" : [{
          "system" : "urn:iso:std:iso:3166",
          "code" : "FR",
          "display" : "FRANCE"
        }]
      }],
      "expansion" : {
        "identifier" : "urn:uuid:01a91e8c-cf04-4097-a8a8-2b126d76087c",
        "timestamp" : "2024-10-21T14:11:47+00:00",
        "total" : 3,
        "offset" : 0,
        "parameter" : [{
          "name" : "count",
          "valueInteger" : 1000
        },
        {
          "name" : "offset",
          "valueInteger" : 0
        },
        {
          "name" : "excludeNested",
          "valueBoolean" : false
        },
        {
          "name" : "used-codesystem",
          "valueUri" : "http://terminology.hl7.org/CodeSystem/v3-ActCode|9.0.0"
        }],
        "contains" : [{
          "system" : "http://terminology.hl7.org/CodeSystem/v3-ActCode",
          "code" : "AMB",
          "display" : "Consultation au cabinet"
        },
        {
          "system" : "http://terminology.hl7.org/CodeSystem/v3-ActCode",
          "code" : "HH",
          "display" : "Consultation à domicile"
        },
        {
          "system" : "http://terminology.hl7.org/CodeSystem/v3-ActCode",
          "code" : "VR",
          "display" : "Téléconsultation"
        }]
      }
    }
  },
  {
    "fullUrl" : "https://interop.esante.gouv.fr/ig/fhir/sas/ValueSet/sas-valueset-typeidentifiant",
    "resource" : {
      "resourceType" : "ValueSet",
      "text" : {
        "status" : "generated",
        "div" : "<div xmlns=\"http://www.w3.org/1999/xhtml\"><p class=\"res-header-id\"><b>Generated Narrative: ValueSet </b></p><p style=\"border: black 1px dotted; background-color: #EEEEEE; padding: 8px; margin-bottom: 8px\">Expansion based on <a href=\"https://simplifier.net/resolve?scope=hl7.fhir.fr.core@1.1.0&amp;canonical=http://interopsante.org/fhir/CodeSystem/fr-v2-0203\">codesystem fr-v2-0203 v1.0.1 (CodeSystem)</a></p><p>This value set contains 2 concepts</p><table class=\"codes\"><tr><td style=\"white-space:nowrap\"><b>Code</b></td><td><b>System</b></td><td><b>Display</b></td></tr><tr><td style=\"white-space:nowrap\"><a name=\"x-http://interopsante.org/fhir/CodeSystem/fr-v2-0203-IDNPS\"> </a>\u00a0\u00a0<a href=\"https://simplifier.net/resolve?scope=hl7.fhir.fr.core@1.1.0&amp;canonical=http://interopsante.org/fhir/CodeSystem/fr-v2-0203.html#fr-v2-0203-IDNPS\">IDNPS</a></td><td>http://interopsante.org/fhir/CodeSystem/fr-v2-0203</td><td>Identifiant National de Professionnel de Santé</td></tr><tr><td style=\"white-space:nowrap\"><a name=\"x-http://interopsante.org/fhir/CodeSystem/fr-v2-0203-INTRN\"> </a>\u00a0\u00a0<a href=\"https://simplifier.net/resolve?scope=hl7.fhir.fr.core@1.1.0&amp;canonical=http://interopsante.org/fhir/CodeSystem/fr-v2-0203.html#fr-v2-0203-INTRN\">INTRN</a></td><td>http://interopsante.org/fhir/CodeSystem/fr-v2-0203</td><td>Identifiant interne</td></tr></table></div>"
      },
      "url" : "https://interop.esante.gouv.fr/ig/fhir/sas/ValueSet/sas-valueset-typeidentifiant",
      "version" : "1.0.0",
      "name" : "TypeIdentifiantSAS",
      "title" : "Type identifiant SAS",
      "status" : "active",
      "date" : "2024-10-21T14:11:02+00:00",
      "jurisdiction" : [{
        "coding" : [{
          "system" : "urn:iso:std:iso:3166",
          "code" : "FR",
          "display" : "FRANCE"
        }]
      }],
      "expansion" : {
        "identifier" : "urn:uuid:18790d16-2b19-4e56-9bdd-53a170bb9fa7",
        "timestamp" : "2024-10-21T14:11:47+00:00",
        "total" : 2,
        "offset" : 0,
        "parameter" : [{
          "name" : "count",
          "valueInteger" : 1000
        },
        {
          "name" : "offset",
          "valueInteger" : 0
        },
        {
          "name" : "excludeNested",
          "valueBoolean" : false
        },
        {
          "name" : "warning-draft",
          "valueUri" : "http://interopsante.org/fhir/CodeSystem/fr-v2-0203|1.0.1"
        },
        {
          "name" : "used-codesystem",
          "valueUri" : "http://interopsante.org/fhir/CodeSystem/fr-v2-0203|1.0.1"
        }],
        "contains" : [{
          "system" : "http://interopsante.org/fhir/CodeSystem/fr-v2-0203",
          "code" : "IDNPS",
          "display" : "Identifiant National de Professionnel de Santé"
        },
        {
          "system" : "http://interopsante.org/fhir/CodeSystem/fr-v2-0203",
          "code" : "INTRN",
          "display" : "Identifiant interne"
        }]
      }
    }
  }]
}