<?xml version="1.0" encoding="UTF-8"?><ImplementationGuide xmlns="http://hl7.org/fhir"><id value="ans.fhir.fr.sas"/><text><status value="generated"/><div xmlns="http://www.w3.org/1999/xhtml"><p class="res-header-id"><b>Generated Narrative: ImplementationGuide ans.fhir.fr.sas</b></p><a name="ans.fhir.fr.sas"> </a><a name="hcans.fhir.fr.sas"> </a><a name="ans.fhir.fr.sas-fr-FR"> </a><h2>SAS</h2><p>The official URL for this implementation guide is: </p><pre>https://interop.esante.gouv.fr/ig/fhir/sas/ImplementationGuide/ans.fhir.fr.sas</pre></div></text><url value="https://interop.esante.gouv.fr/ig/fhir/sas/ImplementationGuide/ans.fhir.fr.sas"/><version value="1.0.0"/><name value="SAS"/><title value="Service d'Accès aux Soins"/><status value="active"/><date value="2024-10-31T09:57:10+00:00"/><publisher value="ANS"/><contact><name value="ANS"/><telecom><system value="url"/><value value="https://esante.gouv.fr"/></telecom></contact><jurisdiction><coding><system value="urn:iso:std:iso:3166"/><code value="FR"/><display value="FRANCE"/></coding></jurisdiction><packageId value="ans.fhir.fr.sas"/><license value="CC0-1.0"/><fhirVersion value="4.0.1"/><dependsOn id="hl7tx"><extension url="http://hl7.org/fhir/tools/StructureDefinition/implementationguide-dependency-comment"><valueMarkdown value="Automatically added as a dependency - all IGs depend on HL7 Terminology"/></extension><uri value="http://terminology.hl7.org/ImplementationGuide/hl7.terminology"/><packageId value="hl7.terminology.r4"/><version value="6.0.2"/></dependsOn><dependsOn id="hl7ext"><extension url="http://hl7.org/fhir/tools/StructureDefinition/implementationguide-dependency-comment"><valueMarkdown value="Automatically added as a dependency - all IGs depend on the HL7 Extension Pack"/></extension><uri value="http://hl7.org/fhir/extensions/ImplementationGuide/hl7.fhir.uv.extensions"/><packageId value="hl7.fhir.uv.extensions.r4"/><version value="5.1.0"/></dependsOn><dependsOn id="hl7_fhir_fr_core"><uri value="http://fhir.org/packages/hl7.fhir.fr.core/ImplementationGuide/hl7.fhir.fr.core"/><packageId value="hl7.fhir.fr.core"/><version value="1.1.0"/></dependsOn><dependsOn id="ans_fr_nos"><uri value="https://interop.esante.gouv.fr/ig/nos/ImplementationGuide/ans.fr.nos"/><packageId value="ans.fr.nos"/><version value="1.3.0"/></dependsOn><definition><extension url="http://hl7.org/fhir/tools/StructureDefinition/ig-parameter"><extension url="code"><valueString value="copyrightyear"/></extension><extension url="value"><valueString value="2020+"/></extension></extension><extension url="http://hl7.org/fhir/tools/StructureDefinition/ig-parameter"><extension url="code"><valueString value="releaselabel"/></extension><extension url="value"><valueString value="ci-build"/></extension></extension><extension url="http://hl7.org/fhir/tools/StructureDefinition/ig-parameter"><extension url="code"><valueString value="shownav"/></extension><extension url="value"><valueString value="true"/></extension></extension><extension url="http://hl7.org/fhir/tools/StructureDefinition/ig-parameter"><extension url="code"><valueString value="autoload-resources"/></extension><extension url="value"><valueString value="true"/></extension></extension><extension url="http://hl7.org/fhir/tools/StructureDefinition/ig-parameter"><extension url="code"><valueString value="path-liquid"/></extension><extension url="value"><valueString value="template/liquid"/></extension></extension><extension url="http://hl7.org/fhir/tools/StructureDefinition/ig-parameter"><extension url="code"><valueString value="path-liquid"/></extension><extension url="value"><valueString value="input/liquid"/></extension></extension><extension url="http://hl7.org/fhir/tools/StructureDefinition/ig-parameter"><extension url="code"><valueString value="path-qa"/></extension><extension url="value"><valueString value="temp/qa"/></extension></extension><extension url="http://hl7.org/fhir/tools/StructureDefinition/ig-parameter"><extension url="code"><valueString value="path-temp"/></extension><extension url="value"><valueString value="temp/pages"/></extension></extension><extension url="http://hl7.org/fhir/tools/StructureDefinition/ig-parameter"><extension url="code"><valueString value="path-output"/></extension><extension url="value"><valueString value="output"/></extension></extension><extension url="http://hl7.org/fhir/tools/StructureDefinition/ig-parameter"><extension url="code"><valueString value="path-suppressed-warnings"/></extension><extension url="value"><valueString value="input/ignoreWarnings.txt"/></extension></extension><extension url="http://hl7.org/fhir/tools/StructureDefinition/ig-parameter"><extension url="code"><valueString value="path-history"/></extension><extension url="value"><valueString value="https://interop.esante.gouv.fr/ig/fhir/sas/history.html"/></extension></extension><extension url="http://hl7.org/fhir/tools/StructureDefinition/ig-parameter"><extension url="code"><valueString value="template-html"/></extension><extension url="value"><valueString value="template-page.html"/></extension></extension><extension url="http://hl7.org/fhir/tools/StructureDefinition/ig-parameter"><extension url="code"><valueString value="template-md"/></extension><extension url="value"><valueString value="template-page-md.html"/></extension></extension><extension url="http://hl7.org/fhir/tools/StructureDefinition/ig-parameter"><extension url="code"><valueString value="apply-contact"/></extension><extension url="value"><valueString value="true"/></extension></extension><extension url="http://hl7.org/fhir/tools/StructureDefinition/ig-parameter"><extension url="code"><valueString value="apply-context"/></extension><extension url="value"><valueString value="true"/></extension></extension><extension url="http://hl7.org/fhir/tools/StructureDefinition/ig-parameter"><extension url="code"><valueString value="apply-copyright"/></extension><extension url="value"><valueString value="true"/></extension></extension><extension url="http://hl7.org/fhir/tools/StructureDefinition/ig-parameter"><extension url="code"><valueString value="apply-jurisdiction"/></extension><extension url="value"><valueString value="true"/></extension></extension><extension url="http://hl7.org/fhir/tools/StructureDefinition/ig-parameter"><extension url="code"><valueString value="apply-license"/></extension><extension url="value"><valueString value="true"/></extension></extension><extension url="http://hl7.org/fhir/tools/StructureDefinition/ig-parameter"><extension url="code"><valueString value="apply-publisher"/></extension><extension url="value"><valueString value="true"/></extension></extension><extension url="http://hl7.org/fhir/tools/StructureDefinition/ig-parameter"><extension url="code"><valueString value="apply-version"/></extension><extension url="value"><valueString value="true"/></extension></extension><extension url="http://hl7.org/fhir/tools/StructureDefinition/ig-parameter"><extension url="code"><valueString value="apply-wg"/></extension><extension url="value"><valueString value="true"/></extension></extension><extension url="http://hl7.org/fhir/tools/StructureDefinition/ig-parameter"><extension url="code"><valueString value="active-tables"/></extension><extension url="value"><valueString value="true"/></extension></extension><extension url="http://hl7.org/fhir/tools/StructureDefinition/ig-parameter"><extension url="code"><valueString value="fmm-definition"/></extension><extension url="value"><valueString value="http://hl7.org/fhir/versions.html#maturity"/></extension></extension><extension url="http://hl7.org/fhir/tools/StructureDefinition/ig-parameter"><extension url="code"><valueString value="propagate-status"/></extension><extension url="value"><valueString value="true"/></extension></extension><extension url="http://hl7.org/fhir/tools/StructureDefinition/ig-parameter"><extension url="code"><valueString value="excludelogbinaryformat"/></extension><extension url="value"><valueString value="true"/></extension></extension><extension url="http://hl7.org/fhir/tools/StructureDefinition/ig-parameter"><extension url="code"><valueString value="tabbed-snapshots"/></extension><extension url="value"><valueString value="true"/></extension></extension><extension url="http://hl7.org/fhir/tools/StructureDefinition/ig-internal-dependency"><valueCode value="hl7.fhir.uv.tools#0.1.0"/></extension><extension url="http://hl7.org/fhir/tools/StructureDefinition/ig-parameter"><extension url="code"><valueCode value="copyrightyear"/></extension><extension url="value"><valueString value="2020+"/></extension></extension><extension url="http://hl7.org/fhir/tools/StructureDefinition/ig-parameter"><extension url="code"><valueCode value="releaselabel"/></extension><extension url="value"><valueString value="ci-build"/></extension></extension><extension url="http://hl7.org/fhir/tools/StructureDefinition/ig-parameter"><extension url="code"><valueCode value="shownav"/></extension><extension url="value"><valueString value="true"/></extension></extension><extension url="http://hl7.org/fhir/tools/StructureDefinition/ig-parameter"><extension url="code"><valueCode value="autoload-resources"/></extension><extension url="value"><valueString value="true"/></extension></extension><extension url="http://hl7.org/fhir/tools/StructureDefinition/ig-parameter"><extension url="code"><valueCode value="path-liquid"/></extension><extension url="value"><valueString value="template/liquid"/></extension></extension><extension url="http://hl7.org/fhir/tools/StructureDefinition/ig-parameter"><extension url="code"><valueCode value="path-liquid"/></extension><extension url="value"><valueString value="input/liquid"/></extension></extension><extension url="http://hl7.org/fhir/tools/StructureDefinition/ig-parameter"><extension url="code"><valueCode value="path-qa"/></extension><extension url="value"><valueString value="temp/qa"/></extension></extension><extension url="http://hl7.org/fhir/tools/StructureDefinition/ig-parameter"><extension url="code"><valueCode value="path-temp"/></extension><extension url="value"><valueString value="temp/pages"/></extension></extension><extension url="http://hl7.org/fhir/tools/StructureDefinition/ig-parameter"><extension url="code"><valueCode value="path-output"/></extension><extension url="value"><valueString value="output"/></extension></extension><extension url="http://hl7.org/fhir/tools/StructureDefinition/ig-parameter"><extension url="code"><valueCode value="path-suppressed-warnings"/></extension><extension url="value"><valueString value="input/ignoreWarnings.txt"/></extension></extension><extension url="http://hl7.org/fhir/tools/StructureDefinition/ig-parameter"><extension url="code"><valueCode value="path-history"/></extension><extension url="value"><valueString value="https://interop.esante.gouv.fr/ig/fhir/sas/history.html"/></extension></extension><extension url="http://hl7.org/fhir/tools/StructureDefinition/ig-parameter"><extension url="code"><valueCode value="template-html"/></extension><extension url="value"><valueString value="template-page.html"/></extension></extension><extension url="http://hl7.org/fhir/tools/StructureDefinition/ig-parameter"><extension url="code"><valueCode value="template-md"/></extension><extension url="value"><valueString value="template-page-md.html"/></extension></extension><extension url="http://hl7.org/fhir/tools/StructureDefinition/ig-parameter"><extension url="code"><valueCode value="apply-contact"/></extension><extension url="value"><valueString value="true"/></extension></extension><extension url="http://hl7.org/fhir/tools/StructureDefinition/ig-parameter"><extension url="code"><valueCode value="apply-context"/></extension><extension url="value"><valueString value="true"/></extension></extension><extension url="http://hl7.org/fhir/tools/StructureDefinition/ig-parameter"><extension url="code"><valueCode value="apply-copyright"/></extension><extension url="value"><valueString value="true"/></extension></extension><extension url="http://hl7.org/fhir/tools/StructureDefinition/ig-parameter"><extension url="code"><valueCode value="apply-jurisdiction"/></extension><extension url="value"><valueString value="true"/></extension></extension><extension url="http://hl7.org/fhir/tools/StructureDefinition/ig-parameter"><extension url="code"><valueCode value="apply-license"/></extension><extension url="value"><valueString value="true"/></extension></extension><extension url="http://hl7.org/fhir/tools/StructureDefinition/ig-parameter"><extension url="code"><valueCode value="apply-publisher"/></extension><extension url="value"><valueString value="true"/></extension></extension><extension url="http://hl7.org/fhir/tools/StructureDefinition/ig-parameter"><extension url="code"><valueCode value="apply-version"/></extension><extension url="value"><valueString value="true"/></extension></extension><extension url="http://hl7.org/fhir/tools/StructureDefinition/ig-parameter"><extension url="code"><valueCode value="apply-wg"/></extension><extension url="value"><valueString value="true"/></extension></extension><extension url="http://hl7.org/fhir/tools/StructureDefinition/ig-parameter"><extension url="code"><valueCode value="active-tables"/></extension><extension url="value"><valueString value="true"/></extension></extension><extension url="http://hl7.org/fhir/tools/StructureDefinition/ig-parameter"><extension url="code"><valueCode value="fmm-definition"/></extension><extension url="value"><valueString value="http://hl7.org/fhir/versions.html#maturity"/></extension></extension><extension url="http://hl7.org/fhir/tools/StructureDefinition/ig-parameter"><extension url="code"><valueCode value="propagate-status"/></extension><extension url="value"><valueString value="true"/></extension></extension><extension url="http://hl7.org/fhir/tools/StructureDefinition/ig-parameter"><extension url="code"><valueCode value="excludelogbinaryformat"/></extension><extension url="value"><valueString value="true"/></extension></extension><extension url="http://hl7.org/fhir/tools/StructureDefinition/ig-parameter"><extension url="code"><valueCode value="tabbed-snapshots"/></extension><extension url="value"><valueString value="true"/></extension></extension><extension url="http://hl7.org/fhir/tools/StructureDefinition/ig-parameter"><extension url="code"><valueCode value="copyrightyear"/></extension><extension url="value"><valueString value="2020+"/></extension></extension><extension url="http://hl7.org/fhir/tools/StructureDefinition/ig-parameter"><extension url="code"><valueCode value="releaselabel"/></extension><extension url="value"><valueString value="ci-build"/></extension></extension><extension url="http://hl7.org/fhir/tools/StructureDefinition/ig-parameter"><extension url="code"><valueCode value="shownav"/></extension><extension url="value"><valueString value="true"/></extension></extension><extension url="http://hl7.org/fhir/tools/StructureDefinition/ig-parameter"><extension url="code"><valueCode value="autoload-resources"/></extension><extension url="value"><valueString value="true"/></extension></extension><extension url="http://hl7.org/fhir/tools/StructureDefinition/ig-parameter"><extension url="code"><valueCode value="path-liquid"/></extension><extension url="value"><valueString value="template/liquid"/></extension></extension><extension url="http://hl7.org/fhir/tools/StructureDefinition/ig-parameter"><extension url="code"><valueCode value="path-liquid"/></extension><extension url="value"><valueString value="input/liquid"/></extension></extension><extension url="http://hl7.org/fhir/tools/StructureDefinition/ig-parameter"><extension url="code"><valueCode value="path-qa"/></extension><extension url="value"><valueString value="temp/qa"/></extension></extension><extension url="http://hl7.org/fhir/tools/StructureDefinition/ig-parameter"><extension url="code"><valueCode value="path-temp"/></extension><extension url="value"><valueString value="temp/pages"/></extension></extension><extension url="http://hl7.org/fhir/tools/StructureDefinition/ig-parameter"><extension url="code"><valueCode value="path-output"/></extension><extension url="value"><valueString value="output"/></extension></extension><extension url="http://hl7.org/fhir/tools/StructureDefinition/ig-parameter"><extension url="code"><valueCode value="path-suppressed-warnings"/></extension><extension url="value"><valueString value="input/ignoreWarnings.txt"/></extension></extension><extension url="http://hl7.org/fhir/tools/StructureDefinition/ig-parameter"><extension url="code"><valueCode value="path-history"/></extension><extension url="value"><valueString value="https://interop.esante.gouv.fr/ig/fhir/sas/history.html"/></extension></extension><extension url="http://hl7.org/fhir/tools/StructureDefinition/ig-parameter"><extension url="code"><valueCode value="template-html"/></extension><extension url="value"><valueString value="template-page.html"/></extension></extension><extension url="http://hl7.org/fhir/tools/StructureDefinition/ig-parameter"><extension url="code"><valueCode value="template-md"/></extension><extension url="value"><valueString value="template-page-md.html"/></extension></extension><extension url="http://hl7.org/fhir/tools/StructureDefinition/ig-parameter"><extension url="code"><valueCode value="apply-contact"/></extension><extension url="value"><valueString value="true"/></extension></extension><extension url="http://hl7.org/fhir/tools/StructureDefinition/ig-parameter"><extension url="code"><valueCode value="apply-context"/></extension><extension url="value"><valueString value="true"/></extension></extension><extension url="http://hl7.org/fhir/tools/StructureDefinition/ig-parameter"><extension url="code"><valueCode value="apply-copyright"/></extension><extension url="value"><valueString value="true"/></extension></extension><extension url="http://hl7.org/fhir/tools/StructureDefinition/ig-parameter"><extension url="code"><valueCode value="apply-jurisdiction"/></extension><extension url="value"><valueString value="true"/></extension></extension><extension url="http://hl7.org/fhir/tools/StructureDefinition/ig-parameter"><extension url="code"><valueCode value="apply-license"/></extension><extension url="value"><valueString value="true"/></extension></extension><extension url="http://hl7.org/fhir/tools/StructureDefinition/ig-parameter"><extension url="code"><valueCode value="apply-publisher"/></extension><extension url="value"><valueString value="true"/></extension></extension><extension url="http://hl7.org/fhir/tools/StructureDefinition/ig-parameter"><extension url="code"><valueCode value="apply-version"/></extension><extension url="value"><valueString value="true"/></extension></extension><extension url="http://hl7.org/fhir/tools/StructureDefinition/ig-parameter"><extension url="code"><valueCode value="apply-wg"/></extension><extension url="value"><valueString value="true"/></extension></extension><extension url="http://hl7.org/fhir/tools/StructureDefinition/ig-parameter"><extension url="code"><valueCode value="active-tables"/></extension><extension url="value"><valueString value="true"/></extension></extension><extension url="http://hl7.org/fhir/tools/StructureDefinition/ig-parameter"><extension url="code"><valueCode value="fmm-definition"/></extension><extension url="value"><valueString value="http://hl7.org/fhir/versions.html#maturity"/></extension></extension><extension url="http://hl7.org/fhir/tools/StructureDefinition/ig-parameter"><extension url="code"><valueCode value="propagate-status"/></extension><extension url="value"><valueString value="true"/></extension></extension><extension url="http://hl7.org/fhir/tools/StructureDefinition/ig-parameter"><extension url="code"><valueCode value="excludelogbinaryformat"/></extension><extension url="value"><valueString value="true"/></extension></extension><extension url="http://hl7.org/fhir/tools/StructureDefinition/ig-parameter"><extension url="code"><valueCode value="tabbed-snapshots"/></extension><extension url="value"><valueString value="true"/></extension></extension><grouping id="-dyn-searchparameter"><name value="Behavior: Search Parameters"/><description value="These define the properties by which a RESTful server can be searched.  They can also be used for sorting and including related resources."/></grouping><grouping id="-str-profile"><name value="Structures: Resource Profiles"/><description value="These define constraints on FHIR resources for systems conforming to this implementation guide."/></grouping><grouping id="-str-extension"><name value="Structures: Extension Definitions"/><description value="These define constraints on FHIR data types for systems conforming to this implementation guide."/></grouping><grouping id="-term-valueset"><name value="Terminology: Value Sets"/><description value="These define sets of codes used by systems conforming to this implementation guide."/></grouping><grouping id="-ex-example"><name value="Example: Example Instances"/><description value="These are example instances that show what data produced and consumed by systems conforming with this implementation guide might look like."/></grouping><resource><extension url="http://hl7.org/fhir/tools/StructureDefinition/resource-sort"><valueInteger value="999999999"/></extension><extension url="http://hl7.org/fhir/StructureDefinition/implementationguide-page"><valueUri value="SearchParameter-cptsslot-sp-servicetype.html"/></extension><reference><reference value="SearchParameter/cptsslot-sp-servicetype"/></reference><name value="cptsslot-sp-servicetype"/><description value="Paramètre de recherche sur le service type qui mime le paramètre R5. Permet de rechercher ou d'inclure la ressource reférencée HealthCare Service"/><exampleBoolean value="false"/><groupingId value="-dyn-searchparameter"/></resource><resource><extension url="http://hl7.org/fhir/tools/StructureDefinition/resource-sort"><valueInteger value="999999999"/></extension><extension url="http://hl7.org/fhir/StructureDefinition/implementationguide-page"><valueUri value="SearchParameter-slot-sp-start.html"/></extension><reference><reference value="SearchParameter/slot-sp-start"/></reference><name value="slot-sp-start"/><description value="Paramètre de recherche date de début d'un créneau (date de début supérieure ou égale à &lt;date1&gt; et inférieure ou égale à &lt;date2&gt;)"/><exampleBoolean value="false"/><groupingId value="-dyn-searchparameter"/></resource><resource><extension url="http://hl7.org/fhir/tools/StructureDefinition/resource-sort"><valueInteger value="999999999"/></extension><extension url="http://hl7.org/fhir/StructureDefinition/implementationguide-page"><valueUri value="StructureDefinition-BundleAgregateur.html"/></extension><reference><reference value="StructureDefinition/BundleAgregateur"/></reference><name value="BundleAgregateur"/><description value="Profil de Bundle qui représente le flux de réponse contenant les créneaux disponibles dans le cadre du service d'agrégation de créneaux de la plateforme SAS (Service d'accès aux soins)"/><exampleBoolean value="false"/><groupingId value="-str-profile"/></resource><resource><extension url="http://hl7.org/fhir/tools/StructureDefinition/resource-sort"><valueInteger value="999999999"/></extension><extension url="http://hl7.org/fhir/StructureDefinition/implementationguide-page"><valueUri value="StructureDefinition-sas-cpts-bundle-aggregator.html"/></extension><reference><reference value="StructureDefinition/sas-cpts-bundle-aggregator"/></reference><name value="BundleAgregateurCPTS"/><description value="Bundle Agrégateur SAS CPTS"/><exampleBoolean value="false"/><groupingId value="-str-profile"/></resource><resource><extension url="http://hl7.org/fhir/tools/StructureDefinition/resource-sort"><valueInteger value="999999999"/></extension><extension url="http://hl7.org/fhir/StructureDefinition/implementationguide-page"><valueUri value="StructureDefinition-sas-sos-bundle-aggregator.html"/></extension><reference><reference value="StructureDefinition/sas-sos-bundle-aggregator"/></reference><name value="BundleAgregateurSOS"/><description value="Bundle Agrégateur SAS SOS"/><exampleBoolean value="false"/><groupingId value="-str-profile"/></resource><resource><extension url="http://hl7.org/fhir/tools/StructureDefinition/resource-sort"><valueInteger value="999999999"/></extension><extension url="http://hl7.org/fhir/StructureDefinition/implementationguide-page"><valueUri value="StructureDefinition-FrAppointmentSAS.html"/></extension><reference><reference value="StructureDefinition/FrAppointmentSAS"/></reference><name value="FrAppointmentSAS"/><description value="Profil de Appointment, dérivé de FrAppointment, pour le cas d'usage prise de RDV de la plateforme SAS (Service d'accès aux soins)"/><exampleBoolean value="false"/><groupingId value="-str-profile"/></resource><resource><extension url="http://hl7.org/fhir/tools/StructureDefinition/resource-sort"><valueInteger value="999999999"/></extension><extension url="http://hl7.org/fhir/StructureDefinition/implementationguide-page"><valueUri value="StructureDefinition-sas-sos-appointment.html"/></extension><reference><reference value="StructureDefinition/sas-sos-appointment"/></reference><name value="FrAppointmentSASSOS"/><description value="Profil de Slot, dérivé de FrSlot, pour le service d’agrégation de créneaux de la plateforme SAS (Service d’accès aux soins), dans le cadre du cas d’usage SOS Médecins"/><exampleBoolean value="false"/><groupingId value="-str-profile"/></resource><resource><extension url="http://hl7.org/fhir/tools/StructureDefinition/resource-sort"><valueInteger value="999999999"/></extension><extension url="http://hl7.org/fhir/StructureDefinition/implementationguide-page"><valueUri value="StructureDefinition-sas-cpts-healthcareservice-aggregator.html"/></extension><reference><reference value="StructureDefinition/sas-cpts-healthcareservice-aggregator"/></reference><name value="FrHealthcareServiceAgregateurCPTS"/><description value="Profil dérivé de FrHealthcareService pour le cas d'usage agrégateur CPTS"/><exampleBoolean value="false"/><groupingId value="-str-profile"/></resource><resource><extension url="http://hl7.org/fhir/tools/StructureDefinition/resource-sort"><valueInteger value="999999999"/></extension><extension url="http://hl7.org/fhir/StructureDefinition/implementationguide-page"><valueUri value="StructureDefinition-FrLocationAgregateur.html"/></extension><reference><reference value="StructureDefinition/FrLocationAgregateur"/></reference><name value="FrLocationAgregateur"/><description value="Profil de Location, dérivé de FrLocation, pour le service d'agrégation de créneaux de la plateforme SAS (Service d'accès aux soins)"/><exampleBoolean value="false"/><groupingId value="-str-profile"/></resource><resource><extension url="http://hl7.org/fhir/tools/StructureDefinition/resource-sort"><valueInteger value="999999999"/></extension><extension url="http://hl7.org/fhir/StructureDefinition/implementationguide-page"><valueUri value="StructureDefinition-sas-sos-location-aggregator.html"/></extension><reference><reference value="StructureDefinition/sas-sos-location-aggregator"/></reference><name value="FrLocationAgregateurSOS"/><description value="Profil de Location, dérivé de FrLocation, pour le service d’agrégation de créneaux de la plateforme SAS (Service d’accès aux soins), dans le cadre du cas d’usage SOS Médecins"/><exampleBoolean value="false"/><groupingId value="-str-profile"/></resource><resource><extension url="http://hl7.org/fhir/tools/StructureDefinition/resource-sort"><valueInteger value="999999999"/></extension><extension url="http://hl7.org/fhir/StructureDefinition/implementationguide-page"><valueUri value="StructureDefinition-sas-cpts-organization-aggregator.html"/></extension><reference><reference value="StructureDefinition/sas-cpts-organization-aggregator"/></reference><name value="FrOrganizationAgregateurCPTS"/><description value="Profil dérivé de FrOrganization pour le cas d'usage agrégateur CPTS"/><exampleBoolean value="false"/><groupingId value="-str-profile"/></resource><resource><extension url="http://hl7.org/fhir/tools/StructureDefinition/resource-sort"><valueInteger value="999999999"/></extension><extension url="http://hl7.org/fhir/StructureDefinition/implementationguide-page"><valueUri value="StructureDefinition-sas-sos-organization-aggregator.html"/></extension><reference><reference value="StructureDefinition/sas-sos-organization-aggregator"/></reference><name value="FrOrganizationAgregateurSOS"/><description value="Profil d'Organization, dérivé de FrOrganization, pour le service d’agrégation de créneaux de la plateforme SAS (Service d’accès aux soins), dans le cadre du cas d’usage SOS Médecins"/><exampleBoolean value="false"/><groupingId value="-str-profile"/></resource><resource><extension url="http://hl7.org/fhir/tools/StructureDefinition/resource-sort"><valueInteger value="999999999"/></extension><extension url="http://hl7.org/fhir/StructureDefinition/implementationguide-page"><valueUri value="StructureDefinition-FrPractitionerAgregateur.html"/></extension><reference><reference value="StructureDefinition/FrPractitionerAgregateur"/></reference><name value="FrPractitionerAgregateur"/><description value="Profil de Practitioner, dérivé de FrPractitioner, pour le service d'agrégation de créneaux de la plateforme SAS (Service d'accès aux soins)"/><exampleBoolean value="false"/><groupingId value="-str-profile"/></resource><resource><extension url="http://hl7.org/fhir/tools/StructureDefinition/resource-sort"><valueInteger value="999999999"/></extension><extension url="http://hl7.org/fhir/StructureDefinition/implementationguide-page"><valueUri value="StructureDefinition-FrPractitionerRegul.html"/></extension><reference><reference value="StructureDefinition/FrPractitionerRegul"/></reference><name value="FrPractitionerRegul"/><description value="Profil de Practitioner, dérivé de FrPractitioner, pour la gestion des comptes régulateurs de la plateforme SAS (Service d'accès aux soins)"/><exampleBoolean value="false"/><groupingId value="-str-profile"/></resource><resource><extension url="http://hl7.org/fhir/tools/StructureDefinition/resource-sort"><valueInteger value="999999999"/></extension><extension url="http://hl7.org/fhir/StructureDefinition/implementationguide-page"><valueUri value="StructureDefinition-FrPractitionerRoleExerciceAgregateur.html"/></extension><reference><reference value="StructureDefinition/FrPractitionerRoleExerciceAgregateur"/></reference><name value="FrPractitionerRoleExerciceAgregateur"/><description value="Profil de PractitionerRole, dérivé de FrPractitionerRoleExercice, pour le service d'agrégation de créneaux de la plateforme SAS (Service d'accès aux soins)"/><exampleBoolean value="false"/><groupingId value="-str-profile"/></resource><resource><extension url="http://hl7.org/fhir/tools/StructureDefinition/resource-sort"><valueInteger value="999999999"/></extension><extension url="http://hl7.org/fhir/StructureDefinition/implementationguide-page"><valueUri value="StructureDefinition-FrScheduleAgregateur.html"/></extension><reference><reference value="StructureDefinition/FrScheduleAgregateur"/></reference><name value="FrScheduleAgregateur"/><description value="Profil de Schedule, dérivé de FrSchedule, pour le service d'agrégation de créneaux de la plateforme SAS (Service d'accès aux soins)"/><exampleBoolean value="false"/><groupingId value="-str-profile"/></resource><resource><extension url="http://hl7.org/fhir/tools/StructureDefinition/resource-sort"><valueInteger value="999999999"/></extension><extension url="http://hl7.org/fhir/StructureDefinition/implementationguide-page"><valueUri value="StructureDefinition-sas-sos-schedule-aggregator.html"/></extension><reference><reference value="StructureDefinition/sas-sos-schedule-aggregator"/></reference><name value="FrScheduleAgregateurSOS"/><description value="Profil de Schedule, dérivé de FrSchedule, pour le service d’agrégation de créneaux de la plateforme SAS (Service d’accès aux soins), dans le cadre du cas d’usage SOS Médecins"/><exampleBoolean value="false"/><groupingId value="-str-profile"/></resource><resource><extension url="http://hl7.org/fhir/tools/StructureDefinition/resource-sort"><valueInteger value="999999999"/></extension><extension url="http://hl7.org/fhir/StructureDefinition/implementationguide-page"><valueUri value="StructureDefinition-FrSlotAgregateur.html"/></extension><reference><reference value="StructureDefinition/FrSlotAgregateur"/></reference><name value="FrSlotAgregateur"/><description value="Profil de Slot, dérivé de FrSlot, pour le service d'agrégation de créneaux de la plateforme SAS (Service d'accès aux soins)"/><exampleBoolean value="false"/><groupingId value="-str-profile"/></resource><resource><extension url="http://hl7.org/fhir/tools/StructureDefinition/resource-sort"><valueInteger value="999999999"/></extension><extension url="http://hl7.org/fhir/StructureDefinition/implementationguide-page"><valueUri value="StructureDefinition-sas-cpts-slot-aggregator.html"/></extension><reference><reference value="StructureDefinition/sas-cpts-slot-aggregator"/></reference><name value="FrSlotAgregateurCPTS"/><description value="Profil de Slot, dérivé de FrSlot, pour le service d'agrégation de créneaux de la plateforme SAS (Service d'accès aux soins), dans le cadre du cas d'usage CPTS"/><exampleBoolean value="false"/><groupingId value="-str-profile"/></resource><resource><extension url="http://hl7.org/fhir/tools/StructureDefinition/resource-sort"><valueInteger value="999999999"/></extension><extension url="http://hl7.org/fhir/StructureDefinition/implementationguide-page"><valueUri value="StructureDefinition-sas-sos-slot-aggregator.html"/></extension><reference><reference value="StructureDefinition/sas-sos-slot-aggregator"/></reference><name value="FrSlotAgregateurSOS"/><description value="Profil de Slot, dérivé de FrSlot, pour le service d’agrégation de créneaux de la plateforme SAS (Service d’accès aux soins), dans le cadre du cas d’usage SOS Médecins"/><exampleBoolean value="false"/><groupingId value="-str-profile"/></resource><resource><extension url="http://hl7.org/fhir/tools/StructureDefinition/resource-sort"><valueInteger value="999999999"/></extension><extension url="http://hl7.org/fhir/StructureDefinition/implementationguide-page"><valueUri value="StructureDefinition-sas-cpts-slot-servicetype-aggregator.html"/></extension><reference><reference value="StructureDefinition/sas-cpts-slot-servicetype-aggregator"/></reference><name value="SASServiceTypeR5"/><description value="Extension créée afin de permettre la reference à la ressource HealthcareService. Cette extension implemente l'élément serviceType de R5 https://hl7.org/fhir/slot-definitions.html#Slot.serviceType"/><exampleBoolean value="false"/><groupingId value="-str-extension"/></resource><resource><extension url="http://hl7.org/fhir/tools/StructureDefinition/resource-sort"><valueInteger value="999999999"/></extension><extension url="http://hl7.org/fhir/StructureDefinition/implementationguide-page"><valueUri value="ValueSet-sas-valueset-appointmentreason.html"/></extension><reference><reference value="ValueSet/sas-valueset-appointmentreason"/></reference><name value="Appointment reason SAS"/><description value="Appointment reason SAS"/><exampleBoolean value="false"/><groupingId value="-term-valueset"/></resource><resource><extension url="http://hl7.org/fhir/tools/StructureDefinition/resource-sort"><valueInteger value="999999999"/></extension><extension url="http://hl7.org/fhir/StructureDefinition/implementationguide-page"><valueUri value="ValueSet-sas-valueset-categorieetablissement.html"/></extension><reference><reference value="ValueSet/sas-valueset-categorieetablissement"/></reference><name value="Catégorie établissement SAS"/><description value="Catégorie d'établissement utilisée dans contexte SAS - CPTS dans un premier temps"/><exampleBoolean value="false"/><groupingId value="-term-valueset"/></resource><resource><extension url="http://hl7.org/fhir/tools/StructureDefinition/resource-sort"><valueInteger value="999999999"/></extension><extension url="http://hl7.org/fhir/StructureDefinition/implementationguide-page"><valueUri value="ValueSet-sas-sos-valueset-participant-status.html"/></extension><reference><reference value="ValueSet/sas-sos-valueset-participant-status"/></reference><name value="Statut participant SAS SOS"/><description value="Statut du participant RDV SAS SOS"/><exampleBoolean value="false"/><groupingId value="-term-valueset"/></resource><resource><extension url="http://hl7.org/fhir/tools/StructureDefinition/resource-sort"><valueInteger value="999999999"/></extension><extension url="http://hl7.org/fhir/StructureDefinition/implementationguide-page"><valueUri value="ValueSet-sas-valueset-typeconsultation.html"/></extension><reference><reference value="ValueSet/sas-valueset-typeconsultation"/></reference><name value="Type consultation SAS"/><description value="Type de consultations SAS"/><exampleBoolean value="false"/><groupingId value="-term-valueset"/></resource><resource><extension url="http://hl7.org/fhir/tools/StructureDefinition/resource-sort"><valueInteger value="999999999"/></extension><extension url="http://hl7.org/fhir/StructureDefinition/implementationguide-page"><valueUri value="ValueSet-sas-cpts-valueset-typecreneau.html"/></extension><reference><reference value="ValueSet/sas-cpts-valueset-typecreneau"/></reference><name value="Type créneaux SAS CPTS"/><description value="Type de Créneaux SAS CPTS"/><exampleBoolean value="false"/><groupingId value="-term-valueset"/></resource><resource><extension url="http://hl7.org/fhir/tools/StructureDefinition/resource-sort"><valueInteger value="999999999"/></extension><extension url="http://hl7.org/fhir/StructureDefinition/implementationguide-page"><valueUri value="ValueSet-sas-sos-valueset-typecreneau.html"/></extension><reference><reference value="ValueSet/sas-sos-valueset-typecreneau"/></reference><name value="Type créneaux SAS SOS"/><description value="Type de Créneaux SAS SOS"/><exampleBoolean value="false"/><groupingId value="-term-valueset"/></resource><resource><extension url="http://hl7.org/fhir/tools/StructureDefinition/resource-sort"><valueInteger value="999999999"/></extension><extension url="http://hl7.org/fhir/StructureDefinition/implementationguide-page"><valueUri value="ValueSet-sas-valueset-typeidentifiant.html"/></extension><reference><reference value="ValueSet/sas-valueset-typeidentifiant"/></reference><name value="Type identifiant SAS"/><description value="Type d'identifiant SAS"/><exampleBoolean value="false"/><groupingId value="-term-valueset"/></resource><resource><extension url="http://hl7.org/fhir/tools/StructureDefinition/resource-sort"><valueInteger value="999999999"/></extension><extension url="http://hl7.org/fhir/StructureDefinition/implementationguide-page"><valueUri value="Appointment-1.html"/></extension><reference><reference value="Appointment/1"/></reference><name value="ExampleAppointmentBooked"/><description value="Exemple RDV PS indiv booked"/><exampleCanonical value="http://sas.fr/fhir/StructureDefinition/FrAppointmentSAS"/><groupingId value="-ex-example"/></resource><resource><extension url="http://hl7.org/fhir/tools/StructureDefinition/resource-sort"><valueInteger value="999999999"/></extension><extension url="http://hl7.org/fhir/StructureDefinition/implementationguide-page"><valueUri value="Appointment-2.html"/></extension><reference><reference value="Appointment/2"/></reference><name value="ExampleAppointmentCancelled"/><description value="Exemple RDV PS indiv cancelled"/><exampleCanonical value="http://sas.fr/fhir/StructureDefinition/FrAppointmentSAS"/><groupingId value="-ex-example"/></resource><resource><extension url="http://hl7.org/fhir/tools/StructureDefinition/resource-sort"><valueInteger value="999999999"/></extension><extension url="http://hl7.org/fhir/StructureDefinition/implementationguide-page"><valueUri value="Bundle-ExampleBundleAgregateurSOS.html"/></extension><reference><reference value="Bundle/ExampleBundleAgregateurSOS"/></reference><name value="ExampleBundleAgregateurSOS"/><description value="Exemple Bundle SOS"/><exampleCanonical value="https://interop.esante.gouv.fr/ig/fhir/sas/StructureDefinition/sas-sos-bundle-aggregator"/><groupingId value="-ex-example"/></resource><resource><extension url="http://hl7.org/fhir/tools/StructureDefinition/resource-sort"><valueInteger value="999999999"/></extension><extension url="http://hl7.org/fhir/StructureDefinition/implementationguide-page"><valueUri value="Bundle-ExampleBundleCPTS.html"/></extension><reference><reference value="Bundle/ExampleBundleCPTS"/></reference><name value="ExampleBundleCPTS"/><description value="Exemple Bundle CPTS"/><exampleCanonical value="https://interop.esante.gouv.fr/ig/fhir/sas/StructureDefinition/sas-cpts-bundle-aggregator"/><groupingId value="-ex-example"/></resource><resource><extension url="http://hl7.org/fhir/tools/StructureDefinition/resource-sort"><valueInteger value="999999999"/></extension><extension url="http://hl7.org/fhir/StructureDefinition/implementationguide-page"><valueUri value="Bundle-ExampleBundlePSIndiv.html"/></extension><reference><reference value="Bundle/ExampleBundlePSIndiv"/></reference><name value="ExampleBundlePSIndiv"/><description value="Exemple Bundle PS indiv"/><exampleCanonical value="http://sas.fr/fhir/StructureDefinition/BundleAgregateur"/><groupingId value="-ex-example"/></resource><resource><extension url="http://hl7.org/fhir/tools/StructureDefinition/resource-sort"><valueInteger value="999999999"/></extension><extension url="http://hl7.org/fhir/StructureDefinition/implementationguide-page"><valueUri value="HealthcareService-ExampleHealthcareServiceCPTS1.html"/></extension><reference><reference value="HealthcareService/ExampleHealthcareServiceCPTS1"/></reference><name value="ExampleHealthcareServiceCPTS1"/><description value="Exemple healthcare service CPTS 1"/><exampleCanonical value="https://interop.esante.gouv.fr/ig/fhir/sas/StructureDefinition/sas-cpts-healthcareservice-aggregator"/><groupingId value="-ex-example"/></resource><resource><extension url="http://hl7.org/fhir/tools/StructureDefinition/resource-sort"><valueInteger value="999999999"/></extension><extension url="http://hl7.org/fhir/StructureDefinition/implementationguide-page"><valueUri value="HealthcareService-ExampleHealthcareServiceCPTS2.html"/></extension><reference><reference value="HealthcareService/ExampleHealthcareServiceCPTS2"/></reference><name value="ExampleHealthcareServiceCPTS2"/><description value="Exemple healthcare service CPTS 2"/><exampleCanonical value="https://interop.esante.gouv.fr/ig/fhir/sas/StructureDefinition/sas-cpts-healthcareservice-aggregator"/><groupingId value="-ex-example"/></resource><resource><extension url="http://hl7.org/fhir/tools/StructureDefinition/resource-sort"><valueInteger value="999999999"/></extension><extension url="http://hl7.org/fhir/StructureDefinition/implementationguide-page"><valueUri value="Location-1111111111.html"/></extension><reference><reference value="Location/1111111111"/></reference><name value="ExampleLocationSOS1"/><description value="Exemple 1 location flux agrégateur sos"/><exampleCanonical value="https://interop.esante.gouv.fr/ig/fhir/sas/StructureDefinition/sas-sos-location-aggregator"/><groupingId value="-ex-example"/></resource><resource><extension url="http://hl7.org/fhir/tools/StructureDefinition/resource-sort"><valueInteger value="999999999"/></extension><extension url="http://hl7.org/fhir/StructureDefinition/implementationguide-page"><valueUri value="Location-2222222222.html"/></extension><reference><reference value="Location/2222222222"/></reference><name value="ExampleLocationSOS2"/><description value="Exemple 2 location flux agrégateur sos"/><exampleCanonical value="https://interop.esante.gouv.fr/ig/fhir/sas/StructureDefinition/sas-sos-location-aggregator"/><groupingId value="-ex-example"/></resource><resource><extension url="http://hl7.org/fhir/tools/StructureDefinition/resource-sort"><valueInteger value="999999999"/></extension><extension url="http://hl7.org/fhir/StructureDefinition/implementationguide-page"><valueUri value="Location-3333333333.html"/></extension><reference><reference value="Location/3333333333"/></reference><name value="ExampleLocationSOS3"/><description value="Exemple 3 location flux agrégateur sos"/><exampleCanonical value="https://interop.esante.gouv.fr/ig/fhir/sas/StructureDefinition/sas-sos-location-aggregator"/><groupingId value="-ex-example"/></resource><resource><extension url="http://hl7.org/fhir/tools/StructureDefinition/resource-sort"><valueInteger value="999999999"/></extension><extension url="http://hl7.org/fhir/StructureDefinition/implementationguide-page"><valueUri value="Organization-ExampleOrgaCPTS1.html"/></extension><reference><reference value="Organization/ExampleOrgaCPTS1"/></reference><name value="ExampleOrgaCPTS1"/><description value="Exemple d'organisation CPTS 1"/><exampleCanonical value="https://interop.esante.gouv.fr/ig/fhir/sas/StructureDefinition/sas-cpts-organization-aggregator"/><groupingId value="-ex-example"/></resource><resource><extension url="http://hl7.org/fhir/tools/StructureDefinition/resource-sort"><valueInteger value="999999999"/></extension><extension url="http://hl7.org/fhir/StructureDefinition/implementationguide-page"><valueUri value="Organization-ExampleOrgaCPTS2.html"/></extension><reference><reference value="Organization/ExampleOrgaCPTS2"/></reference><name value="ExampleOrgaCPTS2"/><description value="Exemple d'organisation CPTS 2"/><exampleCanonical value="https://interop.esante.gouv.fr/ig/fhir/sas/StructureDefinition/sas-cpts-organization-aggregator"/><groupingId value="-ex-example"/></resource><resource><extension url="http://hl7.org/fhir/tools/StructureDefinition/resource-sort"><valueInteger value="999999999"/></extension><extension url="http://hl7.org/fhir/StructureDefinition/implementationguide-page"><valueUri value="Organization-ExampleOrgaSOS1.html"/></extension><reference><reference value="Organization/ExampleOrgaSOS1"/></reference><name value="ExampleOrgaSOS1"/><description value="Exemple d'organisation SOS 1"/><exampleCanonical value="https://interop.esante.gouv.fr/ig/fhir/sas/StructureDefinition/sas-sos-organization-aggregator"/><groupingId value="-ex-example"/></resource><resource><extension url="http://hl7.org/fhir/tools/StructureDefinition/resource-sort"><valueInteger value="999999999"/></extension><extension url="http://hl7.org/fhir/StructureDefinition/implementationguide-page"><valueUri value="Organization-ExampleOrgaSOS2.html"/></extension><reference><reference value="Organization/ExampleOrgaSOS2"/></reference><name value="ExampleOrgaSOS2"/><description value="Exemple d'organisation SOS 1"/><exampleCanonical value="https://interop.esante.gouv.fr/ig/fhir/sas/StructureDefinition/sas-sos-organization-aggregator"/><groupingId value="-ex-example"/></resource><resource><extension url="http://hl7.org/fhir/tools/StructureDefinition/resource-sort"><valueInteger value="999999999"/></extension><extension url="http://hl7.org/fhir/StructureDefinition/implementationguide-page"><valueUri value="Practitioner-ExamplePractitioner.html"/></extension><reference><reference value="Practitioner/ExamplePractitioner"/></reference><name value="ExamplePractitioner"/><description value="Exemple 1 practitioner flux agrégateur"/><exampleCanonical value="http://sas.fr/fhir/StructureDefinition/FrPractitionerAgregateur"/><groupingId value="-ex-example"/></resource><resource><extension url="http://hl7.org/fhir/tools/StructureDefinition/resource-sort"><valueInteger value="999999999"/></extension><extension url="http://hl7.org/fhir/StructureDefinition/implementationguide-page"><valueUri value="Practitioner-ExamplePractitioner2.html"/></extension><reference><reference value="Practitioner/ExamplePractitioner2"/></reference><name value="ExamplePractitioner2"/><description value="Exemple 2 practitioner flux agrégateur"/><exampleCanonical value="http://sas.fr/fhir/StructureDefinition/FrPractitionerAgregateur"/><groupingId value="-ex-example"/></resource><resource><extension url="http://hl7.org/fhir/tools/StructureDefinition/resource-sort"><valueInteger value="999999999"/></extension><extension url="http://hl7.org/fhir/StructureDefinition/implementationguide-page"><valueUri value="Practitioner-ExamplePractitioner3.html"/></extension><reference><reference value="Practitioner/ExamplePractitioner3"/></reference><name value="ExamplePractitioner3"/><description value="Exemple 3 practitioner flux agrégateur"/><exampleCanonical value="http://sas.fr/fhir/StructureDefinition/FrPractitionerAgregateur"/><groupingId value="-ex-example"/></resource><resource><extension url="http://hl7.org/fhir/tools/StructureDefinition/resource-sort"><valueInteger value="999999999"/></extension><extension url="http://hl7.org/fhir/StructureDefinition/implementationguide-page"><valueUri value="Practitioner-ExamplePractitionerRegul.html"/></extension><reference><reference value="Practitioner/ExamplePractitionerRegul"/></reference><name value="ExamplePractitionerRegul"/><description value="Exemple 1 practitioner flux régulateur"/><exampleCanonical value="https://interop.esante.gouv.fr/ig/fhir/sas/StructureDefinition/FrPractitionerRegul"/><groupingId value="-ex-example"/></resource><resource><extension url="http://hl7.org/fhir/tools/StructureDefinition/resource-sort"><valueInteger value="999999999"/></extension><extension url="http://hl7.org/fhir/StructureDefinition/implementationguide-page"><valueUri value="PractitionerRole-ExamplePractitionerRoleAgregateur.html"/></extension><reference><reference value="PractitionerRole/ExamplePractitionerRoleAgregateur"/></reference><name value="ExamplePractitionerRoleAgregateur"/><description value="Exemple 1 PractitionerRole flux agrégateur"/><exampleCanonical value="http://sas.fr/fhir/StructureDefinition/FrPractitionerRoleExerciceAgregateur"/><groupingId value="-ex-example"/></resource><resource><extension url="http://hl7.org/fhir/tools/StructureDefinition/resource-sort"><valueInteger value="999999999"/></extension><extension url="http://hl7.org/fhir/StructureDefinition/implementationguide-page"><valueUri value="PractitionerRole-ExamplePractitionerRoleAgregateur2.html"/></extension><reference><reference value="PractitionerRole/ExamplePractitionerRoleAgregateur2"/></reference><name value="ExamplePractitionerRoleAgregateur2"/><description value="Exemple 2 PractitionerRole flux agrégateur"/><exampleCanonical value="http://sas.fr/fhir/StructureDefinition/FrPractitionerRoleExerciceAgregateur"/><groupingId value="-ex-example"/></resource><resource><extension url="http://hl7.org/fhir/tools/StructureDefinition/resource-sort"><valueInteger value="999999999"/></extension><extension url="http://hl7.org/fhir/StructureDefinition/implementationguide-page"><valueUri value="PractitionerRole-ExamplePractitionerRoleAgregateur3.html"/></extension><reference><reference value="PractitionerRole/ExamplePractitionerRoleAgregateur3"/></reference><name value="ExamplePractitionerRoleAgregateur3"/><description value="Exemple 3 PractitionerRole flux agrégateur"/><exampleCanonical value="http://sas.fr/fhir/StructureDefinition/FrPractitionerRoleExerciceAgregateur"/><groupingId value="-ex-example"/></resource><resource><extension url="http://hl7.org/fhir/tools/StructureDefinition/resource-sort"><valueInteger value="999999999"/></extension><extension url="http://hl7.org/fhir/StructureDefinition/implementationguide-page"><valueUri value="PractitionerRole-ExamplePractitionerRoleAgregateur4.html"/></extension><reference><reference value="PractitionerRole/ExamplePractitionerRoleAgregateur4"/></reference><name value="ExamplePractitionerRoleAgregateur4"/><description value="Exemple 4 PractitionerRole flux agrégateur"/><exampleCanonical value="http://sas.fr/fhir/StructureDefinition/FrPractitionerRoleExerciceAgregateur"/><groupingId value="-ex-example"/></resource><resource><extension url="http://hl7.org/fhir/tools/StructureDefinition/resource-sort"><valueInteger value="999999999"/></extension><extension url="http://hl7.org/fhir/StructureDefinition/implementationguide-page"><valueUri value="Schedule-ExampleSchedule.html"/></extension><reference><reference value="Schedule/ExampleSchedule"/></reference><name value="ExampleSchedule"/><description value="Exemple ressource schedule"/><exampleCanonical value="http://sas.fr/fhir/StructureDefinition/FrScheduleAgregateur"/><groupingId value="-ex-example"/></resource><resource><extension url="http://hl7.org/fhir/tools/StructureDefinition/resource-sort"><valueInteger value="999999999"/></extension><extension url="http://hl7.org/fhir/StructureDefinition/implementationguide-page"><valueUri value="Schedule-ExampleSchedule1.html"/></extension><reference><reference value="Schedule/ExampleSchedule1"/></reference><name value="ExampleSchedule1"/><description value="Exemple 1 ressource schedule"/><exampleCanonical value="http://sas.fr/fhir/StructureDefinition/FrScheduleAgregateur"/><groupingId value="-ex-example"/></resource><resource><extension url="http://hl7.org/fhir/tools/StructureDefinition/resource-sort"><valueInteger value="999999999"/></extension><extension url="http://hl7.org/fhir/StructureDefinition/implementationguide-page"><valueUri value="Schedule-ExampleSchedule2.html"/></extension><reference><reference value="Schedule/ExampleSchedule2"/></reference><name value="ExampleSchedule2"/><description value="Exemple 2 ressource schedule"/><exampleCanonical value="http://sas.fr/fhir/StructureDefinition/FrScheduleAgregateur"/><groupingId value="-ex-example"/></resource><resource><extension url="http://hl7.org/fhir/tools/StructureDefinition/resource-sort"><valueInteger value="999999999"/></extension><extension url="http://hl7.org/fhir/StructureDefinition/implementationguide-page"><valueUri value="Schedule-ExampleSchedule3.html"/></extension><reference><reference value="Schedule/ExampleSchedule3"/></reference><name value="ExampleSchedule3"/><description value="Exemple 3 ressource schedule"/><exampleCanonical value="http://sas.fr/fhir/StructureDefinition/FrScheduleAgregateur"/><groupingId value="-ex-example"/></resource><resource><extension url="http://hl7.org/fhir/tools/StructureDefinition/resource-sort"><valueInteger value="999999999"/></extension><extension url="http://hl7.org/fhir/StructureDefinition/implementationguide-page"><valueUri value="Schedule-ExampleScheduleSOS1.html"/></extension><reference><reference value="Schedule/ExampleScheduleSOS1"/></reference><name value="ExampleScheduleSOS1"/><description value="Exemple 1 ressource schedule sos"/><exampleCanonical value="https://interop.esante.gouv.fr/ig/fhir/sas/StructureDefinition/sas-sos-schedule-aggregator"/><groupingId value="-ex-example"/></resource><resource><extension url="http://hl7.org/fhir/tools/StructureDefinition/resource-sort"><valueInteger value="999999999"/></extension><extension url="http://hl7.org/fhir/StructureDefinition/implementationguide-page"><valueUri value="Schedule-ExampleScheduleSOS2.html"/></extension><reference><reference value="Schedule/ExampleScheduleSOS2"/></reference><name value="ExampleScheduleSOS2"/><description value="Exemple 2 ressource schedule sos"/><exampleCanonical value="https://interop.esante.gouv.fr/ig/fhir/sas/StructureDefinition/sas-sos-schedule-aggregator"/><groupingId value="-ex-example"/></resource><resource><extension url="http://hl7.org/fhir/tools/StructureDefinition/resource-sort"><valueInteger value="999999999"/></extension><extension url="http://hl7.org/fhir/StructureDefinition/implementationguide-page"><valueUri value="Schedule-ExampleScheduleSOS3.html"/></extension><reference><reference value="Schedule/ExampleScheduleSOS3"/></reference><name value="ExampleScheduleSOS3"/><description value="Exemple 3 ressource schedule sos"/><exampleCanonical value="https://interop.esante.gouv.fr/ig/fhir/sas/StructureDefinition/sas-sos-schedule-aggregator"/><groupingId value="-ex-example"/></resource><resource><extension url="http://hl7.org/fhir/tools/StructureDefinition/resource-sort"><valueInteger value="999999999"/></extension><extension url="http://hl7.org/fhir/StructureDefinition/implementationguide-page"><valueUri value="Slot-ExampleSlotCPTS1.html"/></extension><reference><reference value="Slot/ExampleSlotCPTS1"/></reference><name value="ExampleSlotCPTS1"/><description value="Exemple ressource slot CPTS - une CPTS"/><exampleCanonical value="https://interop.esante.gouv.fr/ig/fhir/sas/StructureDefinition/sas-cpts-slot-aggregator"/><groupingId value="-ex-example"/></resource><resource><extension url="http://hl7.org/fhir/tools/StructureDefinition/resource-sort"><valueInteger value="999999999"/></extension><extension url="http://hl7.org/fhir/StructureDefinition/implementationguide-page"><valueUri value="Slot-ExampleSlotCPTS2.html"/></extension><reference><reference value="Slot/ExampleSlotCPTS2"/></reference><name value="ExampleSlotCPTS2"/><description value="Exemple ressource slot CPTS - deux CPTS"/><exampleCanonical value="https://interop.esante.gouv.fr/ig/fhir/sas/StructureDefinition/sas-cpts-slot-aggregator"/><groupingId value="-ex-example"/></resource><resource><extension url="http://hl7.org/fhir/tools/StructureDefinition/resource-sort"><valueInteger value="999999999"/></extension><extension url="http://hl7.org/fhir/StructureDefinition/implementationguide-page"><valueUri value="Slot-ExampleSlotPSIndiv1.html"/></extension><reference><reference value="Slot/ExampleSlotPSIndiv1"/></reference><name value="ExampleSlotPSIndiv1"/><description value="Exemple 1 ressource slot PS indiv"/><exampleCanonical value="http://sas.fr/fhir/StructureDefinition/FrSlotAgregateur"/><groupingId value="-ex-example"/></resource><resource><extension url="http://hl7.org/fhir/tools/StructureDefinition/resource-sort"><valueInteger value="999999999"/></extension><extension url="http://hl7.org/fhir/StructureDefinition/implementationguide-page"><valueUri value="Slot-ExampleSlotPSIndiv2.html"/></extension><reference><reference value="Slot/ExampleSlotPSIndiv2"/></reference><name value="ExampleSlotPSIndiv2"/><description value="Exemple 2 ressource slot PS indiv"/><exampleCanonical value="http://sas.fr/fhir/StructureDefinition/FrSlotAgregateur"/><groupingId value="-ex-example"/></resource><resource><extension url="http://hl7.org/fhir/tools/StructureDefinition/resource-sort"><valueInteger value="999999999"/></extension><extension url="http://hl7.org/fhir/StructureDefinition/implementationguide-page"><valueUri value="Slot-ExampleSlotPSIndiv3.html"/></extension><reference><reference value="Slot/ExampleSlotPSIndiv3"/></reference><name value="ExampleSlotPSIndiv3"/><description value="Exemple 3 ressource slot PS indiv"/><exampleCanonical value="http://sas.fr/fhir/StructureDefinition/FrSlotAgregateur"/><groupingId value="-ex-example"/></resource><resource><extension url="http://hl7.org/fhir/tools/StructureDefinition/resource-sort"><valueInteger value="999999999"/></extension><extension url="http://hl7.org/fhir/StructureDefinition/implementationguide-page"><valueUri value="Slot-ExampleSlotPSIndiv4.html"/></extension><reference><reference value="Slot/ExampleSlotPSIndiv4"/></reference><name value="ExampleSlotPSIndiv4"/><description value="Exemple 4 ressource slot PS indiv"/><exampleCanonical value="http://sas.fr/fhir/StructureDefinition/FrSlotAgregateur"/><groupingId value="-ex-example"/></resource><resource><extension url="http://hl7.org/fhir/tools/StructureDefinition/resource-sort"><valueInteger value="999999999"/></extension><extension url="http://hl7.org/fhir/StructureDefinition/implementationguide-page"><valueUri value="Slot-ExampleSlotSOS1.html"/></extension><reference><reference value="Slot/ExampleSlotSOS1"/></reference><name value="ExampleSlotSOS1"/><description value="Exemple 1 ressource slot sos"/><exampleCanonical value="https://interop.esante.gouv.fr/ig/fhir/sas/StructureDefinition/sas-sos-slot-aggregator"/><groupingId value="-ex-example"/></resource><resource><extension url="http://hl7.org/fhir/tools/StructureDefinition/resource-sort"><valueInteger value="999999999"/></extension><extension url="http://hl7.org/fhir/StructureDefinition/implementationguide-page"><valueUri value="Slot-ExampleSlotSOS2.html"/></extension><reference><reference value="Slot/ExampleSlotSOS2"/></reference><name value="ExampleSlotSOS2"/><description value="Exemple 2 ressource slot sos"/><exampleCanonical value="https://interop.esante.gouv.fr/ig/fhir/sas/StructureDefinition/sas-sos-slot-aggregator"/><groupingId value="-ex-example"/></resource><resource><extension url="http://hl7.org/fhir/tools/StructureDefinition/resource-sort"><valueInteger value="999999999"/></extension><extension url="http://hl7.org/fhir/StructureDefinition/implementationguide-page"><valueUri value="Slot-ExampleSlotSOS3.html"/></extension><reference><reference value="Slot/ExampleSlotSOS3"/></reference><name value="ExampleSlotSOS3"/><description value="Exemple 3 ressource slot sos"/><exampleCanonical value="https://interop.esante.gouv.fr/ig/fhir/sas/StructureDefinition/sas-sos-slot-aggregator"/><groupingId value="-ex-example"/></resource><resource><extension url="http://hl7.org/fhir/tools/StructureDefinition/resource-sort"><valueInteger value="999999999"/></extension><extension url="http://hl7.org/fhir/StructureDefinition/implementationguide-page"><valueUri value="Slot-ExampleSlotSOS4.html"/></extension><reference><reference value="Slot/ExampleSlotSOS4"/></reference><name value="ExampleSlotSOS4"/><description value="Exemple 4 ressource slot sos"/><exampleCanonical value="https://interop.esante.gouv.fr/ig/fhir/sas/StructureDefinition/sas-sos-slot-aggregator"/><groupingId value="-ex-example"/></resource><page><extension url="http://hl7.org/fhir/tools/StructureDefinition/ig-page-name"><valueUrl value="toc.html"/></extension><nameUrl value="toc.html"/><title value="Table of Contents"/><generation value="html"/><page><extension url="http://hl7.org/fhir/tools/StructureDefinition/ig-page-name"><valueUrl value="index.html"/></extension><nameUrl value="index.html"/><title value="Accueil"/><generation value="markdown"/></page><page><extension url="http://hl7.org/fhir/tools/StructureDefinition/ig-page-name"><valueUrl value="specifications_fonctionnelles.html"/></extension><nameUrl value="specifications_fonctionnelles.html"/><title value="Spécif. fonctionnelles"/><generation value="markdown"/></page><page><extension url="http://hl7.org/fhir/tools/StructureDefinition/ig-page-name"><valueUrl value="specifications_techniques-ps-recherche_creneaux.html"/></extension><nameUrl value="specifications_techniques-ps-recherche_creneaux.html"/><title value="PS indiv. - Recherche des créneaux"/><generation value="markdown"/></page><page><extension url="http://hl7.org/fhir/tools/StructureDefinition/ig-page-name"><valueUrl value="specifications_techniques-ps-gestion_rdv.html"/></extension><nameUrl value="specifications_techniques-ps-gestion_rdv.html"/><title value="PS indiv. - Gestion de rendez-vous"/><generation value="markdown"/></page><page><extension url="http://hl7.org/fhir/tools/StructureDefinition/ig-page-name"><valueUrl value="specifications_techniques-cpts-recherche_creneaux.html"/></extension><nameUrl value="specifications_techniques-cpts-recherche_creneaux.html"/><title value="CPTS - Recherche des créneaux"/><generation value="markdown"/></page><page><extension url="http://hl7.org/fhir/tools/StructureDefinition/ig-page-name"><valueUrl value="specifications_techniques-cpts-gestion_rdv.html"/></extension><nameUrl value="specifications_techniques-cpts-gestion_rdv.html"/><title value="CPTS - Gestion de rendez-vous"/><generation value="markdown"/></page><page><extension url="http://hl7.org/fhir/tools/StructureDefinition/ig-page-name"><valueUrl value="specifications_techniques-sos-recherche_creneaux.html"/></extension><nameUrl value="specifications_techniques-sos-recherche_creneaux.html"/><title value="SOS Médecins - Recherche des créneaux"/><generation value="markdown"/></page><page><extension url="http://hl7.org/fhir/tools/StructureDefinition/ig-page-name"><valueUrl value="specifications_techniques-sos-gestion_rdv.html"/></extension><nameUrl value="specifications_techniques-sos-gestion_rdv.html"/><title value="SOS Médecins - Gestion de rendez-vous"/><generation value="markdown"/></page><page><extension url="http://hl7.org/fhir/tools/StructureDefinition/ig-page-name"><valueUrl value="ressources_casusage.html"/></extension><nameUrl value="ressources_casusage.html"/><title value="Ressources par cas d'usage"/><generation value="markdown"/></page><page><extension url="http://hl7.org/fhir/tools/StructureDefinition/ig-page-name"><valueUrl value="autres_ressources.html"/></extension><nameUrl value="autres_ressources.html"/><title value="Autres Ressources"/><generation value="markdown"/><page><extension url="http://hl7.org/fhir/tools/StructureDefinition/ig-page-name"><valueUrl value="securite.html"/></extension><nameUrl value="securite.html"/><title value="Sécurité"/><generation value="markdown"/></page><page><extension url="http://hl7.org/fhir/tools/StructureDefinition/ig-page-name"><valueUrl value="faq.html"/></extension><nameUrl value="faq.html"/><title value="FAQ"/><generation value="markdown"/></page><page><extension url="http://hl7.org/fhir/tools/StructureDefinition/ig-page-name"><valueUrl value="annexes.html"/></extension><nameUrl value="annexes.html"/><title value="Annexes"/><generation value="markdown"/></page><page><extension url="http://hl7.org/fhir/tools/StructureDefinition/ig-page-name"><valueUrl value="downloads.html"/></extension><nameUrl value="downloads.html"/><title value="Téléchargements et usages"/><generation value="markdown"/></page></page><page><extension url="http://hl7.org/fhir/tools/StructureDefinition/ig-page-name"><valueUrl value="artifacts.html"/></extension><nameUrl value="artifacts.html"/><title value="Artifacts Summary"/><generation value="html"/><page><extension url="http://hl7.org/fhir/tools/StructureDefinition/ig-page-name"><valueUrl value="SearchParameter-cptsslot-sp-servicetype.html"/></extension><nameUrl value="SearchParameter-cptsslot-sp-servicetype.html"/><title value="cptsslot-sp-servicetype"/><generation value="generated"/></page><page><extension url="http://hl7.org/fhir/tools/StructureDefinition/ig-page-name"><valueUrl value="SearchParameter-slot-sp-start.html"/></extension><nameUrl value="SearchParameter-slot-sp-start.html"/><title value="slot-sp-start"/><generation value="generated"/></page><page><extension url="http://hl7.org/fhir/tools/StructureDefinition/ig-page-name"><valueUrl value="StructureDefinition-BundleAgregateur.html"/></extension><nameUrl value="StructureDefinition-BundleAgregateur.html"/><title value="BundleAgregateur"/><generation value="generated"/></page><page><extension url="http://hl7.org/fhir/tools/StructureDefinition/ig-page-name"><valueUrl value="StructureDefinition-sas-cpts-bundle-aggregator.html"/></extension><nameUrl value="StructureDefinition-sas-cpts-bundle-aggregator.html"/><title value="BundleAgregateurCPTS"/><generation value="generated"/></page><page><extension url="http://hl7.org/fhir/tools/StructureDefinition/ig-page-name"><valueUrl value="StructureDefinition-sas-sos-bundle-aggregator.html"/></extension><nameUrl value="StructureDefinition-sas-sos-bundle-aggregator.html"/><title value="BundleAgregateurSOS"/><generation value="generated"/></page><page><extension url="http://hl7.org/fhir/tools/StructureDefinition/ig-page-name"><valueUrl value="StructureDefinition-FrAppointmentSAS.html"/></extension><nameUrl value="StructureDefinition-FrAppointmentSAS.html"/><title value="FrAppointmentSAS"/><generation value="generated"/></page><page><extension url="http://hl7.org/fhir/tools/StructureDefinition/ig-page-name"><valueUrl value="StructureDefinition-sas-sos-appointment.html"/></extension><nameUrl value="StructureDefinition-sas-sos-appointment.html"/><title value="FrAppointmentSASSOS"/><generation value="generated"/></page><page><extension url="http://hl7.org/fhir/tools/StructureDefinition/ig-page-name"><valueUrl value="StructureDefinition-sas-cpts-healthcareservice-aggregator.html"/></extension><nameUrl value="StructureDefinition-sas-cpts-healthcareservice-aggregator.html"/><title value="FrHealthcareServiceAgregateurCPTS"/><generation value="generated"/></page><page><extension url="http://hl7.org/fhir/tools/StructureDefinition/ig-page-name"><valueUrl value="StructureDefinition-FrLocationAgregateur.html"/></extension><nameUrl value="StructureDefinition-FrLocationAgregateur.html"/><title value="FrLocationAgregateur"/><generation value="generated"/></page><page><extension url="http://hl7.org/fhir/tools/StructureDefinition/ig-page-name"><valueUrl value="StructureDefinition-sas-sos-location-aggregator.html"/></extension><nameUrl value="StructureDefinition-sas-sos-location-aggregator.html"/><title value="FrLocationAgregateurSOS"/><generation value="generated"/></page><page><extension url="http://hl7.org/fhir/tools/StructureDefinition/ig-page-name"><valueUrl value="StructureDefinition-sas-cpts-organization-aggregator.html"/></extension><nameUrl value="StructureDefinition-sas-cpts-organization-aggregator.html"/><title value="FrOrganizationAgregateurCPTS"/><generation value="generated"/></page><page><extension url="http://hl7.org/fhir/tools/StructureDefinition/ig-page-name"><valueUrl value="StructureDefinition-sas-sos-organization-aggregator.html"/></extension><nameUrl value="StructureDefinition-sas-sos-organization-aggregator.html"/><title value="FrOrganizationAgregateurSOS"/><generation value="generated"/></page><page><extension url="http://hl7.org/fhir/tools/StructureDefinition/ig-page-name"><valueUrl value="StructureDefinition-FrPractitionerAgregateur.html"/></extension><nameUrl value="StructureDefinition-FrPractitionerAgregateur.html"/><title value="FrPractitionerAgregateur"/><generation value="generated"/></page><page><extension url="http://hl7.org/fhir/tools/StructureDefinition/ig-page-name"><valueUrl value="StructureDefinition-FrPractitionerRegul.html"/></extension><nameUrl value="StructureDefinition-FrPractitionerRegul.html"/><title value="FrPractitionerRegul"/><generation value="generated"/></page><page><extension url="http://hl7.org/fhir/tools/StructureDefinition/ig-page-name"><valueUrl value="StructureDefinition-FrPractitionerRoleExerciceAgregateur.html"/></extension><nameUrl value="StructureDefinition-FrPractitionerRoleExerciceAgregateur.html"/><title value="FrPractitionerRoleExerciceAgregateur"/><generation value="generated"/></page><page><extension url="http://hl7.org/fhir/tools/StructureDefinition/ig-page-name"><valueUrl value="StructureDefinition-FrScheduleAgregateur.html"/></extension><nameUrl value="StructureDefinition-FrScheduleAgregateur.html"/><title value="FrScheduleAgregateur"/><generation value="generated"/></page><page><extension url="http://hl7.org/fhir/tools/StructureDefinition/ig-page-name"><valueUrl value="StructureDefinition-sas-sos-schedule-aggregator.html"/></extension><nameUrl value="StructureDefinition-sas-sos-schedule-aggregator.html"/><title value="FrScheduleAgregateurSOS"/><generation value="generated"/></page><page><extension url="http://hl7.org/fhir/tools/StructureDefinition/ig-page-name"><valueUrl value="StructureDefinition-FrSlotAgregateur.html"/></extension><nameUrl value="StructureDefinition-FrSlotAgregateur.html"/><title value="FrSlotAgregateur"/><generation value="generated"/></page><page><extension url="http://hl7.org/fhir/tools/StructureDefinition/ig-page-name"><valueUrl value="StructureDefinition-sas-cpts-slot-aggregator.html"/></extension><nameUrl value="StructureDefinition-sas-cpts-slot-aggregator.html"/><title value="FrSlotAgregateurCPTS"/><generation value="generated"/></page><page><extension url="http://hl7.org/fhir/tools/StructureDefinition/ig-page-name"><valueUrl value="StructureDefinition-sas-sos-slot-aggregator.html"/></extension><nameUrl value="StructureDefinition-sas-sos-slot-aggregator.html"/><title value="FrSlotAgregateurSOS"/><generation value="generated"/></page><page><extension url="http://hl7.org/fhir/tools/StructureDefinition/ig-page-name"><valueUrl value="StructureDefinition-sas-cpts-slot-servicetype-aggregator.html"/></extension><nameUrl value="StructureDefinition-sas-cpts-slot-servicetype-aggregator.html"/><title value="SASServiceTypeR5"/><generation value="generated"/></page><page><extension url="http://hl7.org/fhir/tools/StructureDefinition/ig-page-name"><valueUrl value="ValueSet-sas-valueset-appointmentreason.html"/></extension><nameUrl value="ValueSet-sas-valueset-appointmentreason.html"/><title value="Appointment reason SAS"/><generation value="generated"/></page><page><extension url="http://hl7.org/fhir/tools/StructureDefinition/ig-page-name"><valueUrl value="ValueSet-sas-valueset-categorieetablissement.html"/></extension><nameUrl value="ValueSet-sas-valueset-categorieetablissement.html"/><title value="Catégorie établissement SAS"/><generation value="generated"/></page><page><extension url="http://hl7.org/fhir/tools/StructureDefinition/ig-page-name"><valueUrl value="ValueSet-sas-sos-valueset-participant-status.html"/></extension><nameUrl value="ValueSet-sas-sos-valueset-participant-status.html"/><title value="Statut participant SAS SOS"/><generation value="generated"/></page><page><extension url="http://hl7.org/fhir/tools/StructureDefinition/ig-page-name"><valueUrl value="ValueSet-sas-valueset-typeconsultation.html"/></extension><nameUrl value="ValueSet-sas-valueset-typeconsultation.html"/><title value="Type consultation SAS"/><generation value="generated"/></page><page><extension url="http://hl7.org/fhir/tools/StructureDefinition/ig-page-name"><valueUrl value="ValueSet-sas-cpts-valueset-typecreneau.html"/></extension><nameUrl value="ValueSet-sas-cpts-valueset-typecreneau.html"/><title value="Type créneaux SAS CPTS"/><generation value="generated"/></page><page><extension url="http://hl7.org/fhir/tools/StructureDefinition/ig-page-name"><valueUrl value="ValueSet-sas-sos-valueset-typecreneau.html"/></extension><nameUrl value="ValueSet-sas-sos-valueset-typecreneau.html"/><title value="Type créneaux SAS SOS"/><generation value="generated"/></page><page><extension url="http://hl7.org/fhir/tools/StructureDefinition/ig-page-name"><valueUrl value="ValueSet-sas-valueset-typeidentifiant.html"/></extension><nameUrl value="ValueSet-sas-valueset-typeidentifiant.html"/><title value="Type identifiant SAS"/><generation value="generated"/></page><page><extension url="http://hl7.org/fhir/tools/StructureDefinition/ig-page-name"><valueUrl value="Appointment-1.html"/></extension><nameUrl value="Appointment-1.html"/><title value="ExampleAppointmentBooked"/><generation value="generated"/></page><page><extension url="http://hl7.org/fhir/tools/StructureDefinition/ig-page-name"><valueUrl value="Appointment-2.html"/></extension><nameUrl value="Appointment-2.html"/><title value="ExampleAppointmentCancelled"/><generation value="generated"/></page><page><extension url="http://hl7.org/fhir/tools/StructureDefinition/ig-page-name"><valueUrl value="Bundle-ExampleBundleAgregateurSOS.html"/></extension><nameUrl value="Bundle-ExampleBundleAgregateurSOS.html"/><title value="ExampleBundleAgregateurSOS"/><generation value="generated"/></page><page><extension url="http://hl7.org/fhir/tools/StructureDefinition/ig-page-name"><valueUrl value="Bundle-ExampleBundleCPTS.html"/></extension><nameUrl value="Bundle-ExampleBundleCPTS.html"/><title value="ExampleBundleCPTS"/><generation value="generated"/></page><page><extension url="http://hl7.org/fhir/tools/StructureDefinition/ig-page-name"><valueUrl value="Bundle-ExampleBundlePSIndiv.html"/></extension><nameUrl value="Bundle-ExampleBundlePSIndiv.html"/><title value="ExampleBundlePSIndiv"/><generation value="generated"/></page><page><extension url="http://hl7.org/fhir/tools/StructureDefinition/ig-page-name"><valueUrl value="HealthcareService-ExampleHealthcareServiceCPTS1.html"/></extension><nameUrl value="HealthcareService-ExampleHealthcareServiceCPTS1.html"/><title value="ExampleHealthcareServiceCPTS1"/><generation value="generated"/></page><page><extension url="http://hl7.org/fhir/tools/StructureDefinition/ig-page-name"><valueUrl value="HealthcareService-ExampleHealthcareServiceCPTS2.html"/></extension><nameUrl value="HealthcareService-ExampleHealthcareServiceCPTS2.html"/><title value="ExampleHealthcareServiceCPTS2"/><generation value="generated"/></page><page><extension url="http://hl7.org/fhir/tools/StructureDefinition/ig-page-name"><valueUrl value="Location-1111111111.html"/></extension><nameUrl value="Location-1111111111.html"/><title value="ExampleLocationSOS1"/><generation value="generated"/></page><page><extension url="http://hl7.org/fhir/tools/StructureDefinition/ig-page-name"><valueUrl value="Location-2222222222.html"/></extension><nameUrl value="Location-2222222222.html"/><title value="ExampleLocationSOS2"/><generation value="generated"/></page><page><extension url="http://hl7.org/fhir/tools/StructureDefinition/ig-page-name"><valueUrl value="Location-3333333333.html"/></extension><nameUrl value="Location-3333333333.html"/><title value="ExampleLocationSOS3"/><generation value="generated"/></page><page><extension url="http://hl7.org/fhir/tools/StructureDefinition/ig-page-name"><valueUrl value="Organization-ExampleOrgaCPTS1.html"/></extension><nameUrl value="Organization-ExampleOrgaCPTS1.html"/><title value="ExampleOrgaCPTS1"/><generation value="generated"/></page><page><extension url="http://hl7.org/fhir/tools/StructureDefinition/ig-page-name"><valueUrl value="Organization-ExampleOrgaCPTS2.html"/></extension><nameUrl value="Organization-ExampleOrgaCPTS2.html"/><title value="ExampleOrgaCPTS2"/><generation value="generated"/></page><page><extension url="http://hl7.org/fhir/tools/StructureDefinition/ig-page-name"><valueUrl value="Organization-ExampleOrgaSOS1.html"/></extension><nameUrl value="Organization-ExampleOrgaSOS1.html"/><title value="ExampleOrgaSOS1"/><generation value="generated"/></page><page><extension url="http://hl7.org/fhir/tools/StructureDefinition/ig-page-name"><valueUrl value="Organization-ExampleOrgaSOS2.html"/></extension><nameUrl value="Organization-ExampleOrgaSOS2.html"/><title value="ExampleOrgaSOS2"/><generation value="generated"/></page><page><extension url="http://hl7.org/fhir/tools/StructureDefinition/ig-page-name"><valueUrl value="Practitioner-ExamplePractitioner.html"/></extension><nameUrl value="Practitioner-ExamplePractitioner.html"/><title value="ExamplePractitioner"/><generation value="generated"/></page><page><extension url="http://hl7.org/fhir/tools/StructureDefinition/ig-page-name"><valueUrl value="Practitioner-ExamplePractitioner2.html"/></extension><nameUrl value="Practitioner-ExamplePractitioner2.html"/><title value="ExamplePractitioner2"/><generation value="generated"/></page><page><extension url="http://hl7.org/fhir/tools/StructureDefinition/ig-page-name"><valueUrl value="Practitioner-ExamplePractitioner3.html"/></extension><nameUrl value="Practitioner-ExamplePractitioner3.html"/><title value="ExamplePractitioner3"/><generation value="generated"/></page><page><extension url="http://hl7.org/fhir/tools/StructureDefinition/ig-page-name"><valueUrl value="Practitioner-ExamplePractitionerRegul.html"/></extension><nameUrl value="Practitioner-ExamplePractitionerRegul.html"/><title value="ExamplePractitionerRegul"/><generation value="generated"/></page><page><extension url="http://hl7.org/fhir/tools/StructureDefinition/ig-page-name"><valueUrl value="PractitionerRole-ExamplePractitionerRoleAgregateur.html"/></extension><nameUrl value="PractitionerRole-ExamplePractitionerRoleAgregateur.html"/><title value="ExamplePractitionerRoleAgregateur"/><generation value="generated"/></page><page><extension url="http://hl7.org/fhir/tools/StructureDefinition/ig-page-name"><valueUrl value="PractitionerRole-ExamplePractitionerRoleAgregateur2.html"/></extension><nameUrl value="PractitionerRole-ExamplePractitionerRoleAgregateur2.html"/><title value="ExamplePractitionerRoleAgregateur2"/><generation value="generated"/></page><page><extension url="http://hl7.org/fhir/tools/StructureDefinition/ig-page-name"><valueUrl value="PractitionerRole-ExamplePractitionerRoleAgregateur3.html"/></extension><nameUrl value="PractitionerRole-ExamplePractitionerRoleAgregateur3.html"/><title value="ExamplePractitionerRoleAgregateur3"/><generation value="generated"/></page><page><extension url="http://hl7.org/fhir/tools/StructureDefinition/ig-page-name"><valueUrl value="PractitionerRole-ExamplePractitionerRoleAgregateur4.html"/></extension><nameUrl value="PractitionerRole-ExamplePractitionerRoleAgregateur4.html"/><title value="ExamplePractitionerRoleAgregateur4"/><generation value="generated"/></page><page><extension url="http://hl7.org/fhir/tools/StructureDefinition/ig-page-name"><valueUrl value="Schedule-ExampleSchedule.html"/></extension><nameUrl value="Schedule-ExampleSchedule.html"/><title value="ExampleSchedule"/><generation value="generated"/></page><page><extension url="http://hl7.org/fhir/tools/StructureDefinition/ig-page-name"><valueUrl value="Schedule-ExampleSchedule1.html"/></extension><nameUrl value="Schedule-ExampleSchedule1.html"/><title value="ExampleSchedule1"/><generation value="generated"/></page><page><extension url="http://hl7.org/fhir/tools/StructureDefinition/ig-page-name"><valueUrl value="Schedule-ExampleSchedule2.html"/></extension><nameUrl value="Schedule-ExampleSchedule2.html"/><title value="ExampleSchedule2"/><generation value="generated"/></page><page><extension url="http://hl7.org/fhir/tools/StructureDefinition/ig-page-name"><valueUrl value="Schedule-ExampleSchedule3.html"/></extension><nameUrl value="Schedule-ExampleSchedule3.html"/><title value="ExampleSchedule3"/><generation value="generated"/></page><page><extension url="http://hl7.org/fhir/tools/StructureDefinition/ig-page-name"><valueUrl value="Schedule-ExampleScheduleSOS1.html"/></extension><nameUrl value="Schedule-ExampleScheduleSOS1.html"/><title value="ExampleScheduleSOS1"/><generation value="generated"/></page><page><extension url="http://hl7.org/fhir/tools/StructureDefinition/ig-page-name"><valueUrl value="Schedule-ExampleScheduleSOS2.html"/></extension><nameUrl value="Schedule-ExampleScheduleSOS2.html"/><title value="ExampleScheduleSOS2"/><generation value="generated"/></page><page><extension url="http://hl7.org/fhir/tools/StructureDefinition/ig-page-name"><valueUrl value="Schedule-ExampleScheduleSOS3.html"/></extension><nameUrl value="Schedule-ExampleScheduleSOS3.html"/><title value="ExampleScheduleSOS3"/><generation value="generated"/></page><page><extension url="http://hl7.org/fhir/tools/StructureDefinition/ig-page-name"><valueUrl value="Slot-ExampleSlotCPTS1.html"/></extension><nameUrl value="Slot-ExampleSlotCPTS1.html"/><title value="ExampleSlotCPTS1"/><generation value="generated"/></page><page><extension url="http://hl7.org/fhir/tools/StructureDefinition/ig-page-name"><valueUrl value="Slot-ExampleSlotCPTS2.html"/></extension><nameUrl value="Slot-ExampleSlotCPTS2.html"/><title value="ExampleSlotCPTS2"/><generation value="generated"/></page><page><extension url="http://hl7.org/fhir/tools/StructureDefinition/ig-page-name"><valueUrl value="Slot-ExampleSlotPSIndiv1.html"/></extension><nameUrl value="Slot-ExampleSlotPSIndiv1.html"/><title value="ExampleSlotPSIndiv1"/><generation value="generated"/></page><page><extension url="http://hl7.org/fhir/tools/StructureDefinition/ig-page-name"><valueUrl value="Slot-ExampleSlotPSIndiv2.html"/></extension><nameUrl value="Slot-ExampleSlotPSIndiv2.html"/><title value="ExampleSlotPSIndiv2"/><generation value="generated"/></page><page><extension url="http://hl7.org/fhir/tools/StructureDefinition/ig-page-name"><valueUrl value="Slot-ExampleSlotPSIndiv3.html"/></extension><nameUrl value="Slot-ExampleSlotPSIndiv3.html"/><title value="ExampleSlotPSIndiv3"/><generation value="generated"/></page><page><extension url="http://hl7.org/fhir/tools/StructureDefinition/ig-page-name"><valueUrl value="Slot-ExampleSlotPSIndiv4.html"/></extension><nameUrl value="Slot-ExampleSlotPSIndiv4.html"/><title value="ExampleSlotPSIndiv4"/><generation value="generated"/></page><page><extension url="http://hl7.org/fhir/tools/StructureDefinition/ig-page-name"><valueUrl value="Slot-ExampleSlotSOS1.html"/></extension><nameUrl value="Slot-ExampleSlotSOS1.html"/><title value="ExampleSlotSOS1"/><generation value="generated"/></page><page><extension url="http://hl7.org/fhir/tools/StructureDefinition/ig-page-name"><valueUrl value="Slot-ExampleSlotSOS2.html"/></extension><nameUrl value="Slot-ExampleSlotSOS2.html"/><title value="ExampleSlotSOS2"/><generation value="generated"/></page><page><extension url="http://hl7.org/fhir/tools/StructureDefinition/ig-page-name"><valueUrl value="Slot-ExampleSlotSOS3.html"/></extension><nameUrl value="Slot-ExampleSlotSOS3.html"/><title value="ExampleSlotSOS3"/><generation value="generated"/></page><page><extension url="http://hl7.org/fhir/tools/StructureDefinition/ig-page-name"><valueUrl value="Slot-ExampleSlotSOS4.html"/></extension><nameUrl value="Slot-ExampleSlotSOS4.html"/><title value="ExampleSlotSOS4"/><generation value="generated"/></page></page></page><parameter><code value="path-resource"/><value value="input/capabilities"/></parameter><parameter><code value="path-resource"/><value value="input/examples"/></parameter><parameter><code value="path-resource"/><value value="input/extensions"/></parameter><parameter><code value="path-resource"/><value value="input/models"/></parameter><parameter><code value="path-resource"/><value value="input/operations"/></parameter><parameter><code value="path-resource"/><value value="input/profiles"/></parameter><parameter><code value="path-resource"/><value value="input/resources"/></parameter><parameter><code value="path-resource"/><value value="input/vocabulary"/></parameter><parameter><code value="path-resource"/><value value="input/maps"/></parameter><parameter><code value="path-resource"/><value value="input/testing"/></parameter><parameter><code value="path-resource"/><value value="input/history"/></parameter><parameter><code value="path-resource"/><value value="fsh-generated/resources"/></parameter><parameter><code value="path-pages"/><value value="template/config"/></parameter><parameter><code value="path-pages"/><value value="input/images"/></parameter><parameter><code value="path-tx-cache"/><value value="input-cache/txcache"/></parameter></definition></ImplementationGuide>