<?xml version="1.0" encoding="UTF-8"?>

<CapabilityStatement xmlns="http://hl7.org/fhir">
  <id value="SAS-GestionnaireAgenda-RDVSOS"/>
  <text>
    <status value="extensions"/><div xmlns="http://www.w3.org/1999/xhtml"><p class="res-header-id"><b>Generated Narrative: CapabilityStatement SAS-GestionnaireAgenda-RDVSOS</b></p><a name="SAS-GestionnaireAgenda-RDVSOS"> </a><a name="hcSAS-GestionnaireAgenda-RDVSOS"> </a><a name="SAS-GestionnaireAgenda-RDVSOS-fr-FR"> </a><h2 id="title">Profil SAS gestionnaire d'agenda RDV SOS</h2><ul><li>Implementation Guide Version: 1.0.0 </li><li>FHIR Version: 4.0.1 </li><li>Supported Formats: <code>application/fhir+json</code></li><li>Supported Patch Formats: </li><li>Published on: 2024-10-01 00:00:00+0100 </li><li>Published by: ANS </li></ul><blockquote class="impl-note"><p><strong>Note to Implementers: FHIR Capabilities</strong></p><p>Any FHIR capability may be 'allowed' by the system unless explicitly marked as 'SHALL NOT'. A few items are marked as MAY in the Implementation Guide to highlight their potential relevance to the use case.</p></blockquote><h3 id="shallIGs">SHALL Support the Following Implementation Guides</h3><ul><li>https://interop.esante.gouv.fr/ig/fhir/sas</li></ul><h2 id="rest">FHIR RESTful Capabilities</h2><div class="panel panel-default"><div class="panel-heading"><h3 id="mode1" class="panel-title">Mode: <code>server</code></h3></div><div class="panel-body"><div><p>Réception des création et mises à jour de RDV SOS</p>
</div><div class="lead"><em>Security</em></div><blockquote><div><p>L’ANS propose des référentiels dédiés à la politique de sécurité (la PGSSI-S
) et des mécanismes de sécurisation sont définis dans les volets de la couche Transport du Cadre d’Interopérabilité des systèmes
d’information de santé (CI-SIS)</p>
</div></blockquote><div class="lead"><em>Summary of System-wide Interactions</em></div></div></div><h3 id="resourcesCap1">Capabilities by Resource/Profile</h3><h4 id="resourcesSummary1">Summary</h4><p>The summary table lists the resources that are part of this configuration, and for each resource it lists:</p><ul><li>The relevant profiles (if any)</li><li>The interactions supported by each resource (<b><span class="bg-info">R</span></b>ead, <b><span class="bg-info">S</span></b>earch, <b><span class="bg-info">U</span></b>pdate, and <b><span class="bg-info">C</span></b>reate, are always shown, while <b><span class="bg-info">VR</span></b>ead, <b><span class="bg-info">P</span></b>atch, <b><span class="bg-info">D</span></b>elete, <b><span class="bg-info">H</span></b>istory on <b><span class="bg-info">I</span></b>nstance, or <b><span class="bg-info">H</span></b>istory on <b><span class="bg-info">T</span></b>ype are only present if at least one of the resources has support for them.</li><li><span>The required, recommended, and some optional search parameters (if any). </span></li><li>The linked resources enabled for <code>_include</code></li><li>The other resources enabled for <code>_revinclude</code></li><li>The operations on the resource (if any)</li></ul><div class="table-responsive"><table class="table table-condensed table-hover"><thead><tr><th><b>Resource Type</b></th><th><b>Profile</b></th><th class="text-center"><b title="GET a resource (read interaction)">R</b></th><th class="text-center"><b title="GET all set of resources of the type (search interaction)">S</b></th><th class="text-center"><b title="PUT a new resource version (update interaction)">U</b></th><th class="text-center"><b title="POST a new resource (create interaction)">C</b></th><th><b title="Required and recommended search parameters">Searches</b></th><th><code><b>_include</b></code></th><th><code><b>_revinclude</b></code></th><th><b>Operations</b></th></tr></thead><tbody><tr><td><a href="#Appointment1-1">Appointment</a></td><td><a href="StructureDefinition-sas-sos-appointment.html">https://interop.esante.gouv.fr/ig/fhir/sas/StructureDefinition/sas-sos-appointment</a></td><td></td><td class="text-center"></td><td class="text-center">y</td><td class="text-center">y</td><td>identifier</td><td/><td/><td/></tr></tbody></table></div><hr/><div class="panel panel-default"><div class="panel-heading"><h4 id="Appointment1-1" class="panel-title"><span style="float: right;">Resource Conformance: supported </span>Appointment</h4></div><div class="panel-body"><div class="container"><div class="row"><div class="col-lg-6"><span class="lead">Base System Profile</span><br/><a href="StructureDefinition-sas-sos-appointment.html">https://interop.esante.gouv.fr/ig/fhir/sas/StructureDefinition/sas-sos-appointment</a></div><div class="col-lg-3"><span class="lead">Profile Conformance</span><br/><b>SHALL</b></div><div class="col-lg-3"><span class="lead">Reference Policy</span><br/></div></div><p/><div class="row"><div class="col-lg-6"><span class="lead">Interaction summary</span><br/><ul><li>Supports <code>create</code>, <code>update</code>.</li></ul></div></div><p/><div class="row"><div class="col-lg-7"><span class="lead">Search Parameters</span><table class="table table-condensed table-hover"><thead><tr><th>Conformance</th><th>Parameter</th><th>Type</th><th>Documentation</th></tr></thead><tbody><tr><td><b>SHALL</b></td><td><a href="http://hl7.org/fhir/R4/appointment.html#search">identifier</a></td><td><code>token</code></td><td><div><p>Identifiant du rendez-vous</p>
</div></td></tr></tbody></table></div><div class="col-lg-5"> </div></div></div></div></div></div>
  </text>
  <url value="https://interop.esante.gouv.fr/ig/fhir/sas/CapabilityStatement/SAS-GestionnaireAgenda-RDVSOS"/>
  <version value="1.0.0"/>
  <name value="SAS_gestionnaireAgenda_RDVSOS"/>
  <title value="Profil SAS gestionnaire d'agenda RDV SOS"/>
  <status value="draft"/>
  <experimental value="false"/>
  <date value="2024-10-01T00:00:00+01:00"/>
  <publisher value="ANS"/>
  <contact>
    <name value="ANS"/>
    <telecom>
      <system value="url"/>
      <value value="https://esante.gouv.fr"/>
    </telecom>
  </contact>
  <description value="Un gestionnaire d'agenda reçoit des rendez-vous SOS envoyés par un déclarant de rendez-vous. La platefome numérique SAS joue le rôle de gestionnaire d'agenda et stocke les rendez-vous récupérés"/>
  <jurisdiction>
    <coding>
      <system value="urn:iso:std:iso:3166"/>
      <code value="FR"/>
      <display value="FRANCE"/>
    </coding>
  </jurisdiction>
  <kind value="requirements"/>
  <fhirVersion value="4.0.1"/>
  <format value="application/fhir+json"/>
  <implementationGuide value="https://interop.esante.gouv.fr/ig/fhir/sas"/>
  <rest>
    <mode value="server"/>
    <documentation value="Réception des création et mises à jour de RDV SOS"/>
    <security>
      <cors value="false"/>
      <description value="L’ANS propose des référentiels dédiés à la politique de sécurité (la PGSSI-S&#xA;) et des mécanismes de sécurisation sont définis dans les volets de la couche Transport du Cadre d’Interopérabilité des systèmes&#xA;d’information de santé (CI-SIS)"/>
    </security>
    <resource>
      <type value="Appointment"/>
      <profile value="https://interop.esante.gouv.fr/ig/fhir/sas/StructureDefinition/sas-sos-appointment"/>
      <interaction>
        <code value="create"/>
      </interaction>
      <interaction>
        <code value="update"/>
      </interaction>
      <updateCreate value="true"/>
      <conditionalUpdate value="true"/>
      <searchParam>
        <name value="identifier"/>
        <definition value="http://hl7.org/fhir/SearchParameter/Appointment-identifier"/>
        <type value="token"/>
        <documentation value="Identifiant du rendez-vous"/>
      </searchParam>
    </resource>
  </rest>
</CapabilityStatement>