{"resourceType":"ImplementationGuide","id":"ans.fhir.fr.sas","text":{"status":"generated","div":"<div xmlns=\"http://www.w3.org/1999/xhtml\"><p class=\"res-header-id\"><b>Generated Narrative: ImplementationGuide ans.fhir.fr.sas</b></p><a name=\"ans.fhir.fr.sas\"> </a><a name=\"hcans.fhir.fr.sas\"> </a><a name=\"ans.fhir.fr.sas-fr-FR\"> </a><h2>SAS</h2><p>The official URL for this implementation guide is: </p><pre>https://interop.esante.gouv.fr/ig/fhir/sas/ImplementationGuide/ans.fhir.fr.sas</pre></div>"},"url":"https://interop.esante.gouv.fr/ig/fhir/sas/ImplementationGuide/ans.fhir.fr.sas","version":"1.0.0","name":"SAS","title":"Service d'Accès aux Soins","status":"active","date":"2024-10-29T11:09:41+00:00","publisher":"ANS","contact":[{"name":"ANS","telecom":[{"system":"url","value":"https://esante.gouv.fr"}]}],"jurisdiction":[{"coding":[{"system":"urn:iso:std:iso:3166","code":"FR","display":"FRANCE"}]}],"packageId":"ans.fhir.fr.sas","license":"CC0-1.0","fhirVersion":["4.0.1"],"dependsOn":[{"id":"hl7tx","extension":[{"url":"http://hl7.org/fhir/tools/StructureDefinition/implementationguide-dependency-comment","valueMarkdown":"Automatically added as a dependency - all IGs depend on HL7 Terminology"}],"uri":"http://terminology.hl7.org/ImplementationGuide/hl7.terminology","packageId":"hl7.terminology.r4","version":"6.0.2"},{"id":"hl7ext","extension":[{"url":"http://hl7.org/fhir/tools/StructureDefinition/implementationguide-dependency-comment","valueMarkdown":"Automatically added as a dependency - all IGs depend on the HL7 Extension Pack"}],"uri":"http://hl7.org/fhir/extensions/ImplementationGuide/hl7.fhir.uv.extensions","packageId":"hl7.fhir.uv.extensions.r4","version":"5.1.0"},{"id":"hl7_fhir_fr_core","uri":"http://fhir.org/packages/hl7.fhir.fr.core/ImplementationGuide/hl7.fhir.fr.core","packageId":"hl7.fhir.fr.core","version":"1.1.0"},{"id":"ans_fr_nos","uri":"https://interop.esante.gouv.fr/ig/nos/ImplementationGuide/ans.fr.nos","packageId":"ans.fr.nos","version":"1.3.0"}],"definition":{"extension":[{"extension":[{"url":"code","valueString":"copyrightyear"},{"url":"value","valueString":"2020+"}],"url":"http://hl7.org/fhir/tools/StructureDefinition/ig-parameter"},{"extension":[{"url":"code","valueString":"releaselabel"},{"url":"value","valueString":"ci-build"}],"url":"http://hl7.org/fhir/tools/StructureDefinition/ig-parameter"},{"extension":[{"url":"code","valueString":"shownav"},{"url":"value","valueString":"true"}],"url":"http://hl7.org/fhir/tools/StructureDefinition/ig-parameter"},{"extension":[{"url":"code","valueString":"autoload-resources"},{"url":"value","valueString":"true"}],"url":"http://hl7.org/fhir/tools/StructureDefinition/ig-parameter"},{"extension":[{"url":"code","valueString":"path-liquid"},{"url":"value","valueString":"template/liquid"}],"url":"http://hl7.org/fhir/tools/StructureDefinition/ig-parameter"},{"extension":[{"url":"code","valueString":"path-liquid"},{"url":"value","valueString":"input/liquid"}],"url":"http://hl7.org/fhir/tools/StructureDefinition/ig-parameter"},{"extension":[{"url":"code","valueString":"path-qa"},{"url":"value","valueString":"temp/qa"}],"url":"http://hl7.org/fhir/tools/StructureDefinition/ig-parameter"},{"extension":[{"url":"code","valueString":"path-temp"},{"url":"value","valueString":"temp/pages"}],"url":"http://hl7.org/fhir/tools/StructureDefinition/ig-parameter"},{"extension":[{"url":"code","valueString":"path-output"},{"url":"value","valueString":"output"}],"url":"http://hl7.org/fhir/tools/StructureDefinition/ig-parameter"},{"extension":[{"url":"code","valueString":"path-suppressed-warnings"},{"url":"value","valueString":"input/ignoreWarnings.txt"}],"url":"http://hl7.org/fhir/tools/StructureDefinition/ig-parameter"},{"extension":[{"url":"code","valueString":"path-history"},{"url":"value","valueString":"https://interop.esante.gouv.fr/ig/fhir/sas/history.html"}],"url":"http://hl7.org/fhir/tools/StructureDefinition/ig-parameter"},{"extension":[{"url":"code","valueString":"template-html"},{"url":"value","valueString":"template-page.html"}],"url":"http://hl7.org/fhir/tools/StructureDefinition/ig-parameter"},{"extension":[{"url":"code","valueString":"template-md"},{"url":"value","valueString":"template-page-md.html"}],"url":"http://hl7.org/fhir/tools/StructureDefinition/ig-parameter"},{"extension":[{"url":"code","valueString":"apply-contact"},{"url":"value","valueString":"true"}],"url":"http://hl7.org/fhir/tools/StructureDefinition/ig-parameter"},{"extension":[{"url":"code","valueString":"apply-context"},{"url":"value","valueString":"true"}],"url":"http://hl7.org/fhir/tools/StructureDefinition/ig-parameter"},{"extension":[{"url":"code","valueString":"apply-copyright"},{"url":"value","valueString":"true"}],"url":"http://hl7.org/fhir/tools/StructureDefinition/ig-parameter"},{"extension":[{"url":"code","valueString":"apply-jurisdiction"},{"url":"value","valueString":"true"}],"url":"http://hl7.org/fhir/tools/StructureDefinition/ig-parameter"},{"extension":[{"url":"code","valueString":"apply-license"},{"url":"value","valueString":"true"}],"url":"http://hl7.org/fhir/tools/StructureDefinition/ig-parameter"},{"extension":[{"url":"code","valueString":"apply-publisher"},{"url":"value","valueString":"true"}],"url":"http://hl7.org/fhir/tools/StructureDefinition/ig-parameter"},{"extension":[{"url":"code","valueString":"apply-version"},{"url":"value","valueString":"true"}],"url":"http://hl7.org/fhir/tools/StructureDefinition/ig-parameter"},{"extension":[{"url":"code","valueString":"apply-wg"},{"url":"value","valueString":"true"}],"url":"http://hl7.org/fhir/tools/StructureDefinition/ig-parameter"},{"extension":[{"url":"code","valueString":"active-tables"},{"url":"value","valueString":"true"}],"url":"http://hl7.org/fhir/tools/StructureDefinition/ig-parameter"},{"extension":[{"url":"code","valueString":"fmm-definition"},{"url":"value","valueString":"http://hl7.org/fhir/versions.html#maturity"}],"url":"http://hl7.org/fhir/tools/StructureDefinition/ig-parameter"},{"extension":[{"url":"code","valueString":"propagate-status"},{"url":"value","valueString":"true"}],"url":"http://hl7.org/fhir/tools/StructureDefinition/ig-parameter"},{"extension":[{"url":"code","valueString":"excludelogbinaryformat"},{"url":"value","valueString":"true"}],"url":"http://hl7.org/fhir/tools/StructureDefinition/ig-parameter"},{"extension":[{"url":"code","valueString":"tabbed-snapshots"},{"url":"value","valueString":"true"}],"url":"http://hl7.org/fhir/tools/StructureDefinition/ig-parameter"},{"url":"http://hl7.org/fhir/tools/StructureDefinition/ig-internal-dependency","valueCode":"hl7.fhir.uv.tools#0.1.0"},{"extension":[{"url":"code","valueCode":"copyrightyear"},{"url":"value","valueString":"2020+"}],"url":"http://hl7.org/fhir/tools/StructureDefinition/ig-parameter"},{"extension":[{"url":"code","valueCode":"releaselabel"},{"url":"value","valueString":"ci-build"}],"url":"http://hl7.org/fhir/tools/StructureDefinition/ig-parameter"},{"extension":[{"url":"code","valueCode":"shownav"},{"url":"value","valueString":"true"}],"url":"http://hl7.org/fhir/tools/StructureDefinition/ig-parameter"},{"extension":[{"url":"code","valueCode":"autoload-resources"},{"url":"value","valueString":"true"}],"url":"http://hl7.org/fhir/tools/StructureDefinition/ig-parameter"},{"extension":[{"url":"code","valueCode":"path-liquid"},{"url":"value","valueString":"template/liquid"}],"url":"http://hl7.org/fhir/tools/StructureDefinition/ig-parameter"},{"extension":[{"url":"code","valueCode":"path-liquid"},{"url":"value","valueString":"input/liquid"}],"url":"http://hl7.org/fhir/tools/StructureDefinition/ig-parameter"},{"extension":[{"url":"code","valueCode":"path-qa"},{"url":"value","valueString":"temp/qa"}],"url":"http://hl7.org/fhir/tools/StructureDefinition/ig-parameter"},{"extension":[{"url":"code","valueCode":"path-temp"},{"url":"value","valueString":"temp/pages"}],"url":"http://hl7.org/fhir/tools/StructureDefinition/ig-parameter"},{"extension":[{"url":"code","valueCode":"path-output"},{"url":"value","valueString":"output"}],"url":"http://hl7.org/fhir/tools/StructureDefinition/ig-parameter"},{"extension":[{"url":"code","valueCode":"path-suppressed-warnings"},{"url":"value","valueString":"input/ignoreWarnings.txt"}],"url":"http://hl7.org/fhir/tools/StructureDefinition/ig-parameter"},{"extension":[{"url":"code","valueCode":"path-history"},{"url":"value","valueString":"https://interop.esante.gouv.fr/ig/fhir/sas/history.html"}],"url":"http://hl7.org/fhir/tools/StructureDefinition/ig-parameter"},{"extension":[{"url":"code","valueCode":"template-html"},{"url":"value","valueString":"template-page.html"}],"url":"http://hl7.org/fhir/tools/StructureDefinition/ig-parameter"},{"extension":[{"url":"code","valueCode":"template-md"},{"url":"value","valueString":"template-page-md.html"}],"url":"http://hl7.org/fhir/tools/StructureDefinition/ig-parameter"},{"extension":[{"url":"code","valueCode":"apply-contact"},{"url":"value","valueString":"true"}],"url":"http://hl7.org/fhir/tools/StructureDefinition/ig-parameter"},{"extension":[{"url":"code","valueCode":"apply-context"},{"url":"value","valueString":"true"}],"url":"http://hl7.org/fhir/tools/StructureDefinition/ig-parameter"},{"extension":[{"url":"code","valueCode":"apply-copyright"},{"url":"value","valueString":"true"}],"url":"http://hl7.org/fhir/tools/StructureDefinition/ig-parameter"},{"extension":[{"url":"code","valueCode":"apply-jurisdiction"},{"url":"value","valueString":"true"}],"url":"http://hl7.org/fhir/tools/StructureDefinition/ig-parameter"},{"extension":[{"url":"code","valueCode":"apply-license"},{"url":"value","valueString":"true"}],"url":"http://hl7.org/fhir/tools/StructureDefinition/ig-parameter"},{"extension":[{"url":"code","valueCode":"apply-publisher"},{"url":"value","valueString":"true"}],"url":"http://hl7.org/fhir/tools/StructureDefinition/ig-parameter"},{"extension":[{"url":"code","valueCode":"apply-version"},{"url":"value","valueString":"true"}],"url":"http://hl7.org/fhir/tools/StructureDefinition/ig-parameter"},{"extension":[{"url":"code","valueCode":"apply-wg"},{"url":"value","valueString":"true"}],"url":"http://hl7.org/fhir/tools/StructureDefinition/ig-parameter"},{"extension":[{"url":"code","valueCode":"active-tables"},{"url":"value","valueString":"true"}],"url":"http://hl7.org/fhir/tools/StructureDefinition/ig-parameter"},{"extension":[{"url":"code","valueCode":"fmm-definition"},{"url":"value","valueString":"http://hl7.org/fhir/versions.html#maturity"}],"url":"http://hl7.org/fhir/tools/StructureDefinition/ig-parameter"},{"extension":[{"url":"code","valueCode":"propagate-status"},{"url":"value","valueString":"true"}],"url":"http://hl7.org/fhir/tools/StructureDefinition/ig-parameter"},{"extension":[{"url":"code","valueCode":"excludelogbinaryformat"},{"url":"value","valueString":"true"}],"url":"http://hl7.org/fhir/tools/StructureDefinition/ig-parameter"},{"extension":[{"url":"code","valueCode":"tabbed-snapshots"},{"url":"value","valueString":"true"}],"url":"http://hl7.org/fhir/tools/StructureDefinition/ig-parameter"},{"extension":[{"url":"code","valueCode":"copyrightyear"},{"url":"value","valueString":"2020+"}],"url":"http://hl7.org/fhir/tools/StructureDefinition/ig-parameter"},{"extension":[{"url":"code","valueCode":"releaselabel"},{"url":"value","valueString":"ci-build"}],"url":"http://hl7.org/fhir/tools/StructureDefinition/ig-parameter"},{"extension":[{"url":"code","valueCode":"shownav"},{"url":"value","valueString":"true"}],"url":"http://hl7.org/fhir/tools/StructureDefinition/ig-parameter"},{"extension":[{"url":"code","valueCode":"autoload-resources"},{"url":"value","valueString":"true"}],"url":"http://hl7.org/fhir/tools/StructureDefinition/ig-parameter"},{"extension":[{"url":"code","valueCode":"path-liquid"},{"url":"value","valueString":"template/liquid"}],"url":"http://hl7.org/fhir/tools/StructureDefinition/ig-parameter"},{"extension":[{"url":"code","valueCode":"path-liquid"},{"url":"value","valueString":"input/liquid"}],"url":"http://hl7.org/fhir/tools/StructureDefinition/ig-parameter"},{"extension":[{"url":"code","valueCode":"path-qa"},{"url":"value","valueString":"temp/qa"}],"url":"http://hl7.org/fhir/tools/StructureDefinition/ig-parameter"},{"extension":[{"url":"code","valueCode":"path-temp"},{"url":"value","valueString":"temp/pages"}],"url":"http://hl7.org/fhir/tools/StructureDefinition/ig-parameter"},{"extension":[{"url":"code","valueCode":"path-output"},{"url":"value","valueString":"output"}],"url":"http://hl7.org/fhir/tools/StructureDefinition/ig-parameter"},{"extension":[{"url":"code","valueCode":"path-suppressed-warnings"},{"url":"value","valueString":"input/ignoreWarnings.txt"}],"url":"http://hl7.org/fhir/tools/StructureDefinition/ig-parameter"},{"extension":[{"url":"code","valueCode":"path-history"},{"url":"value","valueString":"https://interop.esante.gouv.fr/ig/fhir/sas/history.html"}],"url":"http://hl7.org/fhir/tools/StructureDefinition/ig-parameter"},{"extension":[{"url":"code","valueCode":"template-html"},{"url":"value","valueString":"template-page.html"}],"url":"http://hl7.org/fhir/tools/StructureDefinition/ig-parameter"},{"extension":[{"url":"code","valueCode":"template-md"},{"url":"value","valueString":"template-page-md.html"}],"url":"http://hl7.org/fhir/tools/StructureDefinition/ig-parameter"},{"extension":[{"url":"code","valueCode":"apply-contact"},{"url":"value","valueString":"true"}],"url":"http://hl7.org/fhir/tools/StructureDefinition/ig-parameter"},{"extension":[{"url":"code","valueCode":"apply-context"},{"url":"value","valueString":"true"}],"url":"http://hl7.org/fhir/tools/StructureDefinition/ig-parameter"},{"extension":[{"url":"code","valueCode":"apply-copyright"},{"url":"value","valueString":"true"}],"url":"http://hl7.org/fhir/tools/StructureDefinition/ig-parameter"},{"extension":[{"url":"code","valueCode":"apply-jurisdiction"},{"url":"value","valueString":"true"}],"url":"http://hl7.org/fhir/tools/StructureDefinition/ig-parameter"},{"extension":[{"url":"code","valueCode":"apply-license"},{"url":"value","valueString":"true"}],"url":"http://hl7.org/fhir/tools/StructureDefinition/ig-parameter"},{"extension":[{"url":"code","valueCode":"apply-publisher"},{"url":"value","valueString":"true"}],"url":"http://hl7.org/fhir/tools/StructureDefinition/ig-parameter"},{"extension":[{"url":"code","valueCode":"apply-version"},{"url":"value","valueString":"true"}],"url":"http://hl7.org/fhir/tools/StructureDefinition/ig-parameter"},{"extension":[{"url":"code","valueCode":"apply-wg"},{"url":"value","valueString":"true"}],"url":"http://hl7.org/fhir/tools/StructureDefinition/ig-parameter"},{"extension":[{"url":"code","valueCode":"active-tables"},{"url":"value","valueString":"true"}],"url":"http://hl7.org/fhir/tools/StructureDefinition/ig-parameter"},{"extension":[{"url":"code","valueCode":"fmm-definition"},{"url":"value","valueString":"http://hl7.org/fhir/versions.html#maturity"}],"url":"http://hl7.org/fhir/tools/StructureDefinition/ig-parameter"},{"extension":[{"url":"code","valueCode":"propagate-status"},{"url":"value","valueString":"true"}],"url":"http://hl7.org/fhir/tools/StructureDefinition/ig-parameter"},{"extension":[{"url":"code","valueCode":"excludelogbinaryformat"},{"url":"value","valueString":"true"}],"url":"http://hl7.org/fhir/tools/StructureDefinition/ig-parameter"},{"extension":[{"url":"code","valueCode":"tabbed-snapshots"},{"url":"value","valueString":"true"}],"url":"http://hl7.org/fhir/tools/StructureDefinition/ig-parameter"}],"grouping":[{"id":"-dyn-searchparameter","name":"Behavior: Search Parameters","description":"These define the properties by which a RESTful server can be searched.  They can also be used for sorting and including related resources."},{"id":"-str-profile","name":"Structures: Resource Profiles","description":"These define constraints on FHIR resources for systems conforming to this implementation guide."},{"id":"-str-extension","name":"Structures: Extension Definitions","description":"These define constraints on FHIR data types for systems conforming to this implementation guide."},{"id":"-term-valueset","name":"Terminology: Value Sets","description":"These define sets of codes used by systems conforming to this implementation guide."},{"id":"-ex-example","name":"Example: Example Instances","description":"These are example instances that show what data produced and consumed by systems conforming with this implementation guide might look like."}],"resource":[{"extension":[{"url":"http://hl7.org/fhir/tools/StructureDefinition/resource-sort","valueInteger":999999999},{"url":"http://hl7.org/fhir/StructureDefinition/implementationguide-page","valueUri":"SearchParameter-cptsslot-sp-servicetype.html"}],"reference":{"reference":"SearchParameter/cptsslot-sp-servicetype"},"name":"cptsslot-sp-servicetype","description":"Paramètre de recherche sur le service type qui mime le paramètre R5. Permet de rechercher ou d'inclure la ressource reférencée HealthCare Service","exampleBoolean":false,"groupingId":"-dyn-searchparameter"},{"extension":[{"url":"http://hl7.org/fhir/tools/StructureDefinition/resource-sort","valueInteger":999999999},{"url":"http://hl7.org/fhir/StructureDefinition/implementationguide-page","valueUri":"SearchParameter-slot-sp-start.html"}],"reference":{"reference":"SearchParameter/slot-sp-start"},"name":"slot-sp-start","description":"Paramètre de recherche date de début d'un créneau (date de début supérieure ou égale à <date1> et inférieure ou égale à <date2>)","exampleBoolean":false,"groupingId":"-dyn-searchparameter"},{"extension":[{"url":"http://hl7.org/fhir/tools/StructureDefinition/resource-sort","valueInteger":999999999},{"url":"http://hl7.org/fhir/StructureDefinition/implementationguide-page","valueUri":"StructureDefinition-BundleAgregateur.html"}],"reference":{"reference":"StructureDefinition/BundleAgregateur"},"name":"BundleAgregateur","description":"Profil de Bundle qui représente le flux de réponse contenant les créneaux disponibles dans le cadre du service d'agrégation de créneaux de la plateforme SAS (Service d'accès aux soins)","exampleBoolean":false,"groupingId":"-str-profile"},{"extension":[{"url":"http://hl7.org/fhir/tools/StructureDefinition/resource-sort","valueInteger":999999999},{"url":"http://hl7.org/fhir/StructureDefinition/implementationguide-page","valueUri":"StructureDefinition-sas-cpts-bundle-aggregator.html"}],"reference":{"reference":"StructureDefinition/sas-cpts-bundle-aggregator"},"name":"BundleAgregateurCPTS","description":"Bundle Agrégateur SAS CPTS","exampleBoolean":false,"groupingId":"-str-profile"},{"extension":[{"url":"http://hl7.org/fhir/tools/StructureDefinition/resource-sort","valueInteger":999999999},{"url":"http://hl7.org/fhir/StructureDefinition/implementationguide-page","valueUri":"StructureDefinition-sas-sos-bundle-aggregator.html"}],"reference":{"reference":"StructureDefinition/sas-sos-bundle-aggregator"},"name":"BundleAgregateurSOS","description":"Bundle Agrégateur SAS SOS","exampleBoolean":false,"groupingId":"-str-profile"},{"extension":[{"url":"http://hl7.org/fhir/tools/StructureDefinition/resource-sort","valueInteger":999999999},{"url":"http://hl7.org/fhir/StructureDefinition/implementationguide-page","valueUri":"StructureDefinition-FrAppointmentSAS.html"}],"reference":{"reference":"StructureDefinition/FrAppointmentSAS"},"name":"FrAppointmentSAS","description":"Profil de Appointment, dérivé de FrAppointment, pour le cas d'usage prise de RDV de la plateforme SAS (Service d'accès aux soins)","exampleBoolean":false,"groupingId":"-str-profile"},{"extension":[{"url":"http://hl7.org/fhir/tools/StructureDefinition/resource-sort","valueInteger":999999999},{"url":"http://hl7.org/fhir/StructureDefinition/implementationguide-page","valueUri":"StructureDefinition-sas-sos-appointment.html"}],"reference":{"reference":"StructureDefinition/sas-sos-appointment"},"name":"FrAppointmentSASSOS","description":"Profil de Slot, dérivé de FrSlot, pour le service d’agrégation de créneaux de la plateforme SAS (Service d’accès aux soins), dans le cadre du cas d’usage SOS Médecins","exampleBoolean":false,"groupingId":"-str-profile"},{"extension":[{"url":"http://hl7.org/fhir/tools/StructureDefinition/resource-sort","valueInteger":999999999},{"url":"http://hl7.org/fhir/StructureDefinition/implementationguide-page","valueUri":"StructureDefinition-sas-cpts-healthcareservice-aggregator.html"}],"reference":{"reference":"StructureDefinition/sas-cpts-healthcareservice-aggregator"},"name":"FrHealthcareServiceAgregateurCPTS","description":"Profil dérivé de FrHealthcareService pour le cas d'usage agrégateur CPTS","exampleBoolean":false,"groupingId":"-str-profile"},{"extension":[{"url":"http://hl7.org/fhir/tools/StructureDefinition/resource-sort","valueInteger":999999999},{"url":"http://hl7.org/fhir/StructureDefinition/implementationguide-page","valueUri":"StructureDefinition-FrLocationAgregateur.html"}],"reference":{"reference":"StructureDefinition/FrLocationAgregateur"},"name":"FrLocationAgregateur","description":"Profil de Location, dérivé de FrLocation, pour le service d'agrégation de créneaux de la plateforme SAS (Service d'accès aux soins)","exampleBoolean":false,"groupingId":"-str-profile"},{"extension":[{"url":"http://hl7.org/fhir/tools/StructureDefinition/resource-sort","valueInteger":999999999},{"url":"http://hl7.org/fhir/StructureDefinition/implementationguide-page","valueUri":"StructureDefinition-sas-sos-location-aggregator.html"}],"reference":{"reference":"StructureDefinition/sas-sos-location-aggregator"},"name":"FrLocationAgregateurSOS","description":"Profil de Location, dérivé de FrLocation, pour le service d’agrégation de créneaux de la plateforme SAS (Service d’accès aux soins), dans le cadre du cas d’usage SOS Médecins","exampleBoolean":false,"groupingId":"-str-profile"},{"extension":[{"url":"http://hl7.org/fhir/tools/StructureDefinition/resource-sort","valueInteger":999999999},{"url":"http://hl7.org/fhir/StructureDefinition/implementationguide-page","valueUri":"StructureDefinition-sas-cpts-organization-aggregator.html"}],"reference":{"reference":"StructureDefinition/sas-cpts-organization-aggregator"},"name":"FrOrganizationAgregateurCPTS","description":"Profil dérivé de FrOrganization pour le cas d'usage agrégateur CPTS","exampleBoolean":false,"groupingId":"-str-profile"},{"extension":[{"url":"http://hl7.org/fhir/tools/StructureDefinition/resource-sort","valueInteger":999999999},{"url":"http://hl7.org/fhir/StructureDefinition/implementationguide-page","valueUri":"StructureDefinition-sas-sos-organization-aggregator.html"}],"reference":{"reference":"StructureDefinition/sas-sos-organization-aggregator"},"name":"FrOrganizationAgregateurSOS","description":"Profil d'Organization, dérivé de FrOrganization, pour le service d’agrégation de créneaux de la plateforme SAS (Service d’accès aux soins), dans le cadre du cas d’usage SOS Médecins","exampleBoolean":false,"groupingId":"-str-profile"},{"extension":[{"url":"http://hl7.org/fhir/tools/StructureDefinition/resource-sort","valueInteger":999999999},{"url":"http://hl7.org/fhir/StructureDefinition/implementationguide-page","valueUri":"StructureDefinition-FrPractitionerAgregateur.html"}],"reference":{"reference":"StructureDefinition/FrPractitionerAgregateur"},"name":"FrPractitionerAgregateur","description":"Profil de Practitioner, dérivé de FrPractitioner, pour le service d'agrégation de créneaux de la plateforme SAS (Service d'accès aux soins)","exampleBoolean":false,"groupingId":"-str-profile"},{"extension":[{"url":"http://hl7.org/fhir/tools/StructureDefinition/resource-sort","valueInteger":999999999},{"url":"http://hl7.org/fhir/StructureDefinition/implementationguide-page","valueUri":"StructureDefinition-FrPractitionerRegul.html"}],"reference":{"reference":"StructureDefinition/FrPractitionerRegul"},"name":"FrPractitionerRegul","description":"Profil de Practitioner, dérivé de FrPractitioner, pour la gestion des comptes régulateurs de la plateforme SAS (Service d'accès aux soins)","exampleBoolean":false,"groupingId":"-str-profile"},{"extension":[{"url":"http://hl7.org/fhir/tools/StructureDefinition/resource-sort","valueInteger":999999999},{"url":"http://hl7.org/fhir/StructureDefinition/implementationguide-page","valueUri":"StructureDefinition-FrPractitionerRoleExerciceAgregateur.html"}],"reference":{"reference":"StructureDefinition/FrPractitionerRoleExerciceAgregateur"},"name":"FrPractitionerRoleExerciceAgregateur","description":"Profil de PractitionerRole, dérivé de FrPractitionerRoleExercice, pour le service d'agrégation de créneaux de la plateforme SAS (Service d'accès aux soins)","exampleBoolean":false,"groupingId":"-str-profile"},{"extension":[{"url":"http://hl7.org/fhir/tools/StructureDefinition/resource-sort","valueInteger":999999999},{"url":"http://hl7.org/fhir/StructureDefinition/implementationguide-page","valueUri":"StructureDefinition-FrScheduleAgregateur.html"}],"reference":{"reference":"StructureDefinition/FrScheduleAgregateur"},"name":"FrScheduleAgregateur","description":"Profil de Schedule, dérivé de FrSchedule, pour le service d'agrégation de créneaux de la plateforme SAS (Service d'accès aux soins)","exampleBoolean":false,"groupingId":"-str-profile"},{"extension":[{"url":"http://hl7.org/fhir/tools/StructureDefinition/resource-sort","valueInteger":999999999},{"url":"http://hl7.org/fhir/StructureDefinition/implementationguide-page","valueUri":"StructureDefinition-sas-sos-schedule-aggregator.html"}],"reference":{"reference":"StructureDefinition/sas-sos-schedule-aggregator"},"name":"FrScheduleAgregateurSOS","description":"Profil de Schedule, dérivé de FrSchedule, pour le service d’agrégation de créneaux de la plateforme SAS (Service d’accès aux soins), dans le cadre du cas d’usage SOS Médecins","exampleBoolean":false,"groupingId":"-str-profile"},{"extension":[{"url":"http://hl7.org/fhir/tools/StructureDefinition/resource-sort","valueInteger":999999999},{"url":"http://hl7.org/fhir/StructureDefinition/implementationguide-page","valueUri":"StructureDefinition-FrSlotAgregateur.html"}],"reference":{"reference":"StructureDefinition/FrSlotAgregateur"},"name":"FrSlotAgregateur","description":"Profil de Slot, dérivé de FrSlot, pour le service d'agrégation de créneaux de la plateforme SAS (Service d'accès aux soins)","exampleBoolean":false,"groupingId":"-str-profile"},{"extension":[{"url":"http://hl7.org/fhir/tools/StructureDefinition/resource-sort","valueInteger":999999999},{"url":"http://hl7.org/fhir/StructureDefinition/implementationguide-page","valueUri":"StructureDefinition-sas-cpts-slot-aggregator.html"}],"reference":{"reference":"StructureDefinition/sas-cpts-slot-aggregator"},"name":"FrSlotAgregateurCPTS","description":"Profil de Slot, dérivé de FrSlot, pour le service d'agrégation de créneaux de la plateforme SAS (Service d'accès aux soins), dans le cadre du cas d'usage CPTS","exampleBoolean":false,"groupingId":"-str-profile"},{"extension":[{"url":"http://hl7.org/fhir/tools/StructureDefinition/resource-sort","valueInteger":999999999},{"url":"http://hl7.org/fhir/StructureDefinition/implementationguide-page","valueUri":"StructureDefinition-sas-sos-slot-aggregator.html"}],"reference":{"reference":"StructureDefinition/sas-sos-slot-aggregator"},"name":"FrSlotAgregateurSOS","description":"Profil de Slot, dérivé de FrSlot, pour le service d’agrégation de créneaux de la plateforme SAS (Service d’accès aux soins), dans le cadre du cas d’usage SOS Médecins","exampleBoolean":false,"groupingId":"-str-profile"},{"extension":[{"url":"http://hl7.org/fhir/tools/StructureDefinition/resource-sort","valueInteger":999999999},{"url":"http://hl7.org/fhir/StructureDefinition/implementationguide-page","valueUri":"StructureDefinition-sas-cpts-slot-servicetype-aggregator.html"}],"reference":{"reference":"StructureDefinition/sas-cpts-slot-servicetype-aggregator"},"name":"SASServiceTypeR5","description":"Extension créée afin de permettre la reference à la ressource HealthcareService. Cette extension implemente l'élément serviceType de R5 https://hl7.org/fhir/slot-definitions.html#Slot.serviceType","exampleBoolean":false,"groupingId":"-str-extension"},{"extension":[{"url":"http://hl7.org/fhir/tools/StructureDefinition/resource-sort","valueInteger":999999999},{"url":"http://hl7.org/fhir/StructureDefinition/implementationguide-page","valueUri":"ValueSet-sas-valueset-appointmentreason.html"}],"reference":{"reference":"ValueSet/sas-valueset-appointmentreason"},"name":"Appointment reason SAS","description":"Appointment reason SAS","exampleBoolean":false,"groupingId":"-term-valueset"},{"extension":[{"url":"http://hl7.org/fhir/tools/StructureDefinition/resource-sort","valueInteger":999999999},{"url":"http://hl7.org/fhir/StructureDefinition/implementationguide-page","valueUri":"ValueSet-sas-valueset-categorieetablissement.html"}],"reference":{"reference":"ValueSet/sas-valueset-categorieetablissement"},"name":"Catégorie établissement SAS","description":"Catégorie d'établissement utilisée dans contexte SAS - CPTS dans un premier temps","exampleBoolean":false,"groupingId":"-term-valueset"},{"extension":[{"url":"http://hl7.org/fhir/tools/StructureDefinition/resource-sort","valueInteger":999999999},{"url":"http://hl7.org/fhir/StructureDefinition/implementationguide-page","valueUri":"ValueSet-sas-sos-valueset-participant-status.html"}],"reference":{"reference":"ValueSet/sas-sos-valueset-participant-status"},"name":"Statut participant SAS SOS","description":"Statut du participant RDV SAS SOS","exampleBoolean":false,"groupingId":"-term-valueset"},{"extension":[{"url":"http://hl7.org/fhir/tools/StructureDefinition/resource-sort","valueInteger":999999999},{"url":"http://hl7.org/fhir/StructureDefinition/implementationguide-page","valueUri":"ValueSet-sas-valueset-typeconsultation.html"}],"reference":{"reference":"ValueSet/sas-valueset-typeconsultation"},"name":"Type consultation SAS","description":"Type de consultations SAS","exampleBoolean":false,"groupingId":"-term-valueset"},{"extension":[{"url":"http://hl7.org/fhir/tools/StructureDefinition/resource-sort","valueInteger":999999999},{"url":"http://hl7.org/fhir/StructureDefinition/implementationguide-page","valueUri":"ValueSet-sas-cpts-valueset-typecreneau.html"}],"reference":{"reference":"ValueSet/sas-cpts-valueset-typecreneau"},"name":"Type créneaux SAS CPTS","description":"Type de Créneaux SAS CPTS","exampleBoolean":false,"groupingId":"-term-valueset"},{"extension":[{"url":"http://hl7.org/fhir/tools/StructureDefinition/resource-sort","valueInteger":999999999},{"url":"http://hl7.org/fhir/StructureDefinition/implementationguide-page","valueUri":"ValueSet-sas-sos-valueset-typecreneau.html"}],"reference":{"reference":"ValueSet/sas-sos-valueset-typecreneau"},"name":"Type créneaux SAS SOS","description":"Type de Créneaux SAS SOS","exampleBoolean":false,"groupingId":"-term-valueset"},{"extension":[{"url":"http://hl7.org/fhir/tools/StructureDefinition/resource-sort","valueInteger":999999999},{"url":"http://hl7.org/fhir/StructureDefinition/implementationguide-page","valueUri":"ValueSet-sas-valueset-typeidentifiant.html"}],"reference":{"reference":"ValueSet/sas-valueset-typeidentifiant"},"name":"Type identifiant SAS","description":"Type d'identifiant SAS","exampleBoolean":false,"groupingId":"-term-valueset"},{"extension":[{"url":"http://hl7.org/fhir/tools/StructureDefinition/resource-sort","valueInteger":999999999},{"url":"http://hl7.org/fhir/StructureDefinition/implementationguide-page","valueUri":"Appointment-1.html"}],"reference":{"reference":"Appointment/1"},"name":"ExampleAppointmentBooked","description":"Exemple RDV PS indiv booked","exampleCanonical":"http://sas.fr/fhir/StructureDefinition/FrAppointmentSAS","groupingId":"-ex-example"},{"extension":[{"url":"http://hl7.org/fhir/tools/StructureDefinition/resource-sort","valueInteger":999999999},{"url":"http://hl7.org/fhir/StructureDefinition/implementationguide-page","valueUri":"Appointment-2.html"}],"reference":{"reference":"Appointment/2"},"name":"ExampleAppointmentCancelled","description":"Exemple RDV PS indiv cancelled","exampleCanonical":"http://sas.fr/fhir/StructureDefinition/FrAppointmentSAS","groupingId":"-ex-example"},{"extension":[{"url":"http://hl7.org/fhir/tools/StructureDefinition/resource-sort","valueInteger":999999999},{"url":"http://hl7.org/fhir/StructureDefinition/implementationguide-page","valueUri":"Bundle-ExampleBundleAgregateurSOS.html"}],"reference":{"reference":"Bundle/ExampleBundleAgregateurSOS"},"name":"ExampleBundleAgregateurSOS","description":"Exemple Bundle SOS","exampleCanonical":"https://interop.esante.gouv.fr/ig/fhir/sas/StructureDefinition/sas-sos-bundle-aggregator","groupingId":"-ex-example"},{"extension":[{"url":"http://hl7.org/fhir/tools/StructureDefinition/resource-sort","valueInteger":999999999},{"url":"http://hl7.org/fhir/StructureDefinition/implementationguide-page","valueUri":"Bundle-ExampleBundleCPTS.html"}],"reference":{"reference":"Bundle/ExampleBundleCPTS"},"name":"ExampleBundleCPTS","description":"Exemple Bundle CPTS","exampleCanonical":"https://interop.esante.gouv.fr/ig/fhir/sas/StructureDefinition/sas-cpts-bundle-aggregator","groupingId":"-ex-example"},{"extension":[{"url":"http://hl7.org/fhir/tools/StructureDefinition/resource-sort","valueInteger":999999999},{"url":"http://hl7.org/fhir/StructureDefinition/implementationguide-page","valueUri":"Bundle-ExampleBundlePSIndiv.html"}],"reference":{"reference":"Bundle/ExampleBundlePSIndiv"},"name":"ExampleBundlePSIndiv","description":"Exemple Bundle PS indiv","exampleCanonical":"http://sas.fr/fhir/StructureDefinition/BundleAgregateur","groupingId":"-ex-example"},{"extension":[{"url":"http://hl7.org/fhir/tools/StructureDefinition/resource-sort","valueInteger":999999999},{"url":"http://hl7.org/fhir/StructureDefinition/implementationguide-page","valueUri":"HealthcareService-ExampleHealthcareServiceCPTS1.html"}],"reference":{"reference":"HealthcareService/ExampleHealthcareServiceCPTS1"},"name":"ExampleHealthcareServiceCPTS1","description":"Exemple healthcare service CPTS 1","exampleCanonical":"https://interop.esante.gouv.fr/ig/fhir/sas/StructureDefinition/sas-cpts-healthcareservice-aggregator","groupingId":"-ex-example"},{"extension":[{"url":"http://hl7.org/fhir/tools/StructureDefinition/resource-sort","valueInteger":999999999},{"url":"http://hl7.org/fhir/StructureDefinition/implementationguide-page","valueUri":"HealthcareService-ExampleHealthcareServiceCPTS2.html"}],"reference":{"reference":"HealthcareService/ExampleHealthcareServiceCPTS2"},"name":"ExampleHealthcareServiceCPTS2","description":"Exemple healthcare service CPTS 2","exampleCanonical":"https://interop.esante.gouv.fr/ig/fhir/sas/StructureDefinition/sas-cpts-healthcareservice-aggregator","groupingId":"-ex-example"},{"extension":[{"url":"http://hl7.org/fhir/tools/StructureDefinition/resource-sort","valueInteger":999999999},{"url":"http://hl7.org/fhir/StructureDefinition/implementationguide-page","valueUri":"Location-1111111111.html"}],"reference":{"reference":"Location/1111111111"},"name":"ExampleLocationSOS1","description":"Exemple 1 location flux agrégateur sos","exampleCanonical":"https://interop.esante.gouv.fr/ig/fhir/sas/StructureDefinition/sas-sos-location-aggregator","groupingId":"-ex-example"},{"extension":[{"url":"http://hl7.org/fhir/tools/StructureDefinition/resource-sort","valueInteger":999999999},{"url":"http://hl7.org/fhir/StructureDefinition/implementationguide-page","valueUri":"Location-2222222222.html"}],"reference":{"reference":"Location/2222222222"},"name":"ExampleLocationSOS2","description":"Exemple 2 location flux agrégateur sos","exampleCanonical":"https://interop.esante.gouv.fr/ig/fhir/sas/StructureDefinition/sas-sos-location-aggregator","groupingId":"-ex-example"},{"extension":[{"url":"http://hl7.org/fhir/tools/StructureDefinition/resource-sort","valueInteger":999999999},{"url":"http://hl7.org/fhir/StructureDefinition/implementationguide-page","valueUri":"Location-3333333333.html"}],"reference":{"reference":"Location/3333333333"},"name":"ExampleLocationSOS3","description":"Exemple 3 location flux agrégateur sos","exampleCanonical":"https://interop.esante.gouv.fr/ig/fhir/sas/StructureDefinition/sas-sos-location-aggregator","groupingId":"-ex-example"},{"extension":[{"url":"http://hl7.org/fhir/tools/StructureDefinition/resource-sort","valueInteger":999999999},{"url":"http://hl7.org/fhir/StructureDefinition/implementationguide-page","valueUri":"Organization-ExampleOrgaCPTS1.html"}],"reference":{"reference":"Organization/ExampleOrgaCPTS1"},"name":"ExampleOrgaCPTS1","description":"Exemple d'organisation CPTS 1","exampleCanonical":"https://interop.esante.gouv.fr/ig/fhir/sas/StructureDefinition/sas-cpts-organization-aggregator","groupingId":"-ex-example"},{"extension":[{"url":"http://hl7.org/fhir/tools/StructureDefinition/resource-sort","valueInteger":999999999},{"url":"http://hl7.org/fhir/StructureDefinition/implementationguide-page","valueUri":"Organization-ExampleOrgaCPTS2.html"}],"reference":{"reference":"Organization/ExampleOrgaCPTS2"},"name":"ExampleOrgaCPTS2","description":"Exemple d'organisation CPTS 2","exampleCanonical":"https://interop.esante.gouv.fr/ig/fhir/sas/StructureDefinition/sas-cpts-organization-aggregator","groupingId":"-ex-example"},{"extension":[{"url":"http://hl7.org/fhir/tools/StructureDefinition/resource-sort","valueInteger":999999999},{"url":"http://hl7.org/fhir/StructureDefinition/implementationguide-page","valueUri":"Organization-ExampleOrgaSOS1.html"}],"reference":{"reference":"Organization/ExampleOrgaSOS1"},"name":"ExampleOrgaSOS1","description":"Exemple d'organisation SOS 1","exampleCanonical":"https://interop.esante.gouv.fr/ig/fhir/sas/StructureDefinition/sas-sos-organization-aggregator","groupingId":"-ex-example"},{"extension":[{"url":"http://hl7.org/fhir/tools/StructureDefinition/resource-sort","valueInteger":999999999},{"url":"http://hl7.org/fhir/StructureDefinition/implementationguide-page","valueUri":"Organization-ExampleOrgaSOS2.html"}],"reference":{"reference":"Organization/ExampleOrgaSOS2"},"name":"ExampleOrgaSOS2","description":"Exemple d'organisation SOS 1","exampleCanonical":"https://interop.esante.gouv.fr/ig/fhir/sas/StructureDefinition/sas-sos-organization-aggregator","groupingId":"-ex-example"},{"extension":[{"url":"http://hl7.org/fhir/tools/StructureDefinition/resource-sort","valueInteger":999999999},{"url":"http://hl7.org/fhir/StructureDefinition/implementationguide-page","valueUri":"Practitioner-ExamplePractitioner.html"}],"reference":{"reference":"Practitioner/ExamplePractitioner"},"name":"ExamplePractitioner","description":"Exemple 1 practitioner flux agrégateur","exampleCanonical":"http://sas.fr/fhir/StructureDefinition/FrPractitionerAgregateur","groupingId":"-ex-example"},{"extension":[{"url":"http://hl7.org/fhir/tools/StructureDefinition/resource-sort","valueInteger":999999999},{"url":"http://hl7.org/fhir/StructureDefinition/implementationguide-page","valueUri":"Practitioner-ExamplePractitioner2.html"}],"reference":{"reference":"Practitioner/ExamplePractitioner2"},"name":"ExamplePractitioner2","description":"Exemple 2 practitioner flux agrégateur","exampleCanonical":"http://sas.fr/fhir/StructureDefinition/FrPractitionerAgregateur","groupingId":"-ex-example"},{"extension":[{"url":"http://hl7.org/fhir/tools/StructureDefinition/resource-sort","valueInteger":999999999},{"url":"http://hl7.org/fhir/StructureDefinition/implementationguide-page","valueUri":"Practitioner-ExamplePractitioner3.html"}],"reference":{"reference":"Practitioner/ExamplePractitioner3"},"name":"ExamplePractitioner3","description":"Exemple 3 practitioner flux agrégateur","exampleCanonical":"http://sas.fr/fhir/StructureDefinition/FrPractitionerAgregateur","groupingId":"-ex-example"},{"extension":[{"url":"http://hl7.org/fhir/tools/StructureDefinition/resource-sort","valueInteger":999999999},{"url":"http://hl7.org/fhir/StructureDefinition/implementationguide-page","valueUri":"Practitioner-ExamplePractitionerRegul.html"}],"reference":{"reference":"Practitioner/ExamplePractitionerRegul"},"name":"ExamplePractitionerRegul","description":"Exemple 1 practitioner flux régulateur","exampleCanonical":"https://interop.esante.gouv.fr/ig/fhir/sas/StructureDefinition/FrPractitionerRegul","groupingId":"-ex-example"},{"extension":[{"url":"http://hl7.org/fhir/tools/StructureDefinition/resource-sort","valueInteger":999999999},{"url":"http://hl7.org/fhir/StructureDefinition/implementationguide-page","valueUri":"PractitionerRole-ExamplePractitionerRoleAgregateur.html"}],"reference":{"reference":"PractitionerRole/ExamplePractitionerRoleAgregateur"},"name":"ExamplePractitionerRoleAgregateur","description":"Exemple 1 PractitionerRole flux agrégateur","exampleCanonical":"http://sas.fr/fhir/StructureDefinition/FrPractitionerRoleExerciceAgregateur","groupingId":"-ex-example"},{"extension":[{"url":"http://hl7.org/fhir/tools/StructureDefinition/resource-sort","valueInteger":999999999},{"url":"http://hl7.org/fhir/StructureDefinition/implementationguide-page","valueUri":"PractitionerRole-ExamplePractitionerRoleAgregateur2.html"}],"reference":{"reference":"PractitionerRole/ExamplePractitionerRoleAgregateur2"},"name":"ExamplePractitionerRoleAgregateur2","description":"Exemple 2 PractitionerRole flux agrégateur","exampleCanonical":"http://sas.fr/fhir/StructureDefinition/FrPractitionerRoleExerciceAgregateur","groupingId":"-ex-example"},{"extension":[{"url":"http://hl7.org/fhir/tools/StructureDefinition/resource-sort","valueInteger":999999999},{"url":"http://hl7.org/fhir/StructureDefinition/implementationguide-page","valueUri":"PractitionerRole-ExamplePractitionerRoleAgregateur3.html"}],"reference":{"reference":"PractitionerRole/ExamplePractitionerRoleAgregateur3"},"name":"ExamplePractitionerRoleAgregateur3","description":"Exemple 3 PractitionerRole flux agrégateur","exampleCanonical":"http://sas.fr/fhir/StructureDefinition/FrPractitionerRoleExerciceAgregateur","groupingId":"-ex-example"},{"extension":[{"url":"http://hl7.org/fhir/tools/StructureDefinition/resource-sort","valueInteger":999999999},{"url":"http://hl7.org/fhir/StructureDefinition/implementationguide-page","valueUri":"PractitionerRole-ExamplePractitionerRoleAgregateur4.html"}],"reference":{"reference":"PractitionerRole/ExamplePractitionerRoleAgregateur4"},"name":"ExamplePractitionerRoleAgregateur4","description":"Exemple 4 PractitionerRole flux agrégateur","exampleCanonical":"http://sas.fr/fhir/StructureDefinition/FrPractitionerRoleExerciceAgregateur","groupingId":"-ex-example"},{"extension":[{"url":"http://hl7.org/fhir/tools/StructureDefinition/resource-sort","valueInteger":999999999},{"url":"http://hl7.org/fhir/StructureDefinition/implementationguide-page","valueUri":"Schedule-ExampleSchedule.html"}],"reference":{"reference":"Schedule/ExampleSchedule"},"name":"ExampleSchedule","description":"Exemple ressource schedule","exampleCanonical":"http://sas.fr/fhir/StructureDefinition/FrScheduleAgregateur","groupingId":"-ex-example"},{"extension":[{"url":"http://hl7.org/fhir/tools/StructureDefinition/resource-sort","valueInteger":999999999},{"url":"http://hl7.org/fhir/StructureDefinition/implementationguide-page","valueUri":"Schedule-ExampleSchedule1.html"}],"reference":{"reference":"Schedule/ExampleSchedule1"},"name":"ExampleSchedule1","description":"Exemple 1 ressource schedule","exampleCanonical":"http://sas.fr/fhir/StructureDefinition/FrScheduleAgregateur","groupingId":"-ex-example"},{"extension":[{"url":"http://hl7.org/fhir/tools/StructureDefinition/resource-sort","valueInteger":999999999},{"url":"http://hl7.org/fhir/StructureDefinition/implementationguide-page","valueUri":"Schedule-ExampleSchedule2.html"}],"reference":{"reference":"Schedule/ExampleSchedule2"},"name":"ExampleSchedule2","description":"Exemple 2 ressource schedule","exampleCanonical":"http://sas.fr/fhir/StructureDefinition/FrScheduleAgregateur","groupingId":"-ex-example"},{"extension":[{"url":"http://hl7.org/fhir/tools/StructureDefinition/resource-sort","valueInteger":999999999},{"url":"http://hl7.org/fhir/StructureDefinition/implementationguide-page","valueUri":"Schedule-ExampleSchedule3.html"}],"reference":{"reference":"Schedule/ExampleSchedule3"},"name":"ExampleSchedule3","description":"Exemple 3 ressource schedule","exampleCanonical":"http://sas.fr/fhir/StructureDefinition/FrScheduleAgregateur","groupingId":"-ex-example"},{"extension":[{"url":"http://hl7.org/fhir/tools/StructureDefinition/resource-sort","valueInteger":999999999},{"url":"http://hl7.org/fhir/StructureDefinition/implementationguide-page","valueUri":"Schedule-ExampleScheduleSOS1.html"}],"reference":{"reference":"Schedule/ExampleScheduleSOS1"},"name":"ExampleScheduleSOS1","description":"Exemple 1 ressource schedule sos","exampleCanonical":"https://interop.esante.gouv.fr/ig/fhir/sas/StructureDefinition/sas-sos-schedule-aggregator","groupingId":"-ex-example"},{"extension":[{"url":"http://hl7.org/fhir/tools/StructureDefinition/resource-sort","valueInteger":999999999},{"url":"http://hl7.org/fhir/StructureDefinition/implementationguide-page","valueUri":"Schedule-ExampleScheduleSOS2.html"}],"reference":{"reference":"Schedule/ExampleScheduleSOS2"},"name":"ExampleScheduleSOS2","description":"Exemple 2 ressource schedule sos","exampleCanonical":"https://interop.esante.gouv.fr/ig/fhir/sas/StructureDefinition/sas-sos-schedule-aggregator","groupingId":"-ex-example"},{"extension":[{"url":"http://hl7.org/fhir/tools/StructureDefinition/resource-sort","valueInteger":999999999},{"url":"http://hl7.org/fhir/StructureDefinition/implementationguide-page","valueUri":"Schedule-ExampleScheduleSOS3.html"}],"reference":{"reference":"Schedule/ExampleScheduleSOS3"},"name":"ExampleScheduleSOS3","description":"Exemple 3 ressource schedule sos","exampleCanonical":"https://interop.esante.gouv.fr/ig/fhir/sas/StructureDefinition/sas-sos-schedule-aggregator","groupingId":"-ex-example"},{"extension":[{"url":"http://hl7.org/fhir/tools/StructureDefinition/resource-sort","valueInteger":999999999},{"url":"http://hl7.org/fhir/StructureDefinition/implementationguide-page","valueUri":"Slot-ExampleSlotCPTS1.html"}],"reference":{"reference":"Slot/ExampleSlotCPTS1"},"name":"ExampleSlotCPTS1","description":"Exemple ressource slot CPTS - une CPTS","exampleCanonical":"https://interop.esante.gouv.fr/ig/fhir/sas/StructureDefinition/sas-cpts-slot-aggregator","groupingId":"-ex-example"},{"extension":[{"url":"http://hl7.org/fhir/tools/StructureDefinition/resource-sort","valueInteger":999999999},{"url":"http://hl7.org/fhir/StructureDefinition/implementationguide-page","valueUri":"Slot-ExampleSlotCPTS2.html"}],"reference":{"reference":"Slot/ExampleSlotCPTS2"},"name":"ExampleSlotCPTS2","description":"Exemple ressource slot CPTS - deux CPTS","exampleCanonical":"https://interop.esante.gouv.fr/ig/fhir/sas/StructureDefinition/sas-cpts-slot-aggregator","groupingId":"-ex-example"},{"extension":[{"url":"http://hl7.org/fhir/tools/StructureDefinition/resource-sort","valueInteger":999999999},{"url":"http://hl7.org/fhir/StructureDefinition/implementationguide-page","valueUri":"Slot-ExampleSlotPSIndiv1.html"}],"reference":{"reference":"Slot/ExampleSlotPSIndiv1"},"name":"ExampleSlotPSIndiv1","description":"Exemple 1 ressource slot PS indiv","exampleCanonical":"http://sas.fr/fhir/StructureDefinition/FrSlotAgregateur","groupingId":"-ex-example"},{"extension":[{"url":"http://hl7.org/fhir/tools/StructureDefinition/resource-sort","valueInteger":999999999},{"url":"http://hl7.org/fhir/StructureDefinition/implementationguide-page","valueUri":"Slot-ExampleSlotPSIndiv2.html"}],"reference":{"reference":"Slot/ExampleSlotPSIndiv2"},"name":"ExampleSlotPSIndiv2","description":"Exemple 2 ressource slot PS indiv","exampleCanonical":"http://sas.fr/fhir/StructureDefinition/FrSlotAgregateur","groupingId":"-ex-example"},{"extension":[{"url":"http://hl7.org/fhir/tools/StructureDefinition/resource-sort","valueInteger":999999999},{"url":"http://hl7.org/fhir/StructureDefinition/implementationguide-page","valueUri":"Slot-ExampleSlotPSIndiv3.html"}],"reference":{"reference":"Slot/ExampleSlotPSIndiv3"},"name":"ExampleSlotPSIndiv3","description":"Exemple 3 ressource slot PS indiv","exampleCanonical":"http://sas.fr/fhir/StructureDefinition/FrSlotAgregateur","groupingId":"-ex-example"},{"extension":[{"url":"http://hl7.org/fhir/tools/StructureDefinition/resource-sort","valueInteger":999999999},{"url":"http://hl7.org/fhir/StructureDefinition/implementationguide-page","valueUri":"Slot-ExampleSlotPSIndiv4.html"}],"reference":{"reference":"Slot/ExampleSlotPSIndiv4"},"name":"ExampleSlotPSIndiv4","description":"Exemple 4 ressource slot PS indiv","exampleCanonical":"http://sas.fr/fhir/StructureDefinition/FrSlotAgregateur","groupingId":"-ex-example"},{"extension":[{"url":"http://hl7.org/fhir/tools/StructureDefinition/resource-sort","valueInteger":999999999},{"url":"http://hl7.org/fhir/StructureDefinition/implementationguide-page","valueUri":"Slot-ExampleSlotSOS1.html"}],"reference":{"reference":"Slot/ExampleSlotSOS1"},"name":"ExampleSlotSOS1","description":"Exemple 1 ressource slot sos","exampleCanonical":"https://interop.esante.gouv.fr/ig/fhir/sas/StructureDefinition/sas-sos-slot-aggregator","groupingId":"-ex-example"},{"extension":[{"url":"http://hl7.org/fhir/tools/StructureDefinition/resource-sort","valueInteger":999999999},{"url":"http://hl7.org/fhir/StructureDefinition/implementationguide-page","valueUri":"Slot-ExampleSlotSOS2.html"}],"reference":{"reference":"Slot/ExampleSlotSOS2"},"name":"ExampleSlotSOS2","description":"Exemple 2 ressource slot sos","exampleCanonical":"https://interop.esante.gouv.fr/ig/fhir/sas/StructureDefinition/sas-sos-slot-aggregator","groupingId":"-ex-example"},{"extension":[{"url":"http://hl7.org/fhir/tools/StructureDefinition/resource-sort","valueInteger":999999999},{"url":"http://hl7.org/fhir/StructureDefinition/implementationguide-page","valueUri":"Slot-ExampleSlotSOS3.html"}],"reference":{"reference":"Slot/ExampleSlotSOS3"},"name":"ExampleSlotSOS3","description":"Exemple 3 ressource slot sos","exampleCanonical":"https://interop.esante.gouv.fr/ig/fhir/sas/StructureDefinition/sas-sos-slot-aggregator","groupingId":"-ex-example"},{"extension":[{"url":"http://hl7.org/fhir/tools/StructureDefinition/resource-sort","valueInteger":999999999},{"url":"http://hl7.org/fhir/StructureDefinition/implementationguide-page","valueUri":"Slot-ExampleSlotSOS4.html"}],"reference":{"reference":"Slot/ExampleSlotSOS4"},"name":"ExampleSlotSOS4","description":"Exemple 4 ressource slot sos","exampleCanonical":"https://interop.esante.gouv.fr/ig/fhir/sas/StructureDefinition/sas-sos-slot-aggregator","groupingId":"-ex-example"}],"page":{"extension":[{"url":"http://hl7.org/fhir/tools/StructureDefinition/ig-page-name","valueUrl":"toc.html"}],"nameUrl":"toc.html","title":"Table of Contents","generation":"html","page":[{"extension":[{"url":"http://hl7.org/fhir/tools/StructureDefinition/ig-page-name","valueUrl":"index.html"}],"nameUrl":"index.html","title":"Accueil","generation":"markdown"},{"extension":[{"url":"http://hl7.org/fhir/tools/StructureDefinition/ig-page-name","valueUrl":"specifications_fonctionnelles.html"}],"nameUrl":"specifications_fonctionnelles.html","title":"Spécif. fonctionnelles","generation":"markdown"},{"extension":[{"url":"http://hl7.org/fhir/tools/StructureDefinition/ig-page-name","valueUrl":"specifications_techniques-ps-recherche_creneaux.html"}],"nameUrl":"specifications_techniques-ps-recherche_creneaux.html","title":"PS indiv. - Recherche des créneaux","generation":"markdown"},{"extension":[{"url":"http://hl7.org/fhir/tools/StructureDefinition/ig-page-name","valueUrl":"specifications_techniques-ps-gestion_rdv.html"}],"nameUrl":"specifications_techniques-ps-gestion_rdv.html","title":"PS indiv. - Gestion de rendez-vous","generation":"markdown"},{"extension":[{"url":"http://hl7.org/fhir/tools/StructureDefinition/ig-page-name","valueUrl":"specifications_techniques-cpts-recherche_creneaux.html"}],"nameUrl":"specifications_techniques-cpts-recherche_creneaux.html","title":"CPTS - Recherche des créneaux","generation":"markdown"},{"extension":[{"url":"http://hl7.org/fhir/tools/StructureDefinition/ig-page-name","valueUrl":"specifications_techniques-cpts-gestion_rdv.html"}],"nameUrl":"specifications_techniques-cpts-gestion_rdv.html","title":"CPTS - Gestion de rendez-vous","generation":"markdown"},{"extension":[{"url":"http://hl7.org/fhir/tools/StructureDefinition/ig-page-name","valueUrl":"specifications_techniques-sos-recherche_creneaux.html"}],"nameUrl":"specifications_techniques-sos-recherche_creneaux.html","title":"SOS Médecins - Recherche des créneaux","generation":"markdown"},{"extension":[{"url":"http://hl7.org/fhir/tools/StructureDefinition/ig-page-name","valueUrl":"specifications_techniques-sos-gestion_rdv.html"}],"nameUrl":"specifications_techniques-sos-gestion_rdv.html","title":"SOS Médecins - Recherche des créneaux","generation":"markdown"},{"extension":[{"url":"http://hl7.org/fhir/tools/StructureDefinition/ig-page-name","valueUrl":"ressources_casusage.html"}],"nameUrl":"ressources_casusage.html","title":"Ressources par cas d'usage","generation":"markdown"},{"extension":[{"url":"http://hl7.org/fhir/tools/StructureDefinition/ig-page-name","valueUrl":"autres_ressources.html"}],"nameUrl":"autres_ressources.html","title":"Autres Ressources","generation":"markdown","page":[{"extension":[{"url":"http://hl7.org/fhir/tools/StructureDefinition/ig-page-name","valueUrl":"securite.html"}],"nameUrl":"securite.html","title":"Sécurité","generation":"markdown"},{"extension":[{"url":"http://hl7.org/fhir/tools/StructureDefinition/ig-page-name","valueUrl":"faq.html"}],"nameUrl":"faq.html","title":"FAQ","generation":"markdown"},{"extension":[{"url":"http://hl7.org/fhir/tools/StructureDefinition/ig-page-name","valueUrl":"annexes.html"}],"nameUrl":"annexes.html","title":"Annexes","generation":"markdown"},{"extension":[{"url":"http://hl7.org/fhir/tools/StructureDefinition/ig-page-name","valueUrl":"downloads.html"}],"nameUrl":"downloads.html","title":"Téléchargements et usages","generation":"markdown"}]},{"extension":[{"url":"http://hl7.org/fhir/tools/StructureDefinition/ig-page-name","valueUrl":"artifacts.html"}],"nameUrl":"artifacts.html","title":"Artifacts Summary","generation":"html","page":[{"extension":[{"url":"http://hl7.org/fhir/tools/StructureDefinition/ig-page-name","valueUrl":"SearchParameter-cptsslot-sp-servicetype.html"}],"nameUrl":"SearchParameter-cptsslot-sp-servicetype.html","title":"cptsslot-sp-servicetype","generation":"generated"},{"extension":[{"url":"http://hl7.org/fhir/tools/StructureDefinition/ig-page-name","valueUrl":"SearchParameter-slot-sp-start.html"}],"nameUrl":"SearchParameter-slot-sp-start.html","title":"slot-sp-start","generation":"generated"},{"extension":[{"url":"http://hl7.org/fhir/tools/StructureDefinition/ig-page-name","valueUrl":"StructureDefinition-BundleAgregateur.html"}],"nameUrl":"StructureDefinition-BundleAgregateur.html","title":"BundleAgregateur","generation":"generated"},{"extension":[{"url":"http://hl7.org/fhir/tools/StructureDefinition/ig-page-name","valueUrl":"StructureDefinition-sas-cpts-bundle-aggregator.html"}],"nameUrl":"StructureDefinition-sas-cpts-bundle-aggregator.html","title":"BundleAgregateurCPTS","generation":"generated"},{"extension":[{"url":"http://hl7.org/fhir/tools/StructureDefinition/ig-page-name","valueUrl":"StructureDefinition-sas-sos-bundle-aggregator.html"}],"nameUrl":"StructureDefinition-sas-sos-bundle-aggregator.html","title":"BundleAgregateurSOS","generation":"generated"},{"extension":[{"url":"http://hl7.org/fhir/tools/StructureDefinition/ig-page-name","valueUrl":"StructureDefinition-FrAppointmentSAS.html"}],"nameUrl":"StructureDefinition-FrAppointmentSAS.html","title":"FrAppointmentSAS","generation":"generated"},{"extension":[{"url":"http://hl7.org/fhir/tools/StructureDefinition/ig-page-name","valueUrl":"StructureDefinition-sas-sos-appointment.html"}],"nameUrl":"StructureDefinition-sas-sos-appointment.html","title":"FrAppointmentSASSOS","generation":"generated"},{"extension":[{"url":"http://hl7.org/fhir/tools/StructureDefinition/ig-page-name","valueUrl":"StructureDefinition-sas-cpts-healthcareservice-aggregator.html"}],"nameUrl":"StructureDefinition-sas-cpts-healthcareservice-aggregator.html","title":"FrHealthcareServiceAgregateurCPTS","generation":"generated"},{"extension":[{"url":"http://hl7.org/fhir/tools/StructureDefinition/ig-page-name","valueUrl":"StructureDefinition-FrLocationAgregateur.html"}],"nameUrl":"StructureDefinition-FrLocationAgregateur.html","title":"FrLocationAgregateur","generation":"generated"},{"extension":[{"url":"http://hl7.org/fhir/tools/StructureDefinition/ig-page-name","valueUrl":"StructureDefinition-sas-sos-location-aggregator.html"}],"nameUrl":"StructureDefinition-sas-sos-location-aggregator.html","title":"FrLocationAgregateurSOS","generation":"generated"},{"extension":[{"url":"http://hl7.org/fhir/tools/StructureDefinition/ig-page-name","valueUrl":"StructureDefinition-sas-cpts-organization-aggregator.html"}],"nameUrl":"StructureDefinition-sas-cpts-organization-aggregator.html","title":"FrOrganizationAgregateurCPTS","generation":"generated"},{"extension":[{"url":"http://hl7.org/fhir/tools/StructureDefinition/ig-page-name","valueUrl":"StructureDefinition-sas-sos-organization-aggregator.html"}],"nameUrl":"StructureDefinition-sas-sos-organization-aggregator.html","title":"FrOrganizationAgregateurSOS","generation":"generated"},{"extension":[{"url":"http://hl7.org/fhir/tools/StructureDefinition/ig-page-name","valueUrl":"StructureDefinition-FrPractitionerAgregateur.html"}],"nameUrl":"StructureDefinition-FrPractitionerAgregateur.html","title":"FrPractitionerAgregateur","generation":"generated"},{"extension":[{"url":"http://hl7.org/fhir/tools/StructureDefinition/ig-page-name","valueUrl":"StructureDefinition-FrPractitionerRegul.html"}],"nameUrl":"StructureDefinition-FrPractitionerRegul.html","title":"FrPractitionerRegul","generation":"generated"},{"extension":[{"url":"http://hl7.org/fhir/tools/StructureDefinition/ig-page-name","valueUrl":"StructureDefinition-FrPractitionerRoleExerciceAgregateur.html"}],"nameUrl":"StructureDefinition-FrPractitionerRoleExerciceAgregateur.html","title":"FrPractitionerRoleExerciceAgregateur","generation":"generated"},{"extension":[{"url":"http://hl7.org/fhir/tools/StructureDefinition/ig-page-name","valueUrl":"StructureDefinition-FrScheduleAgregateur.html"}],"nameUrl":"StructureDefinition-FrScheduleAgregateur.html","title":"FrScheduleAgregateur","generation":"generated"},{"extension":[{"url":"http://hl7.org/fhir/tools/StructureDefinition/ig-page-name","valueUrl":"StructureDefinition-sas-sos-schedule-aggregator.html"}],"nameUrl":"StructureDefinition-sas-sos-schedule-aggregator.html","title":"FrScheduleAgregateurSOS","generation":"generated"},{"extension":[{"url":"http://hl7.org/fhir/tools/StructureDefinition/ig-page-name","valueUrl":"StructureDefinition-FrSlotAgregateur.html"}],"nameUrl":"StructureDefinition-FrSlotAgregateur.html","title":"FrSlotAgregateur","generation":"generated"},{"extension":[{"url":"http://hl7.org/fhir/tools/StructureDefinition/ig-page-name","valueUrl":"StructureDefinition-sas-cpts-slot-aggregator.html"}],"nameUrl":"StructureDefinition-sas-cpts-slot-aggregator.html","title":"FrSlotAgregateurCPTS","generation":"generated"},{"extension":[{"url":"http://hl7.org/fhir/tools/StructureDefinition/ig-page-name","valueUrl":"StructureDefinition-sas-sos-slot-aggregator.html"}],"nameUrl":"StructureDefinition-sas-sos-slot-aggregator.html","title":"FrSlotAgregateurSOS","generation":"generated"},{"extension":[{"url":"http://hl7.org/fhir/tools/StructureDefinition/ig-page-name","valueUrl":"StructureDefinition-sas-cpts-slot-servicetype-aggregator.html"}],"nameUrl":"StructureDefinition-sas-cpts-slot-servicetype-aggregator.html","title":"SASServiceTypeR5","generation":"generated"},{"extension":[{"url":"http://hl7.org/fhir/tools/StructureDefinition/ig-page-name","valueUrl":"ValueSet-sas-valueset-appointmentreason.html"}],"nameUrl":"ValueSet-sas-valueset-appointmentreason.html","title":"Appointment reason SAS","generation":"generated"},{"extension":[{"url":"http://hl7.org/fhir/tools/StructureDefinition/ig-page-name","valueUrl":"ValueSet-sas-valueset-categorieetablissement.html"}],"nameUrl":"ValueSet-sas-valueset-categorieetablissement.html","title":"Catégorie établissement SAS","generation":"generated"},{"extension":[{"url":"http://hl7.org/fhir/tools/StructureDefinition/ig-page-name","valueUrl":"ValueSet-sas-sos-valueset-participant-status.html"}],"nameUrl":"ValueSet-sas-sos-valueset-participant-status.html","title":"Statut participant SAS SOS","generation":"generated"},{"extension":[{"url":"http://hl7.org/fhir/tools/StructureDefinition/ig-page-name","valueUrl":"ValueSet-sas-valueset-typeconsultation.html"}],"nameUrl":"ValueSet-sas-valueset-typeconsultation.html","title":"Type consultation SAS","generation":"generated"},{"extension":[{"url":"http://hl7.org/fhir/tools/StructureDefinition/ig-page-name","valueUrl":"ValueSet-sas-cpts-valueset-typecreneau.html"}],"nameUrl":"ValueSet-sas-cpts-valueset-typecreneau.html","title":"Type créneaux SAS CPTS","generation":"generated"},{"extension":[{"url":"http://hl7.org/fhir/tools/StructureDefinition/ig-page-name","valueUrl":"ValueSet-sas-sos-valueset-typecreneau.html"}],"nameUrl":"ValueSet-sas-sos-valueset-typecreneau.html","title":"Type créneaux SAS SOS","generation":"generated"},{"extension":[{"url":"http://hl7.org/fhir/tools/StructureDefinition/ig-page-name","valueUrl":"ValueSet-sas-valueset-typeidentifiant.html"}],"nameUrl":"ValueSet-sas-valueset-typeidentifiant.html","title":"Type identifiant SAS","generation":"generated"},{"extension":[{"url":"http://hl7.org/fhir/tools/StructureDefinition/ig-page-name","valueUrl":"Appointment-1.html"}],"nameUrl":"Appointment-1.html","title":"ExampleAppointmentBooked","generation":"generated"},{"extension":[{"url":"http://hl7.org/fhir/tools/StructureDefinition/ig-page-name","valueUrl":"Appointment-2.html"}],"nameUrl":"Appointment-2.html","title":"ExampleAppointmentCancelled","generation":"generated"},{"extension":[{"url":"http://hl7.org/fhir/tools/StructureDefinition/ig-page-name","valueUrl":"Bundle-ExampleBundleAgregateurSOS.html"}],"nameUrl":"Bundle-ExampleBundleAgregateurSOS.html","title":"ExampleBundleAgregateurSOS","generation":"generated"},{"extension":[{"url":"http://hl7.org/fhir/tools/StructureDefinition/ig-page-name","valueUrl":"Bundle-ExampleBundleCPTS.html"}],"nameUrl":"Bundle-ExampleBundleCPTS.html","title":"ExampleBundleCPTS","generation":"generated"},{"extension":[{"url":"http://hl7.org/fhir/tools/StructureDefinition/ig-page-name","valueUrl":"Bundle-ExampleBundlePSIndiv.html"}],"nameUrl":"Bundle-ExampleBundlePSIndiv.html","title":"ExampleBundlePSIndiv","generation":"generated"},{"extension":[{"url":"http://hl7.org/fhir/tools/StructureDefinition/ig-page-name","valueUrl":"HealthcareService-ExampleHealthcareServiceCPTS1.html"}],"nameUrl":"HealthcareService-ExampleHealthcareServiceCPTS1.html","title":"ExampleHealthcareServiceCPTS1","generation":"generated"},{"extension":[{"url":"http://hl7.org/fhir/tools/StructureDefinition/ig-page-name","valueUrl":"HealthcareService-ExampleHealthcareServiceCPTS2.html"}],"nameUrl":"HealthcareService-ExampleHealthcareServiceCPTS2.html","title":"ExampleHealthcareServiceCPTS2","generation":"generated"},{"extension":[{"url":"http://hl7.org/fhir/tools/StructureDefinition/ig-page-name","valueUrl":"Location-1111111111.html"}],"nameUrl":"Location-1111111111.html","title":"ExampleLocationSOS1","generation":"generated"},{"extension":[{"url":"http://hl7.org/fhir/tools/StructureDefinition/ig-page-name","valueUrl":"Location-2222222222.html"}],"nameUrl":"Location-2222222222.html","title":"ExampleLocationSOS2","generation":"generated"},{"extension":[{"url":"http://hl7.org/fhir/tools/StructureDefinition/ig-page-name","valueUrl":"Location-3333333333.html"}],"nameUrl":"Location-3333333333.html","title":"ExampleLocationSOS3","generation":"generated"},{"extension":[{"url":"http://hl7.org/fhir/tools/StructureDefinition/ig-page-name","valueUrl":"Organization-ExampleOrgaCPTS1.html"}],"nameUrl":"Organization-ExampleOrgaCPTS1.html","title":"ExampleOrgaCPTS1","generation":"generated"},{"extension":[{"url":"http://hl7.org/fhir/tools/StructureDefinition/ig-page-name","valueUrl":"Organization-ExampleOrgaCPTS2.html"}],"nameUrl":"Organization-ExampleOrgaCPTS2.html","title":"ExampleOrgaCPTS2","generation":"generated"},{"extension":[{"url":"http://hl7.org/fhir/tools/StructureDefinition/ig-page-name","valueUrl":"Organization-ExampleOrgaSOS1.html"}],"nameUrl":"Organization-ExampleOrgaSOS1.html","title":"ExampleOrgaSOS1","generation":"generated"},{"extension":[{"url":"http://hl7.org/fhir/tools/StructureDefinition/ig-page-name","valueUrl":"Organization-ExampleOrgaSOS2.html"}],"nameUrl":"Organization-ExampleOrgaSOS2.html","title":"ExampleOrgaSOS2","generation":"generated"},{"extension":[{"url":"http://hl7.org/fhir/tools/StructureDefinition/ig-page-name","valueUrl":"Practitioner-ExamplePractitioner.html"}],"nameUrl":"Practitioner-ExamplePractitioner.html","title":"ExamplePractitioner","generation":"generated"},{"extension":[{"url":"http://hl7.org/fhir/tools/StructureDefinition/ig-page-name","valueUrl":"Practitioner-ExamplePractitioner2.html"}],"nameUrl":"Practitioner-ExamplePractitioner2.html","title":"ExamplePractitioner2","generation":"generated"},{"extension":[{"url":"http://hl7.org/fhir/tools/StructureDefinition/ig-page-name","valueUrl":"Practitioner-ExamplePractitioner3.html"}],"nameUrl":"Practitioner-ExamplePractitioner3.html","title":"ExamplePractitioner3","generation":"generated"},{"extension":[{"url":"http://hl7.org/fhir/tools/StructureDefinition/ig-page-name","valueUrl":"Practitioner-ExamplePractitionerRegul.html"}],"nameUrl":"Practitioner-ExamplePractitionerRegul.html","title":"ExamplePractitionerRegul","generation":"generated"},{"extension":[{"url":"http://hl7.org/fhir/tools/StructureDefinition/ig-page-name","valueUrl":"PractitionerRole-ExamplePractitionerRoleAgregateur.html"}],"nameUrl":"PractitionerRole-ExamplePractitionerRoleAgregateur.html","title":"ExamplePractitionerRoleAgregateur","generation":"generated"},{"extension":[{"url":"http://hl7.org/fhir/tools/StructureDefinition/ig-page-name","valueUrl":"PractitionerRole-ExamplePractitionerRoleAgregateur2.html"}],"nameUrl":"PractitionerRole-ExamplePractitionerRoleAgregateur2.html","title":"ExamplePractitionerRoleAgregateur2","generation":"generated"},{"extension":[{"url":"http://hl7.org/fhir/tools/StructureDefinition/ig-page-name","valueUrl":"PractitionerRole-ExamplePractitionerRoleAgregateur3.html"}],"nameUrl":"PractitionerRole-ExamplePractitionerRoleAgregateur3.html","title":"ExamplePractitionerRoleAgregateur3","generation":"generated"},{"extension":[{"url":"http://hl7.org/fhir/tools/StructureDefinition/ig-page-name","valueUrl":"PractitionerRole-ExamplePractitionerRoleAgregateur4.html"}],"nameUrl":"PractitionerRole-ExamplePractitionerRoleAgregateur4.html","title":"ExamplePractitionerRoleAgregateur4","generation":"generated"},{"extension":[{"url":"http://hl7.org/fhir/tools/StructureDefinition/ig-page-name","valueUrl":"Schedule-ExampleSchedule.html"}],"nameUrl":"Schedule-ExampleSchedule.html","title":"ExampleSchedule","generation":"generated"},{"extension":[{"url":"http://hl7.org/fhir/tools/StructureDefinition/ig-page-name","valueUrl":"Schedule-ExampleSchedule1.html"}],"nameUrl":"Schedule-ExampleSchedule1.html","title":"ExampleSchedule1","generation":"generated"},{"extension":[{"url":"http://hl7.org/fhir/tools/StructureDefinition/ig-page-name","valueUrl":"Schedule-ExampleSchedule2.html"}],"nameUrl":"Schedule-ExampleSchedule2.html","title":"ExampleSchedule2","generation":"generated"},{"extension":[{"url":"http://hl7.org/fhir/tools/StructureDefinition/ig-page-name","valueUrl":"Schedule-ExampleSchedule3.html"}],"nameUrl":"Schedule-ExampleSchedule3.html","title":"ExampleSchedule3","generation":"generated"},{"extension":[{"url":"http://hl7.org/fhir/tools/StructureDefinition/ig-page-name","valueUrl":"Schedule-ExampleScheduleSOS1.html"}],"nameUrl":"Schedule-ExampleScheduleSOS1.html","title":"ExampleScheduleSOS1","generation":"generated"},{"extension":[{"url":"http://hl7.org/fhir/tools/StructureDefinition/ig-page-name","valueUrl":"Schedule-ExampleScheduleSOS2.html"}],"nameUrl":"Schedule-ExampleScheduleSOS2.html","title":"ExampleScheduleSOS2","generation":"generated"},{"extension":[{"url":"http://hl7.org/fhir/tools/StructureDefinition/ig-page-name","valueUrl":"Schedule-ExampleScheduleSOS3.html"}],"nameUrl":"Schedule-ExampleScheduleSOS3.html","title":"ExampleScheduleSOS3","generation":"generated"},{"extension":[{"url":"http://hl7.org/fhir/tools/StructureDefinition/ig-page-name","valueUrl":"Slot-ExampleSlotCPTS1.html"}],"nameUrl":"Slot-ExampleSlotCPTS1.html","title":"ExampleSlotCPTS1","generation":"generated"},{"extension":[{"url":"http://hl7.org/fhir/tools/StructureDefinition/ig-page-name","valueUrl":"Slot-ExampleSlotCPTS2.html"}],"nameUrl":"Slot-ExampleSlotCPTS2.html","title":"ExampleSlotCPTS2","generation":"generated"},{"extension":[{"url":"http://hl7.org/fhir/tools/StructureDefinition/ig-page-name","valueUrl":"Slot-ExampleSlotPSIndiv1.html"}],"nameUrl":"Slot-ExampleSlotPSIndiv1.html","title":"ExampleSlotPSIndiv1","generation":"generated"},{"extension":[{"url":"http://hl7.org/fhir/tools/StructureDefinition/ig-page-name","valueUrl":"Slot-ExampleSlotPSIndiv2.html"}],"nameUrl":"Slot-ExampleSlotPSIndiv2.html","title":"ExampleSlotPSIndiv2","generation":"generated"},{"extension":[{"url":"http://hl7.org/fhir/tools/StructureDefinition/ig-page-name","valueUrl":"Slot-ExampleSlotPSIndiv3.html"}],"nameUrl":"Slot-ExampleSlotPSIndiv3.html","title":"ExampleSlotPSIndiv3","generation":"generated"},{"extension":[{"url":"http://hl7.org/fhir/tools/StructureDefinition/ig-page-name","valueUrl":"Slot-ExampleSlotPSIndiv4.html"}],"nameUrl":"Slot-ExampleSlotPSIndiv4.html","title":"ExampleSlotPSIndiv4","generation":"generated"},{"extension":[{"url":"http://hl7.org/fhir/tools/StructureDefinition/ig-page-name","valueUrl":"Slot-ExampleSlotSOS1.html"}],"nameUrl":"Slot-ExampleSlotSOS1.html","title":"ExampleSlotSOS1","generation":"generated"},{"extension":[{"url":"http://hl7.org/fhir/tools/StructureDefinition/ig-page-name","valueUrl":"Slot-ExampleSlotSOS2.html"}],"nameUrl":"Slot-ExampleSlotSOS2.html","title":"ExampleSlotSOS2","generation":"generated"},{"extension":[{"url":"http://hl7.org/fhir/tools/StructureDefinition/ig-page-name","valueUrl":"Slot-ExampleSlotSOS3.html"}],"nameUrl":"Slot-ExampleSlotSOS3.html","title":"ExampleSlotSOS3","generation":"generated"},{"extension":[{"url":"http://hl7.org/fhir/tools/StructureDefinition/ig-page-name","valueUrl":"Slot-ExampleSlotSOS4.html"}],"nameUrl":"Slot-ExampleSlotSOS4.html","title":"ExampleSlotSOS4","generation":"generated"}]}]},"parameter":[{"code":"path-resource","value":"input/capabilities"},{"code":"path-resource","value":"input/examples"},{"code":"path-resource","value":"input/extensions"},{"code":"path-resource","value":"input/models"},{"code":"path-resource","value":"input/operations"},{"code":"path-resource","value":"input/profiles"},{"code":"path-resource","value":"input/resources"},{"code":"path-resource","value":"input/vocabulary"},{"code":"path-resource","value":"input/maps"},{"code":"path-resource","value":"input/testing"},{"code":"path-resource","value":"input/history"},{"code":"path-resource","value":"fsh-generated/resources"},{"code":"path-pages","value":"template/config"},{"code":"path-pages","value":"input/images"},{"code":"path-tx-cache","value":"input-cache/txcache"}]}}