<?xml version="1.0" encoding="UTF-8"?>

<ValueSet xmlns="http://hl7.org/fhir">
  <id value="sas-valueset-typeidentifiant"/>
  <text>
    <status value="generated"/><div xmlns="http://www.w3.org/1999/xhtml"><p class="res-header-id"><b>Narratif généré : EnsembleValeurs sas-valueset-typeidentifiant</b></p><a name="sas-valueset-typeidentifiant"> </a><a name="hcsas-valueset-typeidentifiant"> </a><ul><li>Include ce(s) code(s) tel quil(s) est (sont) défini(s) dans <a href="https://simplifier.net/resolve?scope=hl7.fhir.fr.core@1.1.0&amp;canonical=http://interopsante.org/fhir/CodeSystem/fr-v2-0203"><code>http://interopsante.org/fhir/CodeSystem/fr-v2-0203</code></a><table class="none"><tr><td style="white-space:nowrap"><b>Code</b></td><td><b>Display</b></td></tr><tr><td><a href="https://simplifier.net/resolve?scope=hl7.fhir.fr.core@1.1.0&amp;canonical=http://interopsante.org/fhir/CodeSystem/fr-v2-0203#fr-v2-0203-IDNPS">IDNPS</a></td><td>Identifiant National de Professionnel de Santé</td></tr><tr><td><a href="https://simplifier.net/resolve?scope=hl7.fhir.fr.core@1.1.0&amp;canonical=http://interopsante.org/fhir/CodeSystem/fr-v2-0203#fr-v2-0203-INTRN">INTRN</a></td><td>Identifiant interne</td></tr></table></li></ul></div>
  </text>
  <url value="https://interop.esante.gouv.fr/ig/fhir/sas/ValueSet/sas-valueset-typeidentifiant"/>
  <version value="1.1.0"/>
  <name value="TypeIdentifiantSAS"/>
  <title value="Type identifiant SAS"/>
  <status value="active"/>
  <experimental value="false"/>
  <date value="2025-09-15T09:18:46+00:00"/>
  <publisher value="ANS"/>
  <contact>
    <name value="ANS"/>
    <telecom>
      <system value="url"/>
      <value value="https://esante.gouv.fr"/>
    </telecom>
  </contact>
  <description value="Type d'identifiant SAS"/>
  <jurisdiction>
    <coding>
      <system value="urn:iso:std:iso:3166"/>
      <code value="FR"/>
      <display value="FRANCE"/>
    </coding>
  </jurisdiction>
  <compose>
    <include>
      <system value="http://interopsante.org/fhir/CodeSystem/fr-v2-0203"/>
      <concept>
        <code value="IDNPS"/>
        <display value="Identifiant National de Professionnel de Santé"/>
      </concept>
      <concept>
        <code value="INTRN"/>
        <display value="Identifiant interne"/>
      </concept>
    </include>
  </compose>
</ValueSet>