{"resourceType":"ValueSet","id":"sas-valueset-appointmentparticipanttype","text":{"status":"extensions","div":"<div xmlns=\"http://www.w3.org/1999/xhtml\"><p class=\"res-header-id\"><b>Narratif généré : EnsembleValeurs sas-valueset-appointmentparticipanttype</b></p><a name=\"sas-valueset-appointmentparticipanttype\"> </a><a name=\"hcsas-valueset-appointmentparticipanttype\"> </a><ul><li>Include ce(s) code(s) tel quil(s) est (sont) défini(s) dans <a href=\"http://terminology.hl7.org/6.5.0/CodeSystem-v3-ParticipationType.html\"><code>http://terminology.hl7.org/CodeSystem/v3-ParticipationType</code></a><table class=\"none\"><tr><td style=\"white-space:nowrap\"><b>Code</b></td><td><b>Display</b></td><td><b>Définition</b></td></tr><tr><td><a href=\"http://terminology.hl7.org/6.5.0/CodeSystem-v3-ParticipationType.html#v3-ParticipationType-ADM\">ADM</a></td><td>The practitioner who is responsible for admitting a patient to a patient encounter.</td><td>The practitioner who is responsible for admitting a patient to a patient encounter.</td></tr></table></li></ul></div>"},"url":"https://interop.esante.gouv.fr/ig/fhir/sas/ValueSet/sas-valueset-appointmentparticipanttype","version":"1.1.0","name":"AppointmentParticipantTypeSAS","title":"Appointment Participant Type SAS","status":"active","experimental":false,"date":"2025-09-24T13:27:33+00:00","publisher":"ANS","contact":[{"name":"ANS","telecom":[{"system":"url","value":"https://esante.gouv.fr"}]}],"description":"Type de participant du RDV SAS","jurisdiction":[{"coding":[{"system":"urn:iso:std:iso:3166","code":"FR","display":"FRANCE"}]}],"compose":{"include":[{"system":"http://terminology.hl7.org/CodeSystem/v3-ParticipationType","concept":[{"code":"ADM","display":"The practitioner who is responsible for admitting a patient to a patient encounter."}]}]}}