<?xml version="1.0" encoding="UTF-8"?><ValueSet xmlns="http://hl7.org/fhir"><id value="sas-valueset-typeconsultation"/><text><status value="extensions"/><div xmlns="http://www.w3.org/1999/xhtml"><p class="res-header-id"><b>Narratif généré : EnsembleValeurs sas-valueset-typeconsultation</b></p><a name="sas-valueset-typeconsultation"> </a><a name="hcsas-valueset-typeconsultation"> </a><ul><li>Include ce(s) code(s) tel quil(s) est (sont) défini(s) dans <a href="http://terminology.hl7.org/7.0.0/CodeSystem-v3-ActCode.html"><code>http://terminology.hl7.org/CodeSystem/v3-ActCode</code></a><span title="Version is not explicitly stated, which means it is fixed to 9.0.0, the version found through the package references"> version 📦9.0.0</span><table class="none"><tr><td style="white-space:nowrap"><b>Code</b></td><td><b>Display</b></td><td><b>Définition</b></td></tr><tr><td><a href="http://terminology.hl7.org/7.0.0/CodeSystem-v3-ActCode.html#v3-ActCode-AMB">AMB</a></td><td>Consultation au cabinet</td><td>A comprehensive term for health care provided in a healthcare facility (e.g. a practitioneraTMs office, clinic setting, or hospital) on a nonresident basis. The term ambulatory usually implies that the patient has come to the location and is not assigned to a bed. Sometimes referred to as an outpatient encounter.</td></tr><tr><td><a href="http://terminology.hl7.org/7.0.0/CodeSystem-v3-ActCode.html#v3-ActCode-HH">HH</a></td><td>Consultation à domicile</td><td>Healthcare encounter that takes place in the residence of the patient or a designee</td></tr><tr><td><a href="http://terminology.hl7.org/7.0.0/CodeSystem-v3-ActCode.html#v3-ActCode-VR">VR</a></td><td>Téléconsultation</td><td>A patient encounter where the patient and the practitioner(s) are not in the same physical location. Examples include telephone conference, email exchange, robotic surgery, and televideo conference.</td></tr></table></li></ul></div></text><url value="https://interop.esante.gouv.fr/ig/fhir/sas/ValueSet/sas-valueset-typeconsultation"/><version value="1.2.0"/><name value="TypeConsultationSAS"/><title value="Type consultation SAS"/><status value="active"/><experimental value="false"/><date value="2025-11-24T08:39:07+00:00"/><publisher value="ANS"/><contact><name value="ANS"/><telecom><system value="url"/><value value="https://esante.gouv.fr"/></telecom></contact><description value="Type de consultations SAS"/><jurisdiction><coding><system value="urn:iso:std:iso:3166"/><code value="FR"/><display value="FRANCE"/></coding></jurisdiction><compose><include><system value="http://terminology.hl7.org/CodeSystem/v3-ActCode"/><concept><code value="AMB"/><display value="Consultation au cabinet"/></concept><concept><code value="HH"/><display value="Consultation à domicile"/></concept><concept><code value="VR"/><display value="Téléconsultation"/></concept></include></compose></ValueSet>