{
  "resourceType" : "ValueSet",
  "id" : "0aa3f12f-480b-42b3-ab9f-0925ad52cc55-71",
  "url" : "http://hl7.org/fhir/comparison/ValueSet/0aa3f12f-480b-42b3-ab9f-0925ad52cc55-71",
  "name" : "UnionParticipantStatusSASSOSAndParticipantStatusSASSOS",
  "title" : "Union of Statut participant SAS SOS And Statut participant SAS SOS",
  "status" : "active",
  "date" : "2024-12-10T09:50:06+00:00",
  "jurisdiction" : [{
    "coding" : [{
      "system" : "urn:iso:std:iso:3166",
      "code" : "FR",
      "display" : "FRANCE"
    }]
  }],
  "compose" : {
    "include" : [{
      "concept" : [{
        "code" : "accepted",
        "display" : "RDV accepté par le PS effecteur de soins"
      },
      {
        "code" : "needs-action",
        "display" : "RDV en attente de confirmation par le PS effecteur de soins"
      }]
    }]
  }
}