{
  "resourceType" : "Bundle",
  "id" : "4fc76379-3652-4960-b73c-3bcbb4cfa29f",
  "meta" : {
    "lastUpdated" : "2025-03-12T11:03:37.584+00:00"
  },
  "type" : "collection",
  "entry" : [{
    "fullUrl" : "https://interop.esante.gouv.fr/ig/fhir/sas/ValueSet/sas-cpts-valueset-typecreneau",
    "resource" : {
      "resourceType" : "ValueSet",
      "text" : {
        "status" : "generated",
        "div" : "<div xmlns=\"http://www.w3.org/1999/xhtml\"><p class=\"res-header-id\"><b>ValueSet </b></p><p style=\"border: black 1px dotted; background-color: #EEEEEE; padding: 8px; margin-bottom: 8px\">Expansion performed internally based on <a href=\"https://interop.esante.gouv.fr/ig/nos/1.4.0/CodeSystem-TRE-R314-TypeCreneau.html\">codesystem TRE_R314-TypeCreneau v1.4.0 (CodeSystem)</a></p><p>Ce jeu de valeur (ValueSet) contient 4 concepts</p><table class=\"codes\"><tr><td style=\"white-space:nowrap\"><b>Code</b></td><td><b>Système</b></td><td><b>Display (fr-FR)</b></td><td><b>Définition</b></td></tr><tr><td style=\"white-space:nowrap\"><a name=\"x-https://mos.esante.gouv.fr/NOS/TRE_R314-TypeCreneau/FHIR/TRE-R314-TypeCreneau-PUBLIC\"> </a>\u00a0\u00a0<a href=\"https://interop.esante.gouv.fr/ig/nos/1.4.0/CodeSystem-TRE-R314-TypeCreneau.html#TRE-R314-TypeCreneau-PUBLIC\">PUBLIC</a></td><td>https://mos.esante.gouv.fr/NOS/TRE_R314-TypeCreneau/FHIR/TRE-R314-TypeCreneau</td><td/><td><div><p>Les créneaux ouverts au public - Créneau de soins défini par un professionnel de santé ou son délégataire dans son logiciel de prise de RDV accessible par le grand public</p>\n</div></td></tr><tr><td style=\"white-space:nowrap\"><a name=\"x-https://mos.esante.gouv.fr/NOS/TRE_R314-TypeCreneau/FHIR/TRE-R314-TypeCreneau-SNP\"> </a>\u00a0\u00a0<a href=\"https://interop.esante.gouv.fr/ig/nos/1.4.0/CodeSystem-TRE-R314-TypeCreneau.html#TRE-R314-TypeCreneau-SNP\">SNP</a></td><td>https://mos.esante.gouv.fr/NOS/TRE_R314-TypeCreneau/FHIR/TRE-R314-TypeCreneau</td><td/><td><div><p>Les créneaux ouverts aux Soins Non Programmés -Créneau de soins défini par un professionnel de santé ou son délégataire dans son logiciel de prise de RDV accessible par les Régulateurs et Organisateurs de Soins Non Programmés</p>\n</div></td></tr><tr><td style=\"white-space:nowrap\"><a name=\"x-https://mos.esante.gouv.fr/NOS/TRE_R314-TypeCreneau/FHIR/TRE-R314-TypeCreneau-PRO\"> </a>\u00a0\u00a0<a href=\"https://interop.esante.gouv.fr/ig/nos/1.4.0/CodeSystem-TRE-R314-TypeCreneau.html#TRE-R314-TypeCreneau-PRO\">PRO</a></td><td>https://mos.esante.gouv.fr/NOS/TRE_R314-TypeCreneau/FHIR/TRE-R314-TypeCreneau</td><td/><td><div><p>Les créneaux ouverts aux professionnels, dans le cadre de la prise de RDV par un tiers - Créneau de soins défini par un professionnel de santé ou son délégataire dans son logiciel de prise de RDV accessible à l'ensemble des professionnels de santé</p>\n</div></td></tr><tr><td style=\"white-space:nowrap\"><a name=\"x-https://mos.esante.gouv.fr/NOS/TRE_R314-TypeCreneau/FHIR/TRE-R314-TypeCreneau-CPTS\"> </a>\u00a0\u00a0<a href=\"https://interop.esante.gouv.fr/ig/nos/1.4.0/CodeSystem-TRE-R314-TypeCreneau.html#TRE-R314-TypeCreneau-CPTS\">CPTS</a></td><td>https://mos.esante.gouv.fr/NOS/TRE_R314-TypeCreneau/FHIR/TRE-R314-TypeCreneau</td><td/><td><div><p>Les créneaux ouverts aux structures de type CPTS - Créneau de soins défini par un professionnel de santé ou son délégataire dans son logiciel de prise de RDV accessible par une structure de type CPTS</p>\n</div></td></tr></table></div>"
      },
      "url" : "https://interop.esante.gouv.fr/ig/fhir/sas/ValueSet/sas-cpts-valueset-typecreneau",
      "version" : "1.1.0",
      "name" : "TypeCreneauSASCPTS",
      "title" : "Type créneaux SAS CPTS",
      "status" : "active",
      "experimental" : false,
      "date" : "2025-03-12T11:02:50+00:00",
      "jurisdiction" : [{
        "coding" : [{
          "system" : "urn:iso:std:iso:3166",
          "code" : "FR",
          "display" : "FRANCE"
        }]
      }],
      "expansion" : {
        "identifier" : "urn:uuid:21250e1a-2bf3-4590-ac51-fe1d7a35a1d6",
        "timestamp" : "2025-03-12T11:04:14+00:00",
        "total" : 4,
        "offset" : 0,
        "parameter" : [{
          "name" : "displayLanguage",
          "valueCode" : "fr-FR"
        },
        {
          "name" : "count",
          "valueInteger" : 1000
        },
        {
          "name" : "offset",
          "valueInteger" : 0
        },
        {
          "name" : "excludeNested",
          "valueBoolean" : false
        },
        {
          "name" : "used-codesystem",
          "valueUri" : "https://mos.esante.gouv.fr/NOS/TRE_R314-TypeCreneau/FHIR/TRE-R314-TypeCreneau|1.4.0"
        }],
        "contains" : [{
          "system" : "https://mos.esante.gouv.fr/NOS/TRE_R314-TypeCreneau/FHIR/TRE-R314-TypeCreneau",
          "code" : "PUBLIC"
        },
        {
          "system" : "https://mos.esante.gouv.fr/NOS/TRE_R314-TypeCreneau/FHIR/TRE-R314-TypeCreneau",
          "code" : "SNP"
        },
        {
          "system" : "https://mos.esante.gouv.fr/NOS/TRE_R314-TypeCreneau/FHIR/TRE-R314-TypeCreneau",
          "code" : "PRO"
        },
        {
          "system" : "https://mos.esante.gouv.fr/NOS/TRE_R314-TypeCreneau/FHIR/TRE-R314-TypeCreneau",
          "code" : "CPTS"
        }]
      }
    }
  },
  {
    "fullUrl" : "https://interop.esante.gouv.fr/ig/fhir/sas/ValueSet/sas-sos-valueset-participant-status",
    "resource" : {
      "resourceType" : "ValueSet",
      "text" : {
        "status" : "generated",
        "div" : "<div xmlns=\"http://www.w3.org/1999/xhtml\"><p class=\"res-header-id\"><b>ValueSet </b></p><p style=\"border: black 1px dotted; background-color: #EEEEEE; padding: 8px; margin-bottom: 8px\">Expansion performed internally based on <a href=\"http://hl7.org/fhir/R4/codesystem-participationstatus.html\">codesystem ParticipationStatus v4.0.1 (CodeSystem)</a></p><p>Ce jeu de valeur (ValueSet) contient 2 concepts</p><table class=\"codes\"><tr><td style=\"white-space:nowrap\"><b>Code</b></td><td><b>Système</b></td><td><b>Display (fr-FR)</b></td><td><b>Définition</b></td></tr><tr><td style=\"white-space:nowrap\"><a name=\"x-http://hl7.org/fhir/participationstatus-accepted\"> </a>\u00a0\u00a0<a href=\"http://hl7.org/fhir/R4/codesystem-participationstatus.html#participationstatus-accepted\">accepted</a></td><td>http://hl7.org/fhir/participationstatus</td><td/><td><div><p>The participant has accepted the appointment.</p>\n</div></td></tr><tr><td style=\"white-space:nowrap\"><a name=\"x-http://hl7.org/fhir/participationstatus-needs-action\"> </a>\u00a0\u00a0<a href=\"http://hl7.org/fhir/R4/codesystem-participationstatus.html#participationstatus-needs-action\">needs-action</a></td><td>http://hl7.org/fhir/participationstatus</td><td/><td><div><p>The participant needs to indicate if they accept the appointment by changing this status to one of the other statuses.</p>\n</div></td></tr></table></div>"
      },
      "url" : "https://interop.esante.gouv.fr/ig/fhir/sas/ValueSet/sas-sos-valueset-participant-status",
      "version" : "1.1.0",
      "name" : "ParticipantStatusSASSOS",
      "title" : "Statut participant SAS SOS",
      "status" : "active",
      "experimental" : false,
      "date" : "2025-03-12T11:02:50+00:00",
      "jurisdiction" : [{
        "coding" : [{
          "system" : "urn:iso:std:iso:3166",
          "code" : "FR",
          "display" : "FRANCE"
        }]
      }],
      "expansion" : {
        "identifier" : "urn:uuid:e1808792-8062-4b40-9312-641c71f501a2",
        "timestamp" : "2025-03-12T11:04:15+00:00",
        "total" : 2,
        "offset" : 0,
        "parameter" : [{
          "name" : "displayLanguage",
          "valueCode" : "fr-FR"
        },
        {
          "name" : "count",
          "valueInteger" : 1000
        },
        {
          "name" : "offset",
          "valueInteger" : 0
        },
        {
          "name" : "excludeNested",
          "valueBoolean" : false
        },
        {
          "name" : "warning-draft",
          "valueUri" : "http://hl7.org/fhir/participationstatus|4.0.1"
        },
        {
          "name" : "used-codesystem",
          "valueUri" : "http://hl7.org/fhir/participationstatus|4.0.1"
        }],
        "contains" : [{
          "system" : "http://hl7.org/fhir/participationstatus",
          "code" : "accepted"
        },
        {
          "system" : "http://hl7.org/fhir/participationstatus",
          "code" : "needs-action"
        }]
      }
    }
  },
  {
    "fullUrl" : "https://interop.esante.gouv.fr/ig/fhir/sas/ValueSet/sas-sos-valueset-typecreneau",
    "resource" : {
      "resourceType" : "ValueSet",
      "text" : {
        "status" : "generated",
        "div" : "<div xmlns=\"http://www.w3.org/1999/xhtml\"><p class=\"res-header-id\"><b>ValueSet </b></p><p style=\"border: black 1px dotted; background-color: #EEEEEE; padding: 8px; margin-bottom: 8px\">Expansion performed internally based on <a href=\"https://interop.esante.gouv.fr/ig/nos/1.4.0/CodeSystem-TRE-R314-TypeCreneau.html\">codesystem TRE_R314-TypeCreneau v1.4.0 (CodeSystem)</a></p><p>Ce jeu de valeur (ValueSet) contient 2 concepts</p><table class=\"codes\"><tr><td style=\"white-space:nowrap\"><b>Code</b></td><td><b>Système</b></td><td><b>Display (fr-FR)</b></td><td><b>Définition</b></td></tr><tr><td style=\"white-space:nowrap\"><a name=\"x-https://mos.esante.gouv.fr/NOS/TRE_R314-TypeCreneau/FHIR/TRE-R314-TypeCreneau-PUBLIC\"> </a>\u00a0\u00a0<a href=\"https://interop.esante.gouv.fr/ig/nos/1.4.0/CodeSystem-TRE-R314-TypeCreneau.html#TRE-R314-TypeCreneau-PUBLIC\">PUBLIC</a></td><td>https://mos.esante.gouv.fr/NOS/TRE_R314-TypeCreneau/FHIR/TRE-R314-TypeCreneau</td><td/><td><div><p>Les créneaux ouverts au public - Créneau de soins défini par un professionnel de santé ou son délégataire dans son logiciel de prise de RDV accessible par le grand public</p>\n</div></td></tr><tr><td style=\"white-space:nowrap\"><a name=\"x-https://mos.esante.gouv.fr/NOS/TRE_R314-TypeCreneau/FHIR/TRE-R314-TypeCreneau-SNP\"> </a>\u00a0\u00a0<a href=\"https://interop.esante.gouv.fr/ig/nos/1.4.0/CodeSystem-TRE-R314-TypeCreneau.html#TRE-R314-TypeCreneau-SNP\">SNP</a></td><td>https://mos.esante.gouv.fr/NOS/TRE_R314-TypeCreneau/FHIR/TRE-R314-TypeCreneau</td><td/><td><div><p>Les créneaux ouverts aux Soins Non Programmés -Créneau de soins défini par un professionnel de santé ou son délégataire dans son logiciel de prise de RDV accessible par les Régulateurs et Organisateurs de Soins Non Programmés</p>\n</div></td></tr></table></div>"
      },
      "url" : "https://interop.esante.gouv.fr/ig/fhir/sas/ValueSet/sas-sos-valueset-typecreneau",
      "version" : "1.1.0",
      "name" : "TypeCreneauSASSOS",
      "title" : "Type créneaux SAS SOS",
      "status" : "active",
      "experimental" : false,
      "date" : "2025-03-12T11:02:50+00:00",
      "jurisdiction" : [{
        "coding" : [{
          "system" : "urn:iso:std:iso:3166",
          "code" : "FR",
          "display" : "FRANCE"
        }]
      }],
      "expansion" : {
        "identifier" : "urn:uuid:d9768ea4-d190-4af0-ae32-588cb6772573",
        "timestamp" : "2025-03-12T11:04:15+00:00",
        "total" : 2,
        "offset" : 0,
        "parameter" : [{
          "name" : "displayLanguage",
          "valueCode" : "fr-FR"
        },
        {
          "name" : "count",
          "valueInteger" : 1000
        },
        {
          "name" : "offset",
          "valueInteger" : 0
        },
        {
          "name" : "excludeNested",
          "valueBoolean" : false
        },
        {
          "name" : "used-codesystem",
          "valueUri" : "https://mos.esante.gouv.fr/NOS/TRE_R314-TypeCreneau/FHIR/TRE-R314-TypeCreneau|1.4.0"
        }],
        "contains" : [{
          "system" : "https://mos.esante.gouv.fr/NOS/TRE_R314-TypeCreneau/FHIR/TRE-R314-TypeCreneau",
          "code" : "PUBLIC"
        },
        {
          "system" : "https://mos.esante.gouv.fr/NOS/TRE_R314-TypeCreneau/FHIR/TRE-R314-TypeCreneau",
          "code" : "SNP"
        }]
      }
    }
  },
  {
    "fullUrl" : "https://interop.esante.gouv.fr/ig/fhir/sas/ValueSet/sas-valueset-appointmentreason",
    "resource" : {
      "resourceType" : "ValueSet",
      "text" : {
        "status" : "generated",
        "div" : "<div xmlns=\"http://www.w3.org/1999/xhtml\"><p class=\"res-header-id\"><b>ValueSet </b></p><p style=\"border: black 1px dotted; background-color: #EEEEEE; padding: 8px; margin-bottom: 8px\">Expansion performed internally based on <a href=\"http://terminology.hl7.org/6.0.2/CodeSystem-v2-0276.html\">codesystem appointmentReason v2.0.0 (CodeSystem)</a></p><p>Ce jeu de valeur (ValueSet) contient 2 concepts</p><table class=\"codes\"><tr><td style=\"white-space:nowrap\"><b>Code</b></td><td><b>Système</b></td><td><b>Display (fr-FR)</b></td><td><b>Définition</b></td></tr><tr><td style=\"white-space:nowrap\"><a name=\"x-http://terminology.hl7.org/CodeSystem/v2-0276-ROUTINE\"> </a>\u00a0\u00a0<a href=\"http://terminology.hl7.org/6.0.2/CodeSystem-v2-0276.html#v2-0276-ROUTINE\">ROUTINE</a></td><td>http://terminology.hl7.org/CodeSystem/v2-0276</td><td/><td><div><p>Routine appointment - default if not valued</p>\n</div></td></tr><tr><td style=\"white-space:nowrap\"><a name=\"x-http://terminology.hl7.org/CodeSystem/v2-0276-WALKIN\"> </a>\u00a0\u00a0<a href=\"http://terminology.hl7.org/6.0.2/CodeSystem-v2-0276.html#v2-0276-WALKIN\">WALKIN</a></td><td>http://terminology.hl7.org/CodeSystem/v2-0276</td><td/><td><div><p>A previously unscheduled walk-in visit</p>\n</div></td></tr></table></div>"
      },
      "url" : "https://interop.esante.gouv.fr/ig/fhir/sas/ValueSet/sas-valueset-appointmentreason",
      "version" : "1.1.0",
      "name" : "AppointmentReasonSAS",
      "title" : "Appointment reason SAS",
      "status" : "active",
      "experimental" : false,
      "date" : "2025-03-12T11:02:50+00:00",
      "jurisdiction" : [{
        "coding" : [{
          "system" : "urn:iso:std:iso:3166",
          "code" : "FR",
          "display" : "FRANCE"
        }]
      }],
      "expansion" : {
        "identifier" : "urn:uuid:4aeb0a45-8000-4809-a1d5-a0e36e969614",
        "timestamp" : "2025-03-12T11:04:15+00:00",
        "total" : 2,
        "offset" : 0,
        "parameter" : [{
          "name" : "displayLanguage",
          "valueCode" : "fr-FR"
        },
        {
          "name" : "count",
          "valueInteger" : 1000
        },
        {
          "name" : "offset",
          "valueInteger" : 0
        },
        {
          "name" : "excludeNested",
          "valueBoolean" : false
        },
        {
          "name" : "used-codesystem",
          "valueUri" : "http://terminology.hl7.org/CodeSystem/v2-0276|2.0.0"
        }],
        "contains" : [{
          "system" : "http://terminology.hl7.org/CodeSystem/v2-0276",
          "code" : "ROUTINE"
        },
        {
          "system" : "http://terminology.hl7.org/CodeSystem/v2-0276",
          "code" : "WALKIN"
        }]
      }
    }
  },
  {
    "fullUrl" : "https://interop.esante.gouv.fr/ig/fhir/sas/ValueSet/sas-valueset-categorieetablissement",
    "resource" : {
      "resourceType" : "ValueSet",
      "text" : {
        "status" : "generated",
        "div" : "<div xmlns=\"http://www.w3.org/1999/xhtml\"><p class=\"res-header-id\"><b>ValueSet </b></p><p style=\"border: black 1px dotted; background-color: #EEEEEE; padding: 8px; margin-bottom: 8px\">Expansion performed internally based on <a href=\"https://interop.esante.gouv.fr/ig/nos/1.4.0/CodeSystem-TRE-R66-CategorieEtablissement.html\">codesystem TRE_R66-CategorieEtablissement v1.4.0 (CodeSystem)</a></p><p>Ce jeu de valeur (ValueSet) contient 1 concepts</p><table class=\"codes\"><tr><td style=\"white-space:nowrap\"><b>Code</b></td><td><b>Système</b></td><td><b>Display (fr-FR)</b></td><td><b>Définition</b></td></tr><tr><td style=\"white-space:nowrap\"><a name=\"x-https://mos.esante.gouv.fr/NOS/TRE_R66-CategorieEtablissement/FHIR/TRE-R66-CategorieEtablissement-604\"> </a>\u00a0\u00a0<a href=\"https://interop.esante.gouv.fr/ig/nos/1.4.0/CodeSystem-TRE-R66-CategorieEtablissement.html#TRE-R66-CategorieEtablissement-604\">604</a></td><td>https://mos.esante.gouv.fr/NOS/TRE_R66-CategorieEtablissement/FHIR/TRE-R66-CategorieEtablissement</td><td/><td><div><p>Les Communautés Professionnelles Territoriales de Santé (CPTS) ont été créées par la loi de modernisation de notre système de santé du 26 janvier 2016 (cf. articles Article L1434-12 et Article L1434-13 du code de la Santé Publique). Leur enregistrement est régi par l'instruction DGOS/DIR/DREES/DMSI/2020/12. Les CPTS sont un espace d'organisation et de coordination entre professionnels de santé et non pas des structures de soins : elles regroupent les professionnels de santé d'un même territoire qui souhaitent s'organiser - à leur initiative - autour d'un projet de santé pour répondre aux besoins de santé de la population. Les CPTS sont constituées entre des professionnels de santé, le cas échéant de maisons de santé, de centres de santé, de réseaux de santé, d'établissements de santé, d'établissements et de services médico-sociaux, des groupements de coopération sanitaire, et des groupements de coopération sociale et médicosociale. Grâce à l'accord conventionnel interprofessionnel (ACI) intervenu en 2019, les CPTS dont le projet de santé est validé par l'ARS sont enregistrés dans FINESS et peuvent bénéficier de financement de l'assurance maladie  Ne sont enregistrés dans FINESS que l'Entité Juridique et le siège social. Les établissements et professionnels constitutif d'une CPTS ne sont pas enregistrés dans FINESS.</p>\n</div></td></tr></table></div>"
      },
      "url" : "https://interop.esante.gouv.fr/ig/fhir/sas/ValueSet/sas-valueset-categorieetablissement",
      "version" : "1.1.0",
      "name" : "CategorieEtablissementSAS",
      "title" : "Catégorie établissement SAS",
      "status" : "active",
      "experimental" : false,
      "date" : "2025-03-12T11:02:50+00:00",
      "jurisdiction" : [{
        "coding" : [{
          "system" : "urn:iso:std:iso:3166",
          "code" : "FR",
          "display" : "FRANCE"
        }]
      }],
      "expansion" : {
        "identifier" : "urn:uuid:6d31f47c-93ea-4ed4-89df-f76005412dfe",
        "timestamp" : "2025-03-12T11:04:15+00:00",
        "total" : 1,
        "offset" : 0,
        "parameter" : [{
          "name" : "displayLanguage",
          "valueCode" : "fr-FR"
        },
        {
          "name" : "count",
          "valueInteger" : 1000
        },
        {
          "name" : "offset",
          "valueInteger" : 0
        },
        {
          "name" : "excludeNested",
          "valueBoolean" : false
        },
        {
          "name" : "used-codesystem",
          "valueUri" : "https://mos.esante.gouv.fr/NOS/TRE_R66-CategorieEtablissement/FHIR/TRE-R66-CategorieEtablissement|1.4.0"
        }],
        "contains" : [{
          "system" : "https://mos.esante.gouv.fr/NOS/TRE_R66-CategorieEtablissement/FHIR/TRE-R66-CategorieEtablissement",
          "code" : "604"
        }]
      }
    }
  },
  {
    "fullUrl" : "https://interop.esante.gouv.fr/ig/fhir/sas/ValueSet/sas-valueset-typeconsultation",
    "resource" : {
      "resourceType" : "ValueSet",
      "text" : {
        "status" : "generated",
        "div" : "<div xmlns=\"http://www.w3.org/1999/xhtml\"><p class=\"res-header-id\"><b>ValueSet </b></p><p style=\"border: black 1px dotted; background-color: #EEEEEE; padding: 8px; margin-bottom: 8px\">Expansion performed internally based on <a href=\"http://terminology.hl7.org/6.0.2/CodeSystem-v3-ActCode.html\">codesystem ActCode v9.0.0 (CodeSystem)</a></p><p>Ce jeu de valeur (ValueSet) contient 3 concepts</p><table class=\"codes\"><tr><td style=\"white-space:nowrap\"><b>Code</b></td><td><b>Système</b></td><td><b>Display (fr-FR)</b></td><td><b>Définition</b></td></tr><tr><td style=\"white-space:nowrap\"><a name=\"x-http://terminology.hl7.org/CodeSystem/v3-ActCode-AMB\"> </a>\u00a0\u00a0<a href=\"http://terminology.hl7.org/6.0.2/CodeSystem-v3-ActCode.html#v3-ActCode-AMB\">AMB</a></td><td>http://terminology.hl7.org/CodeSystem/v3-ActCode</td><td/><td><div><p>A comprehensive term for health care provided in a healthcare facility (e.g. a practitioneraTMs office, clinic setting, or hospital) on a nonresident basis. The term ambulatory usually implies that the patient has come to the location and is not assigned to a bed. Sometimes referred to as an outpatient encounter.</p>\n</div></td></tr><tr><td style=\"white-space:nowrap\"><a name=\"x-http://terminology.hl7.org/CodeSystem/v3-ActCode-HH\"> </a>\u00a0\u00a0<a href=\"http://terminology.hl7.org/6.0.2/CodeSystem-v3-ActCode.html#v3-ActCode-HH\">HH</a></td><td>http://terminology.hl7.org/CodeSystem/v3-ActCode</td><td/><td><div><p>Healthcare encounter that takes place in the residence of the patient or a designee</p>\n</div></td></tr><tr><td style=\"white-space:nowrap\"><a name=\"x-http://terminology.hl7.org/CodeSystem/v3-ActCode-VR\"> </a>\u00a0\u00a0<a href=\"http://terminology.hl7.org/6.0.2/CodeSystem-v3-ActCode.html#v3-ActCode-VR\">VR</a></td><td>http://terminology.hl7.org/CodeSystem/v3-ActCode</td><td/><td><div><p>A patient encounter where the patient and the practitioner(s) are not in the same physical location. Examples include telephone conference, email exchange, robotic surgery, and televideo conference.</p>\n</div></td></tr></table></div>"
      },
      "url" : "https://interop.esante.gouv.fr/ig/fhir/sas/ValueSet/sas-valueset-typeconsultation",
      "version" : "1.1.0",
      "name" : "TypeConsultationSAS",
      "title" : "Type consultation SAS",
      "status" : "active",
      "experimental" : false,
      "date" : "2025-03-12T11:02:50+00:00",
      "jurisdiction" : [{
        "coding" : [{
          "system" : "urn:iso:std:iso:3166",
          "code" : "FR",
          "display" : "FRANCE"
        }]
      }],
      "expansion" : {
        "identifier" : "urn:uuid:f78255b5-2897-4cec-9432-31c9842611bb",
        "timestamp" : "2025-03-12T11:04:15+00:00",
        "total" : 3,
        "offset" : 0,
        "parameter" : [{
          "name" : "displayLanguage",
          "valueCode" : "fr-FR"
        },
        {
          "name" : "count",
          "valueInteger" : 1000
        },
        {
          "name" : "offset",
          "valueInteger" : 0
        },
        {
          "name" : "excludeNested",
          "valueBoolean" : false
        },
        {
          "name" : "used-codesystem",
          "valueUri" : "http://terminology.hl7.org/CodeSystem/v3-ActCode|9.0.0"
        }],
        "contains" : [{
          "system" : "http://terminology.hl7.org/CodeSystem/v3-ActCode",
          "code" : "AMB"
        },
        {
          "system" : "http://terminology.hl7.org/CodeSystem/v3-ActCode",
          "code" : "HH"
        },
        {
          "system" : "http://terminology.hl7.org/CodeSystem/v3-ActCode",
          "code" : "VR"
        }]
      }
    }
  },
  {
    "fullUrl" : "https://interop.esante.gouv.fr/ig/fhir/sas/ValueSet/sas-valueset-typeidentifiant",
    "resource" : {
      "resourceType" : "ValueSet",
      "text" : {
        "status" : "generated",
        "div" : "<div xmlns=\"http://www.w3.org/1999/xhtml\"><p class=\"res-header-id\"><b>ValueSet </b></p><p style=\"border: black 1px dotted; background-color: #EEEEEE; padding: 8px; margin-bottom: 8px\">Expansion performed internally based on <a href=\"https://hl7.fr/ig/fhir/core/2.1.0/CodeSystem-fr-core-cs-v2-0203.html\">codesystem FR Core CodeSystem v2-0203 v2.1.0 (CodeSystem)</a></p><p>Ce jeu de valeur (ValueSet) contient 2 concepts</p><table class=\"codes\"><tr><td style=\"white-space:nowrap\"><b>Code</b></td><td><b>Système</b></td><td><b>Display (fr-FR)</b></td></tr><tr><td style=\"white-space:nowrap\"><a name=\"x-https://hl7.fr/ig/fhir/core/CodeSystem/fr-core-cs-v2-0203-IDNPS\"> </a>\u00a0\u00a0<a href=\"https://hl7.fr/ig/fhir/core/2.1.0/CodeSystem-fr-core-cs-v2-0203.html#fr-core-cs-v2-0203-IDNPS\">IDNPS</a></td><td>https://hl7.fr/ig/fhir/core/CodeSystem/fr-core-cs-v2-0203</td><td/></tr><tr><td style=\"white-space:nowrap\"><a name=\"x-https://hl7.fr/ig/fhir/core/CodeSystem/fr-core-cs-v2-0203-INTRN\"> </a>\u00a0\u00a0<a href=\"https://hl7.fr/ig/fhir/core/2.1.0/CodeSystem-fr-core-cs-v2-0203.html#fr-core-cs-v2-0203-INTRN\">INTRN</a></td><td>https://hl7.fr/ig/fhir/core/CodeSystem/fr-core-cs-v2-0203</td><td/></tr></table></div>"
      },
      "url" : "https://interop.esante.gouv.fr/ig/fhir/sas/ValueSet/sas-valueset-typeidentifiant",
      "version" : "1.1.0",
      "name" : "TypeIdentifiantSAS",
      "title" : "Type identifiant SAS",
      "status" : "active",
      "experimental" : false,
      "date" : "2025-03-12T11:02:50+00:00",
      "jurisdiction" : [{
        "coding" : [{
          "system" : "urn:iso:std:iso:3166",
          "code" : "FR",
          "display" : "FRANCE"
        }]
      }],
      "expansion" : {
        "identifier" : "urn:uuid:6c424510-763c-4f6d-93b8-622ac8e46464",
        "timestamp" : "2025-03-12T11:04:15+00:00",
        "total" : 2,
        "offset" : 0,
        "parameter" : [{
          "name" : "displayLanguage",
          "valueCode" : "fr-FR"
        },
        {
          "name" : "count",
          "valueInteger" : 1000
        },
        {
          "name" : "offset",
          "valueInteger" : 0
        },
        {
          "name" : "excludeNested",
          "valueBoolean" : false
        },
        {
          "name" : "used-codesystem",
          "valueUri" : "https://hl7.fr/ig/fhir/core/CodeSystem/fr-core-cs-v2-0203|2.1.0"
        }],
        "contains" : [{
          "system" : "https://hl7.fr/ig/fhir/core/CodeSystem/fr-core-cs-v2-0203",
          "code" : "IDNPS"
        },
        {
          "system" : "https://hl7.fr/ig/fhir/core/CodeSystem/fr-core-cs-v2-0203",
          "code" : "INTRN"
        }]
      }
    }
  }]
}