{
  "resourceType" : "Location",
  "id" : "3333333333",
  "meta" : {
    "profile" : ["https://interop.esante.gouv.fr/ig/fhir/sas/StructureDefinition/sas-sos-location-aggregator"]
  },
  "text" : {
    "status" : "generated",
    "div" : "<div xmlns=\"http://www.w3.org/1999/xhtml\"><p class=\"res-header-id\"><b>Generated Narrative: Location 3333333333</b></p><a name=\"3333333333\"> </a><a name=\"hc3333333333\"> </a><a name=\"3333333333-fr-FR\"> </a><p><b>identifier</b>: Identifiant interne/3333333333</p><p><b>name</b>: Centre de consultation Lorient</p><p><b>telecom</b>: <a href=\"tel:+33139555992\">+33139555992</a></p><p><b>address</b>: 12 impasse Royer Dubail LORIENT 56100 </p><p><b>managingOrganization</b>: <a href=\"Organization-ExampleOrgaSOS2.html\">Organization SOS Médecins Lorient et agglomération</a></p><blockquote><p><b>hoursOfOperation</b></p><p><b>daysOfWeek</b>: Tuesday, Thursday, Saturday</p><p><b>openingTime</b>: 11:00:00</p><p><b>closingTime</b>: 18:00:00</p></blockquote></div>"
  },
  "identifier" : [{
    "type" : {
      "coding" : [{
        "system" : "https://hl7.fr/ig/fhir/core/CodeSystem/fr-core-cs-location-identifier-type",
        "code" : "INTRN"
      }]
    },
    "system" : "https://editeur.com",
    "value" : "3333333333"
  }],
  "name" : "Centre de consultation Lorient",
  "telecom" : [{
    "system" : "phone",
    "value" : "+33139555992"
  }],
  "address" : {
    "line" : ["12 impasse Royer Dubail"],
    "city" : "LORIENT",
    "postalCode" : "56100"
  },
  "managingOrganization" : {
    "reference" : "Organization/ExampleOrgaSOS2"
  },
  "hoursOfOperation" : [{
    "daysOfWeek" : ["tue",
    "thu",
    "sat"],
    "openingTime" : "11:00:00",
    "closingTime" : "18:00:00"
  }]
}