<?xml version="1.0" encoding="UTF-8"?>

<Practitioner xmlns="http://hl7.org/fhir">
  <id value="ExamplePractitionerRegul3"/>
  <meta>
    <profile value="https://interop.esante.gouv.fr/ig/fhir/sas/StructureDefinition/sas-practitioner-aggregator-regul"/>
  </meta>
  <text>
    <status value="generated"/><div xmlns="http://www.w3.org/1999/xhtml"><p class="res-header-id"><b>Generated Narrative: Practitioner ExamplePractitionerRegul3</b></p><a name="ExamplePractitionerRegul3"> </a><a name="hcExamplePractitionerRegul3"> </a><a name="ExamplePractitionerRegul3-fr-FR"> </a><p><b>identifier</b>: Identifiant National de Professionnel de Santé/810002673899</p><p><b>active</b>: false</p><p><b>name</b>: Jules MARIUS </p><p><b>telecom</b>: <a href="mailto:jules.marius@test.com">jules.marius@test.com</a></p></div>
  </text>
  <identifier>
    <type>
      <coding>
        <system value="https://hl7.fr/ig/fhir/core/CodeSystem/fr-core-cs-v2-0203"/>
        <code value="IDNPS"/>
      </coding>
    </type>
    <system value="urn:oid:1.2.250.1.71.4.2.1"/>
    <value value="810002673899"/>
  </identifier>
  <active value="false"/>
  <name>
    <family value="MARIUS"/>
    <given value="Jules"/>
  </name>
  <telecom>
    <system value="email"/>
    <value value="jules.marius@test.com"/>
  </telecom>
</Practitioner>