<?xml version="1.0" encoding="UTF-8"?>

<Schedule xmlns="http://hl7.org/fhir">
  <id value="ExampleScheduleSOS2"/>
  <meta>
    <profile value="https://interop.esante.gouv.fr/ig/fhir/sas/StructureDefinition/sas-sos-schedule-aggregator"/>
  </meta>
  <text>
    <status value="generated"/><div xmlns="http://www.w3.org/1999/xhtml"><p class="res-header-id"><b>Narratif généré : Schedule ExampleScheduleSOS2</b></p><a name="ExampleScheduleSOS2"> </a><a name="hcExampleScheduleSOS2"> </a><a name="ExampleScheduleSOS2-fr-FR"> </a><div style="display: inline-block; background-color: #d9e0e7; padding: 6px; margin: 4px; border: 1px solid #8da1b4; border-radius: 5px; line-height: 60%"><p style="margin-bottom: 0px"/><p style="margin-bottom: 0px">Profil: <a href="StructureDefinition-sas-sos-schedule-aggregator.html">FrScheduleAgregateurSOS</a></p></div><p><b>actor</b>: <a href="Location-2222222222.html">Location Centre de consultation Rennes Cleunay</a></p></div>
  </text>
  <actor>
    <reference value="Location/2222222222"/>
  </actor>
</Schedule>