{
  "resourceType" : "ValueSet",
  "id" : "e4d67742-7918-4582-a784-22db878a3c24-75",
  "url" : "http://hl7.org/fhir/comparison/ValueSet/e4d67742-7918-4582-a784-22db878a3c24-75",
  "name" : "IntersectionTypeCreneauSASSOSAndTypeCreneauSASSOS",
  "title" : "Intersection of Type créneaux SAS SOS And Type créneaux SAS SOS",
  "status" : "active",
  "date" : "2024-12-10T10:09:01+00:00",
  "jurisdiction" : [{
    "coding" : [{
      "system" : "urn:iso:std:iso:3166",
      "code" : "FR",
      "display" : "FRANCE"
    }]
  }],
  "compose" : {
    "include" : [{
      "concept" : [{
        "code" : "PUBLIC",
        "display" : "Créneau accessible par le grand public"
      },
      {
        "code" : "SNP",
        "display" : "Créneau accessible par les Régulateurs et Organisateurs de Soins Non Programmés"
      }]
    }]
  }
}