<?xml version="1.0" encoding="UTF-8"?>

<Location xmlns="http://hl7.org/fhir">
  <id value="22222222222"/>
  <meta>
    <profile value="https://interop.esante.gouv.fr/ig/fhir/sas/StructureDefinition/sas-sos-location-aggregator"/>
  </meta>
  <text>
    <status value="generated"/><div xmlns="http://www.w3.org/1999/xhtml"><p class="res-header-id"><b>Generated Narrative: Location 22222222222</b></p><a name="22222222222"> </a><a name="hc22222222222"> </a><a name="22222222222-fr-FR"> </a><p><b>identifier</b>: Identifiant interne/22222222222</p><p><b>name</b>: Centre de consultation Rennes Cleunay</p><p><b>telecom</b>: <a href="tel:+33145249912">+33145249912</a></p><p><b>address</b>: 106 rue Eugène Pottier RENNES 35000 </p><p><b>managingOrganization</b>: <a href="Organization-ExampleOrgaSOS1.html">Organization SOS Médecins de Rennes</a></p><blockquote><p><b>hoursOfOperation</b></p><p><b>daysOfWeek</b>: Monday, Tuesday, Wednesday, Thursday</p><p><b>openingTime</b>: 09:00:00</p><p><b>closingTime</b>: 21:00:00</p></blockquote></div>
  </text>
  <identifier>
    <type>
      <coding>
        <system value="http://interopsante.org/fhir/CodeSystem/fr-location-identifier-type"/>
        <code value="INTRN"/>
      </coding>
    </type>
    <system value="https://editeur.com"/>
    <value value="22222222222"/>
  </identifier>
  <name value="Centre de consultation Rennes Cleunay"/>
  <telecom>
    <system value="phone"/>
    <value value="+33145249912"/>
  </telecom>
  <address>
    <line value="106 rue Eugène Pottier"/>
    <city value="RENNES"/>
    <postalCode value="35000"/>
  </address>
  <managingOrganization>
    <reference value="Organization/ExampleOrgaSOS1"/>
  </managingOrganization>
  <hoursOfOperation>
    <daysOfWeek value="mon"/>
    <daysOfWeek value="tue"/>
    <daysOfWeek value="wed"/>
    <daysOfWeek value="thu"/>
    <openingTime value="09:00:00"/>
    <closingTime value="21:00:00"/>
  </hoursOfOperation>
</Location>