{"resourceType":"ValueSet","id":"sas-cpts-valueset-typecreneau","text":{"status":"extensions","div":"<div xmlns=\"http://www.w3.org/1999/xhtml\"><p class=\"res-header-id\"><b>Generated Narrative: ValueSet sas-cpts-valueset-typecreneau</b></p><a name=\"sas-cpts-valueset-typecreneau\"> </a><a name=\"hcsas-cpts-valueset-typecreneau\"> </a><a name=\"sas-cpts-valueset-typecreneau-fr-FR\"> </a><ul><li>Include these codes as defined in <a href=\"https://interop.esante.gouv.fr/ig/nos/1.3.0/CodeSystem-TRE-R314-TypeCreneau.html\"><code>https://mos.esante.gouv.fr/NOS/TRE_R314-TypeCreneau/FHIR/TRE-R314-TypeCreneau</code></a><table class=\"none\"><tr><td style=\"white-space:nowrap\"><b>Code</b></td><td><b>Display</b></td><td><b>Definition</b></td></tr><tr><td><a href=\"https://interop.esante.gouv.fr/ig/nos/1.3.0/CodeSystem-TRE-R314-TypeCreneau.html#TRE-R314-TypeCreneau-PUBLIC\">PUBLIC</a></td><td>Créneau accessible par le grand public</td><td>Les créneaux ouverts au public - Créneau de soins défini par un professionnel de santé ou son délégataire dans son logiciel de prise de RDV accessible par le grand public</td></tr><tr><td><a href=\"https://interop.esante.gouv.fr/ig/nos/1.3.0/CodeSystem-TRE-R314-TypeCreneau.html#TRE-R314-TypeCreneau-SNP\">SNP</a></td><td>Créneau accessible par les Régulateurs et Organisateurs de Soins Non Programmés</td><td>Les créneaux ouverts aux Soins Non Programmés -Créneau de soins défini par un professionnel de santé ou son délégataire dans son logiciel de prise de RDV accessible par les Régulateurs et Organisateurs de Soins Non Programmés</td></tr><tr><td><a href=\"https://interop.esante.gouv.fr/ig/nos/1.3.0/CodeSystem-TRE-R314-TypeCreneau.html#TRE-R314-TypeCreneau-PRO\">PRO</a></td><td>Créneau accessible par les professionnels de santé</td><td>Les créneaux ouverts aux professionnels, dans le cadre de la prise de RDV par un tiers - Créneau de soins défini par un professionnel de santé ou son délégataire dans son logiciel de prise de RDV accessible à l'ensemble des professionnels de santé</td></tr><tr><td><a href=\"https://interop.esante.gouv.fr/ig/nos/1.3.0/CodeSystem-TRE-R314-TypeCreneau.html#TRE-R314-TypeCreneau-CPTS\">CPTS</a></td><td>Créneau accessible par les CPTS</td><td>Les créneaux ouverts aux structures de type CPTS - Créneau de soins défini par un professionnel de santé ou son délégataire dans son logiciel de prise de RDV accessible par une structure de type CPTS</td></tr></table></li></ul></div>"},"url":"https://interop.esante.gouv.fr/ig/fhir/sas/ValueSet/sas-cpts-valueset-typecreneau","version":"1.0.0","name":"TypeCreneauSASCPTS","title":"Type créneaux SAS CPTS","status":"active","date":"2024-10-10T14:44:21+00:00","publisher":"ANS","contact":[{"name":"ANS","telecom":[{"system":"url","value":"https://esante.gouv.fr"}]}],"description":"Type de Créneaux SAS CPTS","jurisdiction":[{"coding":[{"system":"urn:iso:std:iso:3166","code":"FR","display":"FRANCE"}]}],"compose":{"include":[{"system":"https://mos.esante.gouv.fr/NOS/TRE_R314-TypeCreneau/FHIR/TRE-R314-TypeCreneau","concept":[{"code":"PUBLIC","display":"Créneau accessible par le grand public"},{"code":"SNP","display":"Créneau accessible par les Régulateurs et Organisateurs de Soins Non Programmés"},{"code":"PRO","display":"Créneau accessible par les professionnels de santé"},{"code":"CPTS","display":"Créneau accessible par les CPTS"}]}]}}