<?xml version="1.0" encoding="UTF-8"?>

<CapabilityStatement xmlns="http://hl7.org/fhir">
  <id value="SAS-Consommateur-psindiv"/>
  <text>
    <status value="extensions"/><div xmlns="http://www.w3.org/1999/xhtml"><p class="res-header-id"><b>Generated Narrative: CapabilityStatement SAS-Consommateur-psindiv</b></p><a name="SAS-Consommateur-psindiv"> </a><a name="hcSAS-Consommateur-psindiv"> </a><a name="SAS-Consommateur-psindiv-fr-FR"> </a><h2 id="title">Profil SAS consommateur de créneaux</h2><ul><li>Implementation Guide Version: 1.0.0 </li><li>FHIR Version: 4.0.1 </li><li>Supported Formats: <code>application/fhir+json</code></li><li>Supported Patch Formats: </li><li>Published on: 2024-10-01 00:00:00+0100 </li><li>Published by: ANS </li></ul><blockquote class="impl-note"><p><strong>Note to Implementers: FHIR Capabilities</strong></p><p>Any FHIR capability may be 'allowed' by the system unless explicitly marked as 'SHALL NOT'. A few items are marked as MAY in the Implementation Guide to highlight their potential relevance to the use case.</p></blockquote><h3 id="shallIGs">SHALL Support the Following Implementation Guides</h3><ul><li>https://interop.esante.gouv.fr/ig/fhir/sas</li></ul><h2 id="rest">FHIR RESTful Capabilities</h2><div class="panel panel-default"><div class="panel-heading"><h3 id="mode1" class="panel-title">Mode: <code>client</code></h3></div><div class="panel-body"><div><p>Consultation de créneaux ps indiv</p>
</div><div class="lead"><em>Security</em></div><blockquote><div><p>L’ANS propose des référentiels dédiés à la politique de sécurité (la PGSSI-S
) et des mécanismes de sécurisation sont définis dans les volets de la couche Transport du Cadre d’Interopérabilité des systèmes
d’information de santé (CI-SIS)</p>
</div></blockquote><div class="lead"><em>Summary of System-wide Interactions</em></div></div></div><h3 id="resourcesCap1">Capabilities by Resource/Profile</h3><h4 id="resourcesSummary1">Summary</h4><p>The summary table lists the resources that are part of this configuration, and for each resource it lists:</p><ul><li>The relevant profiles (if any)</li><li>The interactions supported by each resource (<b><span class="bg-info">R</span></b>ead, <b><span class="bg-info">S</span></b>earch, <b><span class="bg-info">U</span></b>pdate, and <b><span class="bg-info">C</span></b>reate, are always shown, while <b><span class="bg-info">VR</span></b>ead, <b><span class="bg-info">P</span></b>atch, <b><span class="bg-info">D</span></b>elete, <b><span class="bg-info">H</span></b>istory on <b><span class="bg-info">I</span></b>nstance, or <b><span class="bg-info">H</span></b>istory on <b><span class="bg-info">T</span></b>ype are only present if at least one of the resources has support for them.</li><li><span>The required, recommended, and some optional search parameters (if any). </span></li><li>The linked resources enabled for <code>_include</code></li><li>The other resources enabled for <code>_revinclude</code></li><li>The operations on the resource (if any)</li></ul><div class="table-responsive"><table class="table table-condensed table-hover"><thead><tr><th><b>Resource Type</b></th><th><b>Profile</b></th><th class="text-center"><b title="GET a resource (read interaction)">R</b></th><th class="text-center"><b title="GET all set of resources of the type (search interaction)">S</b></th><th class="text-center"><b title="PUT a new resource version (update interaction)">U</b></th><th class="text-center"><b title="POST a new resource (create interaction)">C</b></th><th><b title="Required and recommended search parameters">Searches</b></th><th><code><b>_include</b></code></th><th><code><b>_revinclude</b></code></th><th><b>Operations</b></th></tr></thead><tbody><tr><td><a href="#Slot1-1">Slot</a></td><td><a href="StructureDefinition-FrSlotAgregateur.html">http://sas.fr/fhir/StructureDefinition/FrSlotAgregateur</a></td><td>y</td><td class="text-center">y</td><td class="text-center"></td><td class="text-center"></td><td>SPDateDebutSlot</td><td><code>Slot:schedule</code>, <code>Schedule:actor</code></td><td/><td/></tr><tr><td><a href="#Schedule1-2">Schedule</a></td><td><a href="StructureDefinition-FrScheduleAgregateur.html">http://sas.fr/fhir/StructureDefinition/FrScheduleAgregateur</a></td><td>y</td><td class="text-center">y</td><td class="text-center"></td><td class="text-center"></td><td>SearchSchedule-actor</td><td/><td/><td/></tr><tr><td><a href="#Practitioner1-3">Practitioner</a></td><td><a href="StructureDefinition-FrPractitionerAgregateur.html">http://sas.fr/fhir/StructureDefinition/FrPractitionerAgregateur</a></td><td>y</td><td class="text-center">y</td><td class="text-center"></td><td class="text-center"></td><td>Practitioner-identifier</td><td/><td/><td/></tr></tbody></table></div><hr/><div class="panel panel-default"><div class="panel-heading"><h4 id="Slot1-1" class="panel-title"><span style="float: right;">Resource Conformance: supported </span>Slot</h4></div><div class="panel-body"><div class="container"><div class="row"><div class="col-lg-6"><span class="lead">Base System Profile</span><br/><a href="StructureDefinition-FrSlotAgregateur.html">http://sas.fr/fhir/StructureDefinition/FrSlotAgregateur</a></div><div class="col-lg-3"><span class="lead">Profile Conformance</span><br/><b>SHALL</b></div><div class="col-lg-3"><span class="lead">Reference Policy</span><br/></div></div><p/><div class="row"><div class="col-lg-6"><span class="lead">Interaction summary</span><br/><ul><li>Supports <code>read</code>, <code>search-type</code>.</li></ul></div></div><p/><div class="row"><div class="col-lg-7"><span class="lead">Search Parameters</span><table class="table table-condensed table-hover"><thead><tr><th>Conformance</th><th>Parameter</th><th>Type</th><th>Documentation</th></tr></thead><tbody><tr><td><b>SHALL</b></td><td><a href="SearchParameter-slot-sp-start.html">SPDateDebutSlot</a></td><td><code>date</code></td><td><div><p>Recherche d'une disponibilité sur la date et l'heure de début de disponibilité souhaité</p>
</div></td></tr></tbody></table></div><div class="col-lg-5"> </div></div></div></div></div><div class="panel panel-default"><div class="panel-heading"><h4 id="Schedule1-2" class="panel-title"><span style="float: right;">Resource Conformance: supported </span>Schedule</h4></div><div class="panel-body"><div class="container"><div class="row"><div class="col-lg-6"><span class="lead">Base System Profile</span><br/><a href="StructureDefinition-FrScheduleAgregateur.html">http://sas.fr/fhir/StructureDefinition/FrScheduleAgregateur</a></div><div class="col-lg-3"><span class="lead">Profile Conformance</span><br/><b>SHALL</b></div><div class="col-lg-3"><span class="lead">Reference Policy</span><br/></div></div><p/><div class="row"><div class="col-lg-6"><span class="lead">Interaction summary</span><br/><ul><li>Supports <code>read</code>, <code>search-type</code>.</li></ul></div></div><p/><div class="row"><div class="col-lg-7"><span class="lead">Search Parameters</span><table class="table table-condensed table-hover"><thead><tr><th>Conformance</th><th>Parameter</th><th>Type</th><th>Documentation</th></tr></thead><tbody><tr><td><b>SHALL</b></td><td><a href="http://hl7.org/fhir/R4/schedule.html#search">SearchSchedule-actor</a></td><td><code>reference</code></td><td><div><p>Permet de rechercher un agenda par acteur - praticien dans ce cas</p>
</div></td></tr></tbody></table></div><div class="col-lg-5"> </div></div></div></div></div><div class="panel panel-default"><div class="panel-heading"><h4 id="Practitioner1-3" class="panel-title"><span style="float: right;">Resource Conformance: supported </span>Practitioner</h4></div><div class="panel-body"><div class="container"><div class="row"><div class="col-lg-6"><span class="lead">Base System Profile</span><br/><a href="StructureDefinition-FrPractitionerAgregateur.html">http://sas.fr/fhir/StructureDefinition/FrPractitionerAgregateur</a></div><div class="col-lg-3"><span class="lead">Profile Conformance</span><br/><b>SHALL</b></div><div class="col-lg-3"><span class="lead">Reference Policy</span><br/></div></div><p/><div class="row"><div class="col-lg-6"><span class="lead">Interaction summary</span><br/><ul><li>Supports <code>read</code>, <code>search-type</code>.</li></ul></div></div><p/><div class="row"><div class="col-lg-7"><span class="lead">Search Parameters</span><table class="table table-condensed table-hover"><thead><tr><th>Conformance</th><th>Parameter</th><th>Type</th><th>Documentation</th></tr></thead><tbody><tr><td><b>SHALL</b></td><td><a href="http://hl7.org/fhir/R4/practitioner.html#search">Practitioner-identifier</a></td><td><code>token</code></td><td><div><p>Permet de rechercher un praticien par identifiant - RPPS dans ce cas</p>
</div></td></tr></tbody></table></div><div class="col-lg-5"> </div></div></div></div></div></div>
  </text>
  <url value="https://interop.esante.gouv.fr/ig/fhir/sas/CapabilityStatement/SAS-Consommateur-psindiv"/>
  <version value="1.0.0"/>
  <name value="SAS_consommateur_psindiv"/>
  <title value="Profil SAS consommateur de créneaux"/>
  <status value="draft"/>
  <experimental value="false"/>
  <date value="2024-10-01T00:00:00+01:00"/>
  <publisher value="ANS"/>
  <contact>
    <name value="ANS"/>
    <telecom>
      <system value="url"/>
      <value value="https://esante.gouv.fr"/>
    </telecom>
  </contact>
  <description value="Un consommateur consulte les créneaux ps indiv mis à disposition par un gestionnaire d’agenda. La platefome numérique SAS joue le rôle de consommateur et affiche les créneaux récupérés"/>
  <jurisdiction>
    <coding>
      <system value="urn:iso:std:iso:3166"/>
      <code value="FR"/>
      <display value="FRANCE"/>
    </coding>
  </jurisdiction>
  <kind value="requirements"/>
  <fhirVersion value="4.0.1"/>
  <format value="application/fhir+json"/>
  <implementationGuide value="https://interop.esante.gouv.fr/ig/fhir/sas"/>
  <rest>
    <mode value="client"/>
    <documentation value="Consultation de créneaux ps indiv"/>
    <security>
      <cors value="false"/>
      <description value="L’ANS propose des référentiels dédiés à la politique de sécurité (la PGSSI-S&#xA;) et des mécanismes de sécurisation sont définis dans les volets de la couche Transport du Cadre d’Interopérabilité des systèmes&#xA;d’information de santé (CI-SIS)"/>
    </security>
    <resource>
      <type value="Slot"/>
      <profile value="http://sas.fr/fhir/StructureDefinition/FrSlotAgregateur"/>
      <interaction>
        <code value="read"/>
      </interaction>
      <interaction>
        <code value="search-type"/>
      </interaction>
      <searchInclude value="Slot:schedule"/>
      <searchInclude value="Schedule:actor"/>
      <searchParam>
        <name value="SPDateDebutSlot"/>
        <definition value="https://interop.esante.gouv.fr/ig/fhir/sas/SearchParameter/slot-sp-start"/>
        <type value="date"/>
        <documentation value="Recherche d'une disponibilité sur la date et l'heure de début de disponibilité souhaité"/>
      </searchParam>
    </resource>
    <resource>
      <type value="Schedule"/>
      <profile value="http://sas.fr/fhir/StructureDefinition/FrScheduleAgregateur"/>
      <interaction>
        <code value="read"/>
      </interaction>
      <interaction>
        <code value="search-type"/>
      </interaction>
      <searchParam>
        <name value="SearchSchedule-actor"/>
        <definition value="http://hl7.org/fhir/SearchParameter/Schedule-actor"/>
        <type value="reference"/>
        <documentation value="Permet de rechercher un agenda par acteur - praticien dans ce cas"/>
      </searchParam>
    </resource>
    <resource>
      <type value="Practitioner"/>
      <profile value="http://sas.fr/fhir/StructureDefinition/FrPractitionerAgregateur"/>
      <interaction>
        <code value="read"/>
      </interaction>
      <interaction>
        <code value="search-type"/>
      </interaction>
      <searchParam>
        <name value="Practitioner-identifier"/>
        <definition value="http://hl7.org/fhir/SearchParameter/Practitioner-identifier"/>
        <type value="token"/>
        <documentation value="Permet de rechercher un praticien par identifiant - RPPS dans ce cas"/>
      </searchParam>
    </resource>
    <searchParam>
      <name value="_include"/>
      <type value="reference"/>
      <documentation value="Permet d'inclure des ressources référencées par la ressource recherchée dans le résultat"/>
    </searchParam>
  </rest>
</CapabilityStatement>