<?xml version="1.0" encoding="UTF-8"?><ValueSet xmlns="http://hl7.org/fhir"><id value="sas-valueset-typeidentifiant"/><text><status value="generated"/><div xmlns="http://www.w3.org/1999/xhtml"><p class="res-header-id"><b>Generated Narrative: ValueSet sas-valueset-typeidentifiant</b></p><a name="sas-valueset-typeidentifiant"> </a><a name="hcsas-valueset-typeidentifiant"> </a><a name="sas-valueset-typeidentifiant-fr-FR"> </a><ul><li>Include these codes as defined in <a href="https://simplifier.net/resolve?scope=hl7.fhir.fr.core@1.1.0&amp;canonical=http://interopsante.org/fhir/CodeSystem/fr-v2-0203"><code>http://interopsante.org/fhir/CodeSystem/fr-v2-0203</code></a><table class="none"><tr><td style="white-space:nowrap"><b>Code</b></td><td><b>Display</b></td></tr><tr><td><a href="https://simplifier.net/resolve?scope=hl7.fhir.fr.core@1.1.0&amp;canonical=http://interopsante.org/fhir/CodeSystem/fr-v2-0203.html#fr-v2-0203-IDNPS">IDNPS</a></td><td>Identifiant National de Professionnel de Santé</td></tr><tr><td><a href="https://simplifier.net/resolve?scope=hl7.fhir.fr.core@1.1.0&amp;canonical=http://interopsante.org/fhir/CodeSystem/fr-v2-0203.html#fr-v2-0203-INTRN">INTRN</a></td><td>Identifiant interne</td></tr></table></li></ul></div></text><url value="https://interop.esante.gouv.fr/ig/fhir/sas/ValueSet/sas-valueset-typeidentifiant"/><version value="1.0.0"/><name value="TypeIdentifiantSAS"/><title value="Type identifiant SAS"/><status value="active"/><date value="2024-11-21T17:02:54+00:00"/><publisher value="ANS"/><contact><name value="ANS"/><telecom><system value="url"/><value value="https://esante.gouv.fr"/></telecom></contact><description value="Type d'identifiant SAS"/><jurisdiction><coding><system value="urn:iso:std:iso:3166"/><code value="FR"/><display value="FRANCE"/></coding></jurisdiction><compose><include><system value="http://interopsante.org/fhir/CodeSystem/fr-v2-0203"/><concept><code value="IDNPS"/><display value="Identifiant National de Professionnel de Santé"/></concept><concept><code value="INTRN"/><display value="Identifiant interne"/></concept></include></compose></ValueSet>