{"resourceType":"ValueSet","id":"sas-sos-valueset-typecreneau","text":{"status":"extensions","div":"<div xmlns=\"http://www.w3.org/1999/xhtml\"><p class=\"res-header-id\"><b>Narratif généré : EnsembleValeurs sas-sos-valueset-typecreneau</b></p><a name=\"sas-sos-valueset-typecreneau\"> </a><a name=\"hcsas-sos-valueset-typecreneau\"> </a><ul><li>Include les codes sont définis dans <a href=\"https://interop.esante.gouv.fr/ig/nos/1.4.0/CodeSystem-TRE-R314-TypeCreneau.html\"><code>https://mos.esante.gouv.fr/NOS/TRE_R314-TypeCreneau/FHIR/TRE-R314-TypeCreneau</code></a><table class=\"none\"><tr><td style=\"white-space:nowrap\"><b>Code</b></td><td><b>Display</b></td><td><b>Définition</b></td></tr><tr><td><a href=\"https://interop.esante.gouv.fr/ig/nos/1.4.0/CodeSystem-TRE-R314-TypeCreneau.html#TRE-R314-TypeCreneau-PUBLIC\">PUBLIC</a></td><td>Créneau accessible par le grand public</td><td>Les créneaux ouverts au public - Créneau de soins défini par un professionnel de santé ou son délégataire dans son logiciel de prise de RDV accessible par le grand public</td></tr><tr><td><a href=\"https://interop.esante.gouv.fr/ig/nos/1.4.0/CodeSystem-TRE-R314-TypeCreneau.html#TRE-R314-TypeCreneau-SNP\">SNP</a></td><td>Créneau accessible par les Régulateurs et Organisateurs de Soins Non Programmés</td><td>Les créneaux ouverts aux Soins Non Programmés -Créneau de soins défini par un professionnel de santé ou son délégataire dans son logiciel de prise de RDV accessible par les Régulateurs et Organisateurs de Soins Non Programmés</td></tr></table></li></ul></div>"},"url":"https://interop.esante.gouv.fr/ig/fhir/sas/ValueSet/sas-sos-valueset-typecreneau","version":"1.1.0","name":"TypeCreneauSASSOS","title":"Type créneaux SAS SOS","status":"active","date":"2025-06-30T07:24:56+00:00","publisher":"ANS","contact":[{"name":"ANS","telecom":[{"system":"url","value":"https://esante.gouv.fr"}]}],"description":"Type de Créneaux SAS SOS","jurisdiction":[{"coding":[{"system":"urn:iso:std:iso:3166","code":"FR","display":"FRANCE"}]}],"compose":{"include":[{"system":"https://mos.esante.gouv.fr/NOS/TRE_R314-TypeCreneau/FHIR/TRE-R314-TypeCreneau","concept":[{"code":"PUBLIC","display":"Créneau accessible par le grand public"},{"code":"SNP","display":"Créneau accessible par les Régulateurs et Organisateurs de Soins Non Programmés"}]}]}}