<?xml version="1.0" encoding="UTF-8"?>

<ImplementationGuide xmlns="http://hl7.org/fhir">
  <id value="ans.fhir.fr.sas"/>
  <text>
    <status value="generated"/><div xmlns="http://www.w3.org/1999/xhtml"><p class="res-header-id"><b>Generated Narrative: ImplementationGuide ans.fhir.fr.sas</b></p><a name="ans.fhir.fr.sas"> </a><a name="hcans.fhir.fr.sas"> </a><a name="ans.fhir.fr.sas-fr-FR"> </a><h2>SAS</h2><p>The official URL for this implementation guide is: </p><pre>https://interop.esante.gouv.fr/ig/fhir/sas/ImplementationGuide/ans.fhir.fr.sas</pre></div>
  </text>
  <url value="https://interop.esante.gouv.fr/ig/fhir/sas/ImplementationGuide/ans.fhir.fr.sas"/>
  <version value="1.1.0"/>
  <name value="SAS"/>
  <title value="Service d'Accès aux Soins"/>
  <status value="active"/>
  <date value="2025-01-31T16:36:09+00:00"/>
  <publisher value="ANS"/>
  <contact>
    <name value="ANS"/>
    <telecom>
      <system value="url"/>
      <value value="https://esante.gouv.fr"/>
    </telecom>
  </contact>
  <jurisdiction>
    <coding>
      <system value="urn:iso:std:iso:3166"/>
      <code value="FR"/>
      <display value="FRANCE"/>
    </coding>
  </jurisdiction>
  <packageId value="ans.fhir.fr.sas"/>
  <license value="CC0-1.0"/>
  <fhirVersion value="4.0.1"/>
  <dependsOn id="hl7tx">
    <extension url="http://hl7.org/fhir/tools/StructureDefinition/implementationguide-dependency-comment">
      <valueMarkdown value="Automatically added as a dependency - all IGs depend on HL7 Terminology"/>
    </extension>
    <uri value="http://terminology.hl7.org/ImplementationGuide/hl7.terminology"/>
    <packageId value="hl7.terminology.r4"/>
    <version value="6.2.0"/>
  </dependsOn>
  <dependsOn id="hl7ext">
    <extension url="http://hl7.org/fhir/tools/StructureDefinition/implementationguide-dependency-comment">
      <valueMarkdown value="Automatically added as a dependency - all IGs depend on the HL7 Extension Pack"/>
    </extension>
    <uri value="http://hl7.org/fhir/extensions/ImplementationGuide/hl7.fhir.uv.extensions"/>
    <packageId value="hl7.fhir.uv.extensions.r4"/>
    <version value="5.1.0"/>
  </dependsOn>
  <dependsOn id="hl7_fhir_fr_core">
    <uri value="https://hl7.fr/ig/fhir/core/ImplementationGuide/hl7.fhir.fr.core"/>
    <packageId value="hl7.fhir.fr.core"/>
    <version value="2.1.0"/>
  </dependsOn>
  <dependsOn id="ans_fr_nos">
    <uri value="https://interop.esante.gouv.fr/ig/nos/ImplementationGuide/ans.fr.nos"/>
    <packageId value="ans.fr.nos"/>
    <version value="1.4.0"/>
  </dependsOn>
  <definition>
    <extension url="http://hl7.org/fhir/tools/StructureDefinition/ig-parameter">
      <extension url="code">
        <valueString value="copyrightyear"/>
      </extension>
      <extension url="value">
        <valueString value="2020+"/>
      </extension>
    </extension>
    <extension url="http://hl7.org/fhir/tools/StructureDefinition/ig-parameter">
      <extension url="code">
        <valueString value="releaselabel"/>
      </extension>
      <extension url="value">
        <valueString value="ci-build"/>
      </extension>
    </extension>
    <extension url="http://hl7.org/fhir/tools/StructureDefinition/ig-parameter">
      <extension url="code">
        <valueString value="shownav"/>
      </extension>
      <extension url="value">
        <valueString value="true"/>
      </extension>
    </extension>
    <extension url="http://hl7.org/fhir/tools/StructureDefinition/ig-parameter">
      <extension url="code">
        <valueString value="no-narrative"/>
      </extension>
      <extension url="value">
        <valueString value="Appointment/*"/>
      </extension>
    </extension>
    <extension url="http://hl7.org/fhir/tools/StructureDefinition/ig-parameter">
      <extension url="code">
        <valueString value="no-narrative"/>
      </extension>
      <extension url="value">
        <valueString value="Bundle/*"/>
      </extension>
    </extension>
    <extension url="http://hl7.org/fhir/tools/StructureDefinition/ig-parameter">
      <extension url="code">
        <valueString value="no-narrative"/>
      </extension>
      <extension url="value">
        <valueString value="HealthcareService/*"/>
      </extension>
    </extension>
    <extension url="http://hl7.org/fhir/tools/StructureDefinition/ig-parameter">
      <extension url="code">
        <valueString value="no-narrative"/>
      </extension>
      <extension url="value">
        <valueString value="Location/*"/>
      </extension>
    </extension>
    <extension url="http://hl7.org/fhir/tools/StructureDefinition/ig-parameter">
      <extension url="code">
        <valueString value="no-narrative"/>
      </extension>
      <extension url="value">
        <valueString value="Organization/*"/>
      </extension>
    </extension>
    <extension url="http://hl7.org/fhir/tools/StructureDefinition/ig-parameter">
      <extension url="code">
        <valueString value="no-narrative"/>
      </extension>
      <extension url="value">
        <valueString value="Practitioner/*"/>
      </extension>
    </extension>
    <extension url="http://hl7.org/fhir/tools/StructureDefinition/ig-parameter">
      <extension url="code">
        <valueString value="no-narrative"/>
      </extension>
      <extension url="value">
        <valueString value="Schedule/*"/>
      </extension>
    </extension>
    <extension url="http://hl7.org/fhir/tools/StructureDefinition/ig-parameter">
      <extension url="code">
        <valueString value="no-narrative"/>
      </extension>
      <extension url="value">
        <valueString value="Slot/*"/>
      </extension>
    </extension>
    <extension url="http://hl7.org/fhir/tools/StructureDefinition/ig-parameter">
      <extension url="code">
        <valueString value="autoload-resources"/>
      </extension>
      <extension url="value">
        <valueString value="true"/>
      </extension>
    </extension>
    <extension url="http://hl7.org/fhir/tools/StructureDefinition/ig-parameter">
      <extension url="code">
        <valueString value="path-liquid"/>
      </extension>
      <extension url="value">
        <valueString value="template/liquid"/>
      </extension>
    </extension>
    <extension url="http://hl7.org/fhir/tools/StructureDefinition/ig-parameter">
      <extension url="code">
        <valueString value="path-liquid"/>
      </extension>
      <extension url="value">
        <valueString value="input/liquid"/>
      </extension>
    </extension>
    <extension url="http://hl7.org/fhir/tools/StructureDefinition/ig-parameter">
      <extension url="code">
        <valueString value="path-qa"/>
      </extension>
      <extension url="value">
        <valueString value="temp/qa"/>
      </extension>
    </extension>
    <extension url="http://hl7.org/fhir/tools/StructureDefinition/ig-parameter">
      <extension url="code">
        <valueString value="path-temp"/>
      </extension>
      <extension url="value">
        <valueString value="temp/pages"/>
      </extension>
    </extension>
    <extension url="http://hl7.org/fhir/tools/StructureDefinition/ig-parameter">
      <extension url="code">
        <valueString value="path-output"/>
      </extension>
      <extension url="value">
        <valueString value="output"/>
      </extension>
    </extension>
    <extension url="http://hl7.org/fhir/tools/StructureDefinition/ig-parameter">
      <extension url="code">
        <valueString value="path-suppressed-warnings"/>
      </extension>
      <extension url="value">
        <valueString value="input/ignoreWarnings.txt"/>
      </extension>
    </extension>
    <extension url="http://hl7.org/fhir/tools/StructureDefinition/ig-parameter">
      <extension url="code">
        <valueString value="path-history"/>
      </extension>
      <extension url="value">
        <valueString value="https://interop.esante.gouv.fr/ig/fhir/sas/history.html"/>
      </extension>
    </extension>
    <extension url="http://hl7.org/fhir/tools/StructureDefinition/ig-parameter">
      <extension url="code">
        <valueString value="template-html"/>
      </extension>
      <extension url="value">
        <valueString value="template-page.html"/>
      </extension>
    </extension>
    <extension url="http://hl7.org/fhir/tools/StructureDefinition/ig-parameter">
      <extension url="code">
        <valueString value="template-md"/>
      </extension>
      <extension url="value">
        <valueString value="template-page-md.html"/>
      </extension>
    </extension>
    <extension url="http://hl7.org/fhir/tools/StructureDefinition/ig-parameter">
      <extension url="code">
        <valueString value="apply-contact"/>
      </extension>
      <extension url="value">
        <valueString value="true"/>
      </extension>
    </extension>
    <extension url="http://hl7.org/fhir/tools/StructureDefinition/ig-parameter">
      <extension url="code">
        <valueString value="apply-context"/>
      </extension>
      <extension url="value">
        <valueString value="true"/>
      </extension>
    </extension>
    <extension url="http://hl7.org/fhir/tools/StructureDefinition/ig-parameter">
      <extension url="code">
        <valueString value="apply-copyright"/>
      </extension>
      <extension url="value">
        <valueString value="true"/>
      </extension>
    </extension>
    <extension url="http://hl7.org/fhir/tools/StructureDefinition/ig-parameter">
      <extension url="code">
        <valueString value="apply-jurisdiction"/>
      </extension>
      <extension url="value">
        <valueString value="true"/>
      </extension>
    </extension>
    <extension url="http://hl7.org/fhir/tools/StructureDefinition/ig-parameter">
      <extension url="code">
        <valueString value="apply-license"/>
      </extension>
      <extension url="value">
        <valueString value="true"/>
      </extension>
    </extension>
    <extension url="http://hl7.org/fhir/tools/StructureDefinition/ig-parameter">
      <extension url="code">
        <valueString value="apply-publisher"/>
      </extension>
      <extension url="value">
        <valueString value="true"/>
      </extension>
    </extension>
    <extension url="http://hl7.org/fhir/tools/StructureDefinition/ig-parameter">
      <extension url="code">
        <valueString value="apply-version"/>
      </extension>
      <extension url="value">
        <valueString value="true"/>
      </extension>
    </extension>
    <extension url="http://hl7.org/fhir/tools/StructureDefinition/ig-parameter">
      <extension url="code">
        <valueString value="apply-wg"/>
      </extension>
      <extension url="value">
        <valueString value="true"/>
      </extension>
    </extension>
    <extension url="http://hl7.org/fhir/tools/StructureDefinition/ig-parameter">
      <extension url="code">
        <valueString value="active-tables"/>
      </extension>
      <extension url="value">
        <valueString value="true"/>
      </extension>
    </extension>
    <extension url="http://hl7.org/fhir/tools/StructureDefinition/ig-parameter">
      <extension url="code">
        <valueString value="fmm-definition"/>
      </extension>
      <extension url="value">
        <valueString value="http://hl7.org/fhir/versions.html#maturity"/>
      </extension>
    </extension>
    <extension url="http://hl7.org/fhir/tools/StructureDefinition/ig-parameter">
      <extension url="code">
        <valueString value="propagate-status"/>
      </extension>
      <extension url="value">
        <valueString value="true"/>
      </extension>
    </extension>
    <extension url="http://hl7.org/fhir/tools/StructureDefinition/ig-parameter">
      <extension url="code">
        <valueString value="excludelogbinaryformat"/>
      </extension>
      <extension url="value">
        <valueString value="true"/>
      </extension>
    </extension>
    <extension url="http://hl7.org/fhir/tools/StructureDefinition/ig-parameter">
      <extension url="code">
        <valueString value="tabbed-snapshots"/>
      </extension>
      <extension url="value">
        <valueString value="true"/>
      </extension>
    </extension>
    <extension url="http://hl7.org/fhir/tools/StructureDefinition/ig-internal-dependency">
      <valueCode value="hl7.fhir.uv.tools.r4#0.3.0"/>
    </extension>
    <extension url="http://hl7.org/fhir/tools/StructureDefinition/ig-parameter">
      <extension url="code">
        <valueCode value="copyrightyear"/>
      </extension>
      <extension url="value">
        <valueString value="2020+"/>
      </extension>
    </extension>
    <extension url="http://hl7.org/fhir/tools/StructureDefinition/ig-parameter">
      <extension url="code">
        <valueCode value="releaselabel"/>
      </extension>
      <extension url="value">
        <valueString value="ci-build"/>
      </extension>
    </extension>
    <extension url="http://hl7.org/fhir/tools/StructureDefinition/ig-parameter">
      <extension url="code">
        <valueCode value="shownav"/>
      </extension>
      <extension url="value">
        <valueString value="true"/>
      </extension>
    </extension>
    <extension url="http://hl7.org/fhir/tools/StructureDefinition/ig-parameter">
      <extension url="code">
        <valueCode value="no-narrative"/>
      </extension>
      <extension url="value">
        <valueString value="Appointment/*"/>
      </extension>
    </extension>
    <extension url="http://hl7.org/fhir/tools/StructureDefinition/ig-parameter">
      <extension url="code">
        <valueCode value="no-narrative"/>
      </extension>
      <extension url="value">
        <valueString value="Bundle/*"/>
      </extension>
    </extension>
    <extension url="http://hl7.org/fhir/tools/StructureDefinition/ig-parameter">
      <extension url="code">
        <valueCode value="no-narrative"/>
      </extension>
      <extension url="value">
        <valueString value="HealthcareService/*"/>
      </extension>
    </extension>
    <extension url="http://hl7.org/fhir/tools/StructureDefinition/ig-parameter">
      <extension url="code">
        <valueCode value="no-narrative"/>
      </extension>
      <extension url="value">
        <valueString value="Location/*"/>
      </extension>
    </extension>
    <extension url="http://hl7.org/fhir/tools/StructureDefinition/ig-parameter">
      <extension url="code">
        <valueCode value="no-narrative"/>
      </extension>
      <extension url="value">
        <valueString value="Organization/*"/>
      </extension>
    </extension>
    <extension url="http://hl7.org/fhir/tools/StructureDefinition/ig-parameter">
      <extension url="code">
        <valueCode value="no-narrative"/>
      </extension>
      <extension url="value">
        <valueString value="Practitioner/*"/>
      </extension>
    </extension>
    <extension url="http://hl7.org/fhir/tools/StructureDefinition/ig-parameter">
      <extension url="code">
        <valueCode value="no-narrative"/>
      </extension>
      <extension url="value">
        <valueString value="Schedule/*"/>
      </extension>
    </extension>
    <extension url="http://hl7.org/fhir/tools/StructureDefinition/ig-parameter">
      <extension url="code">
        <valueCode value="no-narrative"/>
      </extension>
      <extension url="value">
        <valueString value="Slot/*"/>
      </extension>
    </extension>
    <extension url="http://hl7.org/fhir/tools/StructureDefinition/ig-parameter">
      <extension url="code">
        <valueCode value="autoload-resources"/>
      </extension>
      <extension url="value">
        <valueString value="true"/>
      </extension>
    </extension>
    <extension url="http://hl7.org/fhir/tools/StructureDefinition/ig-parameter">
      <extension url="code">
        <valueCode value="path-liquid"/>
      </extension>
      <extension url="value">
        <valueString value="template/liquid"/>
      </extension>
    </extension>
    <extension url="http://hl7.org/fhir/tools/StructureDefinition/ig-parameter">
      <extension url="code">
        <valueCode value="path-liquid"/>
      </extension>
      <extension url="value">
        <valueString value="input/liquid"/>
      </extension>
    </extension>
    <extension url="http://hl7.org/fhir/tools/StructureDefinition/ig-parameter">
      <extension url="code">
        <valueCode value="path-qa"/>
      </extension>
      <extension url="value">
        <valueString value="temp/qa"/>
      </extension>
    </extension>
    <extension url="http://hl7.org/fhir/tools/StructureDefinition/ig-parameter">
      <extension url="code">
        <valueCode value="path-temp"/>
      </extension>
      <extension url="value">
        <valueString value="temp/pages"/>
      </extension>
    </extension>
    <extension url="http://hl7.org/fhir/tools/StructureDefinition/ig-parameter">
      <extension url="code">
        <valueCode value="path-output"/>
      </extension>
      <extension url="value">
        <valueString value="output"/>
      </extension>
    </extension>
    <extension url="http://hl7.org/fhir/tools/StructureDefinition/ig-parameter">
      <extension url="code">
        <valueCode value="path-suppressed-warnings"/>
      </extension>
      <extension url="value">
        <valueString value="input/ignoreWarnings.txt"/>
      </extension>
    </extension>
    <extension url="http://hl7.org/fhir/tools/StructureDefinition/ig-parameter">
      <extension url="code">
        <valueCode value="path-history"/>
      </extension>
      <extension url="value">
        <valueString value="https://interop.esante.gouv.fr/ig/fhir/sas/history.html"/>
      </extension>
    </extension>
    <extension url="http://hl7.org/fhir/tools/StructureDefinition/ig-parameter">
      <extension url="code">
        <valueCode value="template-html"/>
      </extension>
      <extension url="value">
        <valueString value="template-page.html"/>
      </extension>
    </extension>
    <extension url="http://hl7.org/fhir/tools/StructureDefinition/ig-parameter">
      <extension url="code">
        <valueCode value="template-md"/>
      </extension>
      <extension url="value">
        <valueString value="template-page-md.html"/>
      </extension>
    </extension>
    <extension url="http://hl7.org/fhir/tools/StructureDefinition/ig-parameter">
      <extension url="code">
        <valueCode value="apply-contact"/>
      </extension>
      <extension url="value">
        <valueString value="true"/>
      </extension>
    </extension>
    <extension url="http://hl7.org/fhir/tools/StructureDefinition/ig-parameter">
      <extension url="code">
        <valueCode value="apply-context"/>
      </extension>
      <extension url="value">
        <valueString value="true"/>
      </extension>
    </extension>
    <extension url="http://hl7.org/fhir/tools/StructureDefinition/ig-parameter">
      <extension url="code">
        <valueCode value="apply-copyright"/>
      </extension>
      <extension url="value">
        <valueString value="true"/>
      </extension>
    </extension>
    <extension url="http://hl7.org/fhir/tools/StructureDefinition/ig-parameter">
      <extension url="code">
        <valueCode value="apply-jurisdiction"/>
      </extension>
      <extension url="value">
        <valueString value="true"/>
      </extension>
    </extension>
    <extension url="http://hl7.org/fhir/tools/StructureDefinition/ig-parameter">
      <extension url="code">
        <valueCode value="apply-license"/>
      </extension>
      <extension url="value">
        <valueString value="true"/>
      </extension>
    </extension>
    <extension url="http://hl7.org/fhir/tools/StructureDefinition/ig-parameter">
      <extension url="code">
        <valueCode value="apply-publisher"/>
      </extension>
      <extension url="value">
        <valueString value="true"/>
      </extension>
    </extension>
    <extension url="http://hl7.org/fhir/tools/StructureDefinition/ig-parameter">
      <extension url="code">
        <valueCode value="apply-version"/>
      </extension>
      <extension url="value">
        <valueString value="true"/>
      </extension>
    </extension>
    <extension url="http://hl7.org/fhir/tools/StructureDefinition/ig-parameter">
      <extension url="code">
        <valueCode value="apply-wg"/>
      </extension>
      <extension url="value">
        <valueString value="true"/>
      </extension>
    </extension>
    <extension url="http://hl7.org/fhir/tools/StructureDefinition/ig-parameter">
      <extension url="code">
        <valueCode value="active-tables"/>
      </extension>
      <extension url="value">
        <valueString value="true"/>
      </extension>
    </extension>
    <extension url="http://hl7.org/fhir/tools/StructureDefinition/ig-parameter">
      <extension url="code">
        <valueCode value="fmm-definition"/>
      </extension>
      <extension url="value">
        <valueString value="http://hl7.org/fhir/versions.html#maturity"/>
      </extension>
    </extension>
    <extension url="http://hl7.org/fhir/tools/StructureDefinition/ig-parameter">
      <extension url="code">
        <valueCode value="propagate-status"/>
      </extension>
      <extension url="value">
        <valueString value="true"/>
      </extension>
    </extension>
    <extension url="http://hl7.org/fhir/tools/StructureDefinition/ig-parameter">
      <extension url="code">
        <valueCode value="excludelogbinaryformat"/>
      </extension>
      <extension url="value">
        <valueString value="true"/>
      </extension>
    </extension>
    <extension url="http://hl7.org/fhir/tools/StructureDefinition/ig-parameter">
      <extension url="code">
        <valueCode value="tabbed-snapshots"/>
      </extension>
      <extension url="value">
        <valueString value="true"/>
      </extension>
    </extension>
    <resource>
      <extension url="http://hl7.org/fhir/tools/StructureDefinition/resource-information">
        <valueString value="ValueSet"/>
      </extension>
      <reference>
        <reference value="ValueSet/sas-valueset-appointmentreason"/>
      </reference>
      <name value="Appointment reason SAS"/>
      <description value="Appointment reason SAS"/>
      <exampleBoolean value="false"/>
    </resource>
    <resource>
      <extension url="http://hl7.org/fhir/tools/StructureDefinition/resource-information">
        <valueString value="StructureDefinition:resource"/>
      </extension>
      <reference>
        <reference value="StructureDefinition/sas-bundle-aggregator"/>
      </reference>
      <name value="BundleAgregateur"/>
      <description value="Profil de Bundle qui représente le flux de réponse contenant les créneaux disponibles dans le cadre du service d'agrégation de créneaux de la plateforme SAS - Cas d'usage PS Indiv"/>
      <exampleBoolean value="false"/>
    </resource>
    <resource>
      <extension url="http://hl7.org/fhir/tools/StructureDefinition/resource-information">
        <valueString value="StructureDefinition:resource"/>
      </extension>
      <reference>
        <reference value="StructureDefinition/sas-cpts-bundle-aggregator"/>
      </reference>
      <name value="BundleAgregateurCPTS"/>
      <description value="Profil de Bundle qui représente le flux de réponse contenant les créneaux disponibles dans le cadre du service d'agrégation de créneaux de la plateforme SAS - Cas d'usage CPTS"/>
      <exampleBoolean value="false"/>
    </resource>
    <resource>
      <extension url="http://hl7.org/fhir/tools/StructureDefinition/resource-information">
        <valueString value="StructureDefinition:resource"/>
      </extension>
      <reference>
        <reference value="StructureDefinition/sas-sos-bundle-aggregator"/>
      </reference>
      <name value="BundleAgregateurSOS"/>
      <description value="Profil de Bundle qui représente le flux de réponse contenant les créneaux disponibles dans le cadre du service d'agrégation de créneaux de la plateforme SAS - cas d’usage SOS Médecins"/>
      <exampleBoolean value="false"/>
    </resource>
    <resource>
      <extension url="http://hl7.org/fhir/tools/StructureDefinition/resource-information">
        <valueString value="ValueSet"/>
      </extension>
      <reference>
        <reference value="ValueSet/sas-valueset-categorieetablissement"/>
      </reference>
      <name value="Catégorie établissement SAS"/>
      <description value="Catégorie d'établissement utilisée dans contexte SAS - CPTS dans un premier temps"/>
      <exampleBoolean value="false"/>
    </resource>
    <resource>
      <extension url="http://hl7.org/fhir/tools/StructureDefinition/resource-information">
        <valueString value="SearchParameter"/>
      </extension>
      <reference>
        <reference value="SearchParameter/cptsslot-sp-servicetype"/>
      </reference>
      <name value="cptsslot-sp-servicetype"/>
      <description value="Paramètre de recherche sur le service type qui mime le paramètre R5. Permet de rechercher ou d'inclure la ressource reférencée HealthCare Service"/>
      <exampleBoolean value="false"/>
    </resource>
    <resource>
      <extension url="http://hl7.org/fhir/tools/StructureDefinition/resource-information">
        <valueString value="Appointment"/>
      </extension>
      <reference>
        <reference value="Appointment/1"/>
      </reference>
      <name value="ExampleAppointmentBooked"/>
      <description value="Exemple RDV PS indiv booked"/>
      <exampleCanonical value="https://interop.esante.gouv.fr/ig/fhir/sas/StructureDefinition/sas-appointment"/>
    </resource>
    <resource>
      <extension url="http://hl7.org/fhir/tools/StructureDefinition/resource-information">
        <valueString value="Appointment"/>
      </extension>
      <reference>
        <reference value="Appointment/2"/>
      </reference>
      <name value="ExampleAppointmentCancelled"/>
      <description value="Exemple RDV PS indiv cancelled"/>
      <exampleCanonical value="https://interop.esante.gouv.fr/ig/fhir/sas/StructureDefinition/sas-appointment"/>
    </resource>
    <resource>
      <extension url="http://hl7.org/fhir/tools/StructureDefinition/resource-information">
        <valueString value="Bundle"/>
      </extension>
      <reference>
        <reference value="Bundle/ExampleBundleAgregateurSOS"/>
      </reference>
      <name value="ExampleBundleAgregateurSOS"/>
      <description value="Exemple Bundle SOS"/>
      <exampleCanonical value="https://interop.esante.gouv.fr/ig/fhir/sas/StructureDefinition/sas-sos-bundle-aggregator"/>
    </resource>
    <resource>
      <extension url="http://hl7.org/fhir/tools/StructureDefinition/resource-information">
        <valueString value="Bundle"/>
      </extension>
      <reference>
        <reference value="Bundle/ExampleBundleCPTS1"/>
      </reference>
      <name value="ExampleBundleCPTS1"/>
      <description value="Exemple Bundle CPTS 1"/>
      <exampleCanonical value="https://interop.esante.gouv.fr/ig/fhir/sas/StructureDefinition/sas-cpts-bundle-aggregator"/>
    </resource>
    <resource>
      <extension url="http://hl7.org/fhir/tools/StructureDefinition/resource-information">
        <valueString value="Bundle"/>
      </extension>
      <reference>
        <reference value="Bundle/ExampleBundleCPTS2"/>
      </reference>
      <name value="ExampleBundleCPTS2"/>
      <description value="Exemple Bundle CPTS 2"/>
      <exampleCanonical value="https://interop.esante.gouv.fr/ig/fhir/sas/StructureDefinition/sas-cpts-bundle-aggregator"/>
    </resource>
    <resource>
      <extension url="http://hl7.org/fhir/tools/StructureDefinition/resource-information">
        <valueString value="Bundle"/>
      </extension>
      <reference>
        <reference value="Bundle/ExampleBundlePSIndiv"/>
      </reference>
      <name value="ExampleBundlePSIndiv"/>
      <description value="Exemple Bundle PS indiv"/>
      <exampleCanonical value="https://interop.esante.gouv.fr/ig/fhir/sas/StructureDefinition/sas-bundle-aggregator"/>
    </resource>
    <resource>
      <extension url="http://hl7.org/fhir/tools/StructureDefinition/resource-information">
        <valueString value="HealthcareService"/>
      </extension>
      <reference>
        <reference value="HealthcareService/ExampleHealthcareServiceCPTS1"/>
      </reference>
      <name value="ExampleHealthcareServiceCPTS1"/>
      <description value="Exemple healthcare service CPTS 1"/>
      <exampleCanonical value="https://interop.esante.gouv.fr/ig/fhir/sas/StructureDefinition/sas-cpts-healthcareservice-aggregator"/>
    </resource>
    <resource>
      <extension url="http://hl7.org/fhir/tools/StructureDefinition/resource-information">
        <valueString value="HealthcareService"/>
      </extension>
      <reference>
        <reference value="HealthcareService/ExampleHealthcareServiceCPTS2"/>
      </reference>
      <name value="ExampleHealthcareServiceCPTS2"/>
      <description value="Exemple healthcare service CPTS 2"/>
      <exampleCanonical value="https://interop.esante.gouv.fr/ig/fhir/sas/StructureDefinition/sas-cpts-healthcareservice-aggregator"/>
    </resource>
    <resource>
      <extension url="http://hl7.org/fhir/tools/StructureDefinition/resource-information">
        <valueString value="Location"/>
      </extension>
      <reference>
        <reference value="Location/1111111111"/>
      </reference>
      <name value="ExampleLocationSOS1"/>
      <description value="Exemple 1 location flux agrégateur sos"/>
      <exampleCanonical value="https://interop.esante.gouv.fr/ig/fhir/sas/StructureDefinition/sas-sos-location-aggregator"/>
    </resource>
    <resource>
      <extension url="http://hl7.org/fhir/tools/StructureDefinition/resource-information">
        <valueString value="Location"/>
      </extension>
      <reference>
        <reference value="Location/2222222222"/>
      </reference>
      <name value="ExampleLocationSOS2"/>
      <description value="Exemple 2 location flux agrégateur sos"/>
      <exampleCanonical value="https://interop.esante.gouv.fr/ig/fhir/sas/StructureDefinition/sas-sos-location-aggregator"/>
    </resource>
    <resource>
      <extension url="http://hl7.org/fhir/tools/StructureDefinition/resource-information">
        <valueString value="Location"/>
      </extension>
      <reference>
        <reference value="Location/3333333333"/>
      </reference>
      <name value="ExampleLocationSOS3"/>
      <description value="Exemple 3 location flux agrégateur sos"/>
      <exampleCanonical value="https://interop.esante.gouv.fr/ig/fhir/sas/StructureDefinition/sas-sos-location-aggregator"/>
    </resource>
    <resource>
      <extension url="http://hl7.org/fhir/tools/StructureDefinition/resource-information">
        <valueString value="Organization"/>
      </extension>
      <reference>
        <reference value="Organization/ExampleOrgaCPTS1"/>
      </reference>
      <name value="ExampleOrgaCPTS1"/>
      <description value="Exemple d'organisation CPTS 1"/>
      <exampleCanonical value="https://interop.esante.gouv.fr/ig/fhir/sas/StructureDefinition/sas-cpts-organization-aggregator"/>
    </resource>
    <resource>
      <extension url="http://hl7.org/fhir/tools/StructureDefinition/resource-information">
        <valueString value="Organization"/>
      </extension>
      <reference>
        <reference value="Organization/ExampleOrgaCPTS2"/>
      </reference>
      <name value="ExampleOrgaCPTS2"/>
      <description value="Exemple d'organisation CPTS 2"/>
      <exampleCanonical value="https://interop.esante.gouv.fr/ig/fhir/sas/StructureDefinition/sas-cpts-organization-aggregator"/>
    </resource>
    <resource>
      <extension url="http://hl7.org/fhir/tools/StructureDefinition/resource-information">
        <valueString value="Organization"/>
      </extension>
      <reference>
        <reference value="Organization/ExampleOrgaSOS1"/>
      </reference>
      <name value="ExampleOrgaSOS1"/>
      <description value="Exemple d'organisation SOS 1"/>
      <exampleCanonical value="https://interop.esante.gouv.fr/ig/fhir/sas/StructureDefinition/sas-sos-organization-aggregator"/>
    </resource>
    <resource>
      <extension url="http://hl7.org/fhir/tools/StructureDefinition/resource-information">
        <valueString value="Organization"/>
      </extension>
      <reference>
        <reference value="Organization/ExampleOrgaSOS2"/>
      </reference>
      <name value="ExampleOrgaSOS2"/>
      <description value="Exemple d'organisation SOS 1"/>
      <exampleCanonical value="https://interop.esante.gouv.fr/ig/fhir/sas/StructureDefinition/sas-sos-organization-aggregator"/>
    </resource>
    <resource>
      <extension url="http://hl7.org/fhir/tools/StructureDefinition/resource-information">
        <valueString value="Practitioner"/>
      </extension>
      <reference>
        <reference value="Practitioner/ExamplePractitioner"/>
      </reference>
      <name value="ExamplePractitioner"/>
      <description value="Exemple 1 practitioner flux agrégateur"/>
      <exampleCanonical value="https://interop.esante.gouv.fr/ig/fhir/sas/StructureDefinition/sas-practitioner-aggregator"/>
    </resource>
    <resource>
      <extension url="http://hl7.org/fhir/tools/StructureDefinition/resource-information">
        <valueString value="Practitioner"/>
      </extension>
      <reference>
        <reference value="Practitioner/ExamplePractitioner2"/>
      </reference>
      <name value="ExamplePractitioner2"/>
      <description value="Exemple 2 practitioner flux agrégateur"/>
      <exampleCanonical value="https://interop.esante.gouv.fr/ig/fhir/sas/StructureDefinition/sas-practitioner-aggregator"/>
    </resource>
    <resource>
      <extension url="http://hl7.org/fhir/tools/StructureDefinition/resource-information">
        <valueString value="Practitioner"/>
      </extension>
      <reference>
        <reference value="Practitioner/ExamplePractitioner3"/>
      </reference>
      <name value="ExamplePractitioner3"/>
      <description value="Exemple 3 practitioner flux agrégateur"/>
      <exampleCanonical value="https://interop.esante.gouv.fr/ig/fhir/sas/StructureDefinition/sas-practitioner-aggregator"/>
    </resource>
    <resource>
      <extension url="http://hl7.org/fhir/tools/StructureDefinition/resource-information">
        <valueString value="Practitioner"/>
      </extension>
      <reference>
        <reference value="Practitioner/ExamplePractitionerRegul1"/>
      </reference>
      <name value="ExamplePractitionerRegul1"/>
      <description value="Exemple 1 practitioner flux régulateur"/>
      <exampleCanonical value="https://interop.esante.gouv.fr/ig/fhir/sas/StructureDefinition/sas-practitioner-aggregator-regul"/>
    </resource>
    <resource>
      <extension url="http://hl7.org/fhir/tools/StructureDefinition/resource-information">
        <valueString value="Practitioner"/>
      </extension>
      <reference>
        <reference value="Practitioner/ExamplePractitionerRegul2"/>
      </reference>
      <name value="ExamplePractitionerRegul2"/>
      <description value="Exemple 2 practitioner flux régulateur"/>
      <exampleCanonical value="https://interop.esante.gouv.fr/ig/fhir/sas/StructureDefinition/sas-practitioner-aggregator-regul"/>
    </resource>
    <resource>
      <extension url="http://hl7.org/fhir/tools/StructureDefinition/resource-information">
        <valueString value="Practitioner"/>
      </extension>
      <reference>
        <reference value="Practitioner/ExamplePractitionerRegul3"/>
      </reference>
      <name value="ExamplePractitionerRegul3"/>
      <description value="Exemple 3 practitioner flux régulateur"/>
      <exampleCanonical value="https://interop.esante.gouv.fr/ig/fhir/sas/StructureDefinition/sas-practitioner-aggregator-regul"/>
    </resource>
    <resource>
      <extension url="http://hl7.org/fhir/tools/StructureDefinition/resource-information">
        <valueString value="PractitionerRole"/>
      </extension>
      <reference>
        <reference value="PractitionerRole/ExamplePractitionerRoleAgregateur"/>
      </reference>
      <name value="ExamplePractitionerRoleAgregateur"/>
      <description value="Exemple 1 PractitionerRole flux agrégateur"/>
      <exampleCanonical value="https://interop.esante.gouv.fr/ig/fhir/sas/StructureDefinition/sas-practitioner-role-exercice-aggregator"/>
    </resource>
    <resource>
      <extension url="http://hl7.org/fhir/tools/StructureDefinition/resource-information">
        <valueString value="PractitionerRole"/>
      </extension>
      <reference>
        <reference value="PractitionerRole/ExamplePractitionerRoleAgregateur2"/>
      </reference>
      <name value="ExamplePractitionerRoleAgregateur2"/>
      <description value="Exemple 2 PractitionerRole flux agrégateur"/>
      <exampleCanonical value="https://interop.esante.gouv.fr/ig/fhir/sas/StructureDefinition/sas-practitioner-role-exercice-aggregator"/>
    </resource>
    <resource>
      <extension url="http://hl7.org/fhir/tools/StructureDefinition/resource-information">
        <valueString value="PractitionerRole"/>
      </extension>
      <reference>
        <reference value="PractitionerRole/ExamplePractitionerRoleAgregateur3"/>
      </reference>
      <name value="ExamplePractitionerRoleAgregateur3"/>
      <description value="Exemple 3 PractitionerRole flux agrégateur"/>
      <exampleCanonical value="https://interop.esante.gouv.fr/ig/fhir/sas/StructureDefinition/sas-practitioner-role-exercice-aggregator"/>
    </resource>
    <resource>
      <extension url="http://hl7.org/fhir/tools/StructureDefinition/resource-information">
        <valueString value="PractitionerRole"/>
      </extension>
      <reference>
        <reference value="PractitionerRole/ExamplePractitionerRoleAgregateur4"/>
      </reference>
      <name value="ExamplePractitionerRoleAgregateur4"/>
      <description value="Exemple 4 PractitionerRole flux agrégateur"/>
      <exampleCanonical value="https://interop.esante.gouv.fr/ig/fhir/sas/StructureDefinition/sas-practitioner-role-exercice-aggregator"/>
    </resource>
    <resource>
      <extension url="http://hl7.org/fhir/tools/StructureDefinition/resource-information">
        <valueString value="Schedule"/>
      </extension>
      <reference>
        <reference value="Schedule/ExampleSchedule"/>
      </reference>
      <name value="ExampleSchedule"/>
      <description value="Exemple ressource schedule"/>
      <exampleCanonical value="https://interop.esante.gouv.fr/ig/fhir/sas/StructureDefinition/sas-schedule-aggregator"/>
    </resource>
    <resource>
      <extension url="http://hl7.org/fhir/tools/StructureDefinition/resource-information">
        <valueString value="Schedule"/>
      </extension>
      <reference>
        <reference value="Schedule/ExampleSchedule1"/>
      </reference>
      <name value="ExampleSchedule1"/>
      <description value="Exemple 1 ressource schedule"/>
      <exampleCanonical value="https://interop.esante.gouv.fr/ig/fhir/sas/StructureDefinition/sas-schedule-aggregator"/>
    </resource>
    <resource>
      <extension url="http://hl7.org/fhir/tools/StructureDefinition/resource-information">
        <valueString value="Schedule"/>
      </extension>
      <reference>
        <reference value="Schedule/ExampleSchedule2"/>
      </reference>
      <name value="ExampleSchedule2"/>
      <description value="Exemple 2 ressource schedule"/>
      <exampleCanonical value="https://interop.esante.gouv.fr/ig/fhir/sas/StructureDefinition/sas-schedule-aggregator"/>
    </resource>
    <resource>
      <extension url="http://hl7.org/fhir/tools/StructureDefinition/resource-information">
        <valueString value="Schedule"/>
      </extension>
      <reference>
        <reference value="Schedule/ExampleSchedule3"/>
      </reference>
      <name value="ExampleSchedule3"/>
      <description value="Exemple 3 ressource schedule"/>
      <exampleCanonical value="https://interop.esante.gouv.fr/ig/fhir/sas/StructureDefinition/sas-schedule-aggregator"/>
    </resource>
    <resource>
      <extension url="http://hl7.org/fhir/tools/StructureDefinition/resource-information">
        <valueString value="Schedule"/>
      </extension>
      <reference>
        <reference value="Schedule/ExampleScheduleSOS1"/>
      </reference>
      <name value="ExampleScheduleSOS1"/>
      <description value="Exemple 1 ressource schedule sos"/>
      <exampleCanonical value="https://interop.esante.gouv.fr/ig/fhir/sas/StructureDefinition/sas-sos-schedule-aggregator"/>
    </resource>
    <resource>
      <extension url="http://hl7.org/fhir/tools/StructureDefinition/resource-information">
        <valueString value="Schedule"/>
      </extension>
      <reference>
        <reference value="Schedule/ExampleScheduleSOS2"/>
      </reference>
      <name value="ExampleScheduleSOS2"/>
      <description value="Exemple 2 ressource schedule sos"/>
      <exampleCanonical value="https://interop.esante.gouv.fr/ig/fhir/sas/StructureDefinition/sas-sos-schedule-aggregator"/>
    </resource>
    <resource>
      <extension url="http://hl7.org/fhir/tools/StructureDefinition/resource-information">
        <valueString value="Schedule"/>
      </extension>
      <reference>
        <reference value="Schedule/ExampleScheduleSOS3"/>
      </reference>
      <name value="ExampleScheduleSOS3"/>
      <description value="Exemple 3 ressource schedule sos"/>
      <exampleCanonical value="https://interop.esante.gouv.fr/ig/fhir/sas/StructureDefinition/sas-sos-schedule-aggregator"/>
    </resource>
    <resource>
      <extension url="http://hl7.org/fhir/tools/StructureDefinition/resource-information">
        <valueString value="Slot"/>
      </extension>
      <reference>
        <reference value="Slot/ExampleSlotCPTS1"/>
      </reference>
      <name value="ExampleSlotCPTS1"/>
      <description value="Exemple ressource slot CPTS - une CPTS"/>
      <exampleCanonical value="https://interop.esante.gouv.fr/ig/fhir/sas/StructureDefinition/sas-cpts-slot-aggregator"/>
    </resource>
    <resource>
      <extension url="http://hl7.org/fhir/tools/StructureDefinition/resource-information">
        <valueString value="Slot"/>
      </extension>
      <reference>
        <reference value="Slot/ExampleSlotCPTS2"/>
      </reference>
      <name value="ExampleSlotCPTS2"/>
      <description value="Exemple ressource slot CPTS - deux CPTS"/>
      <exampleCanonical value="https://interop.esante.gouv.fr/ig/fhir/sas/StructureDefinition/sas-cpts-slot-aggregator"/>
    </resource>
    <resource>
      <extension url="http://hl7.org/fhir/tools/StructureDefinition/resource-information">
        <valueString value="Slot"/>
      </extension>
      <reference>
        <reference value="Slot/ExampleSlotPSIndiv1"/>
      </reference>
      <name value="ExampleSlotPSIndiv1"/>
      <description value="Exemple 1 ressource slot PS indiv"/>
      <exampleCanonical value="https://interop.esante.gouv.fr/ig/fhir/sas/StructureDefinition/sas-slot-aggregator"/>
    </resource>
    <resource>
      <extension url="http://hl7.org/fhir/tools/StructureDefinition/resource-information">
        <valueString value="Slot"/>
      </extension>
      <reference>
        <reference value="Slot/ExampleSlotPSIndiv2"/>
      </reference>
      <name value="ExampleSlotPSIndiv2"/>
      <description value="Exemple 2 ressource slot PS indiv"/>
      <exampleCanonical value="https://interop.esante.gouv.fr/ig/fhir/sas/StructureDefinition/sas-slot-aggregator"/>
    </resource>
    <resource>
      <extension url="http://hl7.org/fhir/tools/StructureDefinition/resource-information">
        <valueString value="Slot"/>
      </extension>
      <reference>
        <reference value="Slot/ExampleSlotPSIndiv3"/>
      </reference>
      <name value="ExampleSlotPSIndiv3"/>
      <description value="Exemple 3 ressource slot PS indiv"/>
      <exampleCanonical value="https://interop.esante.gouv.fr/ig/fhir/sas/StructureDefinition/sas-slot-aggregator"/>
    </resource>
    <resource>
      <extension url="http://hl7.org/fhir/tools/StructureDefinition/resource-information">
        <valueString value="Slot"/>
      </extension>
      <reference>
        <reference value="Slot/ExampleSlotPSIndiv4"/>
      </reference>
      <name value="ExampleSlotPSIndiv4"/>
      <description value="Exemple 4 ressource slot PS indiv"/>
      <exampleCanonical value="https://interop.esante.gouv.fr/ig/fhir/sas/StructureDefinition/sas-slot-aggregator"/>
    </resource>
    <resource>
      <extension url="http://hl7.org/fhir/tools/StructureDefinition/resource-information">
        <valueString value="Slot"/>
      </extension>
      <reference>
        <reference value="Slot/ExampleSlotSOS1"/>
      </reference>
      <name value="ExampleSlotSOS1"/>
      <description value="Exemple 1 ressource slot sos"/>
      <exampleCanonical value="https://interop.esante.gouv.fr/ig/fhir/sas/StructureDefinition/sas-sos-slot-aggregator"/>
    </resource>
    <resource>
      <extension url="http://hl7.org/fhir/tools/StructureDefinition/resource-information">
        <valueString value="Slot"/>
      </extension>
      <reference>
        <reference value="Slot/ExampleSlotSOS2"/>
      </reference>
      <name value="ExampleSlotSOS2"/>
      <description value="Exemple 2 ressource slot sos"/>
      <exampleCanonical value="https://interop.esante.gouv.fr/ig/fhir/sas/StructureDefinition/sas-sos-slot-aggregator"/>
    </resource>
    <resource>
      <extension url="http://hl7.org/fhir/tools/StructureDefinition/resource-information">
        <valueString value="Slot"/>
      </extension>
      <reference>
        <reference value="Slot/ExampleSlotSOS3"/>
      </reference>
      <name value="ExampleSlotSOS3"/>
      <description value="Exemple 3 ressource slot sos"/>
      <exampleCanonical value="https://interop.esante.gouv.fr/ig/fhir/sas/StructureDefinition/sas-sos-slot-aggregator"/>
    </resource>
    <resource>
      <extension url="http://hl7.org/fhir/tools/StructureDefinition/resource-information">
        <valueString value="Slot"/>
      </extension>
      <reference>
        <reference value="Slot/ExampleSlotSOS4"/>
      </reference>
      <name value="ExampleSlotSOS4"/>
      <description value="Exemple 4 ressource slot sos"/>
      <exampleCanonical value="https://interop.esante.gouv.fr/ig/fhir/sas/StructureDefinition/sas-sos-slot-aggregator"/>
    </resource>
    <resource>
      <extension url="http://hl7.org/fhir/tools/StructureDefinition/resource-information">
        <valueString value="StructureDefinition:resource"/>
      </extension>
      <reference>
        <reference value="StructureDefinition/sas-appointment"/>
      </reference>
      <name value="FrAppointmentSAS"/>
      <description value="Profil de Appointment, dérivé de FrAppointment, pour le cas d'usage prise de RDV de la plateforme SAS - Commun cas d'usage PS Indiv et CPTS"/>
      <exampleBoolean value="false"/>
    </resource>
    <resource>
      <extension url="http://hl7.org/fhir/tools/StructureDefinition/resource-information">
        <valueString value="StructureDefinition:resource"/>
      </extension>
      <reference>
        <reference value="StructureDefinition/sas-sos-appointment"/>
      </reference>
      <name value="FrAppointmentSASSOS"/>
      <description value="Profil de Slot, dérivé de FrSlot, pour le service d’agrégation de créneaux de la plateforme SAS - cas d’usage SOS Médecins"/>
      <exampleBoolean value="false"/>
    </resource>
    <resource>
      <extension url="http://hl7.org/fhir/tools/StructureDefinition/resource-information">
        <valueString value="StructureDefinition:resource"/>
      </extension>
      <reference>
        <reference value="StructureDefinition/sas-cpts-healthcareservice-aggregator"/>
      </reference>
      <name value="FrHealthcareServiceAgregateurCPTS"/>
      <description value="Profil dérivé de FrHealthcareService pour le cas d'usage agrégateur de la plateforme SAS - cas d'usage CPTS"/>
      <exampleBoolean value="false"/>
    </resource>
    <resource>
      <extension url="http://hl7.org/fhir/tools/StructureDefinition/resource-information">
        <valueString value="StructureDefinition:resource"/>
      </extension>
      <reference>
        <reference value="StructureDefinition/sas-location-aggregator"/>
      </reference>
      <name value="FrLocationAgregateur"/>
      <description value="Profil de Location, dérivé de FrLocation, pour le service d'agrégation de créneaux de la plateforme SAS - Commun cas d'usage PS Indiv et CPTS"/>
      <exampleBoolean value="false"/>
    </resource>
    <resource>
      <extension url="http://hl7.org/fhir/tools/StructureDefinition/resource-information">
        <valueString value="StructureDefinition:resource"/>
      </extension>
      <reference>
        <reference value="StructureDefinition/sas-sos-location-aggregator"/>
      </reference>
      <name value="FrLocationAgregateurSOS"/>
      <description value="Profil de Location, dérivé de FrLocation, pour le service d’agrégation de créneaux de la plateforme SAS - cas d’usage SOS Médecins"/>
      <exampleBoolean value="false"/>
    </resource>
    <resource>
      <extension url="http://hl7.org/fhir/tools/StructureDefinition/resource-information">
        <valueString value="StructureDefinition:resource"/>
      </extension>
      <reference>
        <reference value="StructureDefinition/sas-cpts-organization-aggregator"/>
      </reference>
      <name value="FrOrganizationAgregateurCPTS"/>
      <description value="Profil dérivé de FrOrganization pour le cas d'usage agrégateur de la plateforme SAS - cas d'usage CPTS"/>
      <exampleBoolean value="false"/>
    </resource>
    <resource>
      <extension url="http://hl7.org/fhir/tools/StructureDefinition/resource-information">
        <valueString value="StructureDefinition:resource"/>
      </extension>
      <reference>
        <reference value="StructureDefinition/sas-sos-organization-aggregator"/>
      </reference>
      <name value="FrOrganizationAgregateurSOS"/>
      <description value="Profil d'Organization, dérivé de FrOrganization, pour le service d’agrégation de créneaux de la plateforme SAS - cas d’usage SOS Médecins"/>
      <exampleBoolean value="false"/>
    </resource>
    <resource>
      <extension url="http://hl7.org/fhir/tools/StructureDefinition/resource-information">
        <valueString value="StructureDefinition:resource"/>
      </extension>
      <reference>
        <reference value="StructureDefinition/sas-practitioner-aggregator"/>
      </reference>
      <name value="FrPractitionerAgregateur"/>
      <description value="Profil de Practitioner, dérivé de FrPractitioner, pour le service d'agrégation de créneaux de la plateforme SAS - Commun cas d'usage PS Indiv et CPTS"/>
      <exampleBoolean value="false"/>
    </resource>
    <resource>
      <extension url="http://hl7.org/fhir/tools/StructureDefinition/resource-information">
        <valueString value="StructureDefinition:resource"/>
      </extension>
      <reference>
        <reference value="StructureDefinition/sas-practitioner-aggregator-regul"/>
      </reference>
      <name value="FrPractitionerRegul"/>
      <description value="Profil de Practitioner, dérivé de FrPractitioner, pour la gestion des comptes régulateurs de la plateforme SAS - Commun cas d'usage PS Indiv et CPTS"/>
      <exampleBoolean value="false"/>
    </resource>
    <resource>
      <extension url="http://hl7.org/fhir/tools/StructureDefinition/resource-information">
        <valueString value="StructureDefinition:resource"/>
      </extension>
      <reference>
        <reference value="StructureDefinition/sas-practitioner-role-exercice-aggregator"/>
      </reference>
      <name value="FrPractitionerRoleExerciceAgregateur"/>
      <description value="Profil de PractitionerRole, dérivé de FrPractitionerRoleExercice, pour le service d'agrégation de créneaux de la plateforme SAS - Commun cas d'usage PS Indiv et CPTS"/>
      <exampleBoolean value="false"/>
    </resource>
    <resource>
      <extension url="http://hl7.org/fhir/tools/StructureDefinition/resource-information">
        <valueString value="StructureDefinition:resource"/>
      </extension>
      <reference>
        <reference value="StructureDefinition/sas-schedule-aggregator"/>
      </reference>
      <name value="FrScheduleAgregateur"/>
      <description value="Profil de Schedule, dérivé de FrSchedule, pour le service d'agrégation de créneaux de la plateforme SAS - Commun cas d'usage PS Indiv et CPTS"/>
      <exampleBoolean value="false"/>
    </resource>
    <resource>
      <extension url="http://hl7.org/fhir/tools/StructureDefinition/resource-information">
        <valueString value="StructureDefinition:resource"/>
      </extension>
      <reference>
        <reference value="StructureDefinition/sas-sos-schedule-aggregator"/>
      </reference>
      <name value="FrScheduleAgregateurSOS"/>
      <description value="Profil de Schedule, dérivé de FrSchedule, pour le service d’agrégation de créneaux de la plateforme SAS - cas d’usage SOS Médecins"/>
      <exampleBoolean value="false"/>
    </resource>
    <resource>
      <extension url="http://hl7.org/fhir/tools/StructureDefinition/resource-information">
        <valueString value="StructureDefinition:resource"/>
      </extension>
      <reference>
        <reference value="StructureDefinition/sas-slot-aggregator"/>
      </reference>
      <name value="FrSlotAgregateur"/>
      <description value="Profil de Slot, dérivé de FrSlot, pour le service d'agrégation de créneaux de la plateforme SAS - Commun cas d'usage PS Indiv et CPTS"/>
      <exampleBoolean value="false"/>
    </resource>
    <resource>
      <extension url="http://hl7.org/fhir/tools/StructureDefinition/resource-information">
        <valueString value="StructureDefinition:resource"/>
      </extension>
      <reference>
        <reference value="StructureDefinition/sas-cpts-slot-aggregator"/>
      </reference>
      <name value="FrSlotAgregateurCPTS"/>
      <description value="Profil de Slot, dérivé de FrSlot, pour le cas d'usage agrégateur de la plateforme SAS - cas d'usage CPTS"/>
      <exampleBoolean value="false"/>
    </resource>
    <resource>
      <extension url="http://hl7.org/fhir/tools/StructureDefinition/resource-information">
        <valueString value="StructureDefinition:resource"/>
      </extension>
      <reference>
        <reference value="StructureDefinition/sas-sos-slot-aggregator"/>
      </reference>
      <name value="FrSlotAgregateurSOS"/>
      <description value="Profil de Slot, dérivé de FrSlot, pour le service d’agrégation de créneaux de la plateforme SAS - cas d’usage SOS Médecins"/>
      <exampleBoolean value="false"/>
    </resource>
    <resource>
      <extension url="http://hl7.org/fhir/tools/StructureDefinition/resource-information">
        <valueString value="CapabilityStatement"/>
      </extension>
      <reference>
        <reference value="CapabilityStatement/SAS-Consommateur-psindiv"/>
      </reference>
      <name value="Profil SAS consommateur de créneaux"/>
      <description value="Un consommateur consulte les créneaux ps indiv mis à disposition par un gestionnaire d’agenda. La platefome numérique SAS joue le rôle de consommateur et affiche les créneaux récupérés"/>
      <exampleBoolean value="false"/>
    </resource>
    <resource>
      <extension url="http://hl7.org/fhir/tools/StructureDefinition/resource-information">
        <valueString value="CapabilityStatement"/>
      </extension>
      <reference>
        <reference value="CapabilityStatement/SAS-Consommateur-CPTS"/>
      </reference>
      <name value="Profil SAS consommateur de créneaux CPTS"/>
      <description value="Un consommateur consulte les créneaux CPTS mis à disposition par un gestionnaire d’agenda. La platefome numérique SAS joue le rôle de consommateur et affiche les créneaux récupérés"/>
      <exampleBoolean value="false"/>
    </resource>
    <resource>
      <extension url="http://hl7.org/fhir/tools/StructureDefinition/resource-information">
        <valueString value="CapabilityStatement"/>
      </extension>
      <reference>
        <reference value="CapabilityStatement/SAS-Consommateur-SOS"/>
      </reference>
      <name value="Profil SAS consommateur de créneaux SOS"/>
      <description value="Un consommateur consulte les créneaux SOS mis à disposition par un gestionnaire d’agenda. La platefome numérique SAS joue le rôle de consommateur et affiche les créneaux récupérés"/>
      <exampleBoolean value="false"/>
    </resource>
    <resource>
      <extension url="http://hl7.org/fhir/tools/StructureDefinition/resource-information">
        <valueString value="CapabilityStatement"/>
      </extension>
      <reference>
        <reference value="CapabilityStatement/SAS-GestionnaireAgenda-CPTS"/>
      </reference>
      <name value="Profil SAS gestionnaire d'agenda CPTS"/>
      <description value="Un gestionnaire d'agenda met à disposition d'un consommateur des créneaux de disponibilité. Cas d'usage CPTS"/>
      <exampleBoolean value="false"/>
    </resource>
    <resource>
      <extension url="http://hl7.org/fhir/tools/StructureDefinition/resource-information">
        <valueString value="CapabilityStatement"/>
      </extension>
      <reference>
        <reference value="CapabilityStatement/SAS-GestionnaireAgenda-PsIndiv"/>
      </reference>
      <name value="Profil SAS gestionnaire d'agenda PS Indiv"/>
      <description value="Un gestionnaire d'agenda met à disposition d'un consommateur des créneaux de disponibilité. Cas d'usage PS à titre individuel"/>
      <exampleBoolean value="false"/>
    </resource>
    <resource>
      <extension url="http://hl7.org/fhir/tools/StructureDefinition/resource-information">
        <valueString value="CapabilityStatement"/>
      </extension>
      <reference>
        <reference value="CapabilityStatement/SAS-GestionnaireAgenda-RDVpsindiv"/>
      </reference>
      <name value="Profil SAS gestionnaire d'agenda RDV ps indiv"/>
      <description value="Un gestionnaire d'agenda reçoit des rendez-vous ps indiv envoyés par un déclarant de rendez-vous. La platefome numérique SAS joue le rôle de gestionnaire d'agenda et stocke les rendez-vous récupérés"/>
      <exampleBoolean value="false"/>
    </resource>
    <resource>
      <extension url="http://hl7.org/fhir/tools/StructureDefinition/resource-information">
        <valueString value="CapabilityStatement"/>
      </extension>
      <reference>
        <reference value="CapabilityStatement/SAS-GestionnaireAgenda-RDVSOS"/>
      </reference>
      <name value="Profil SAS gestionnaire d'agenda RDV SOS"/>
      <description value="Un gestionnaire d'agenda reçoit des rendez-vous SOS envoyés par un déclarant de rendez-vous. La platefome numérique SAS joue le rôle de gestionnaire d'agenda et stocke les rendez-vous récupérés"/>
      <exampleBoolean value="false"/>
    </resource>
    <resource>
      <extension url="http://hl7.org/fhir/tools/StructureDefinition/resource-information">
        <valueString value="CapabilityStatement"/>
      </extension>
      <reference>
        <reference value="CapabilityStatement/SAS-GestionnaireAgenda-SOS"/>
      </reference>
      <name value="Profil SAS gestionnaire d'agenda SOS"/>
      <description value="Un gestionnaire d'agenda met à disposition d'un consommateur des créneaux de disponibilité. Cas d'usage SOS médecins"/>
      <exampleBoolean value="false"/>
    </resource>
    <resource>
      <extension url="http://hl7.org/fhir/tools/StructureDefinition/resource-information">
        <valueString value="CapabilityStatement"/>
      </extension>
      <reference>
        <reference value="CapabilityStatement/SAS-GestionnaireStructure"/>
      </reference>
      <name value="Profil SAS gestionnaire de structure"/>
      <description value="Un gestionnaire de structure gère les ressources transmises par les déclarants de ressource"/>
      <exampleBoolean value="false"/>
    </resource>
    <resource>
      <extension url="http://hl7.org/fhir/tools/StructureDefinition/resource-information">
        <valueString value="StructureDefinition:extension"/>
      </extension>
      <reference>
        <reference value="StructureDefinition/sas-cpts-slot-servicetype-aggregator"/>
      </reference>
      <name value="SASServiceTypeR5"/>
      <description value="Extension créée afin de permettre la reference à la ressource HealthcareService. Cette extension implemente l'élément serviceType de R5 https://hl7.org/fhir/slot-definitions.html#Slot.serviceType"/>
      <exampleBoolean value="false"/>
    </resource>
    <resource>
      <extension url="http://hl7.org/fhir/tools/StructureDefinition/resource-information">
        <valueString value="SearchParameter"/>
      </extension>
      <reference>
        <reference value="SearchParameter/slot-sp-start"/>
      </reference>
      <name value="slot-sp-start"/>
      <description value="Paramètre de recherche date de début d'un créneau (date de début supérieure ou égale à &lt;date1&gt; et inférieure ou égale à &lt;date2&gt;)"/>
      <exampleBoolean value="false"/>
    </resource>
    <resource>
      <extension url="http://hl7.org/fhir/tools/StructureDefinition/resource-information">
        <valueString value="ValueSet"/>
      </extension>
      <reference>
        <reference value="ValueSet/sas-sos-valueset-participant-status"/>
      </reference>
      <name value="Statut participant SAS SOS"/>
      <description value="Statut du participant RDV SAS SOS"/>
      <exampleBoolean value="false"/>
    </resource>
    <resource>
      <extension url="http://hl7.org/fhir/tools/StructureDefinition/resource-information">
        <valueString value="ValueSet"/>
      </extension>
      <reference>
        <reference value="ValueSet/sas-valueset-typeconsultation"/>
      </reference>
      <name value="Type consultation SAS"/>
      <description value="Type de consultations SAS"/>
      <exampleBoolean value="false"/>
    </resource>
    <resource>
      <extension url="http://hl7.org/fhir/tools/StructureDefinition/resource-information">
        <valueString value="ValueSet"/>
      </extension>
      <reference>
        <reference value="ValueSet/sas-cpts-valueset-typecreneau"/>
      </reference>
      <name value="Type créneaux SAS CPTS"/>
      <description value="Type de Créneaux SAS CPTS"/>
      <exampleBoolean value="false"/>
    </resource>
    <resource>
      <extension url="http://hl7.org/fhir/tools/StructureDefinition/resource-information">
        <valueString value="ValueSet"/>
      </extension>
      <reference>
        <reference value="ValueSet/sas-sos-valueset-typecreneau"/>
      </reference>
      <name value="Type créneaux SAS SOS"/>
      <description value="Type de Créneaux SAS SOS"/>
      <exampleBoolean value="false"/>
    </resource>
    <resource>
      <extension url="http://hl7.org/fhir/tools/StructureDefinition/resource-information">
        <valueString value="ValueSet"/>
      </extension>
      <reference>
        <reference value="ValueSet/sas-valueset-typeidentifiant"/>
      </reference>
      <name value="Type identifiant SAS"/>
      <description value="Type d'identifiant SAS"/>
      <exampleBoolean value="false"/>
    </resource>
    <page>
      <extension url="http://hl7.org/fhir/tools/StructureDefinition/ig-page-name">
        <valueUrl value="toc.html"/>
      </extension>
      <nameUrl value="toc.html"/>
      <title value="Table of Contents"/>
      <generation value="html"/>
      <page>
        <extension url="http://hl7.org/fhir/tools/StructureDefinition/ig-page-name">
          <valueUrl value="index.html"/>
        </extension>
        <nameUrl value="index.html"/>
        <title value="Accueil"/>
        <generation value="markdown"/>
      </page>
      <page>
        <extension url="http://hl7.org/fhir/tools/StructureDefinition/ig-page-name">
          <valueUrl value="specifications_fonctionnelles.html"/>
        </extension>
        <nameUrl value="specifications_fonctionnelles.html"/>
        <title value="Spécif. fonctionnelles"/>
        <generation value="markdown"/>
      </page>
      <page>
        <extension url="http://hl7.org/fhir/tools/StructureDefinition/ig-page-name">
          <valueUrl value="specifications_techniques-ps-recherche_creneaux.html"/>
        </extension>
        <nameUrl value="specifications_techniques-ps-recherche_creneaux.html"/>
        <title value="PS indiv. - Recherche des créneaux"/>
        <generation value="markdown"/>
      </page>
      <page>
        <extension url="http://hl7.org/fhir/tools/StructureDefinition/ig-page-name">
          <valueUrl value="specifications_techniques-ps-gestion_regulateur.html"/>
        </extension>
        <nameUrl value="specifications_techniques-ps-gestion_regulateur.html"/>
        <title value="PS indiv. - Gestion des comptes régulateurs"/>
        <generation value="markdown"/>
      </page>
      <page>
        <extension url="http://hl7.org/fhir/tools/StructureDefinition/ig-page-name">
          <valueUrl value="specifications_techniques-ps-gestion_rdv.html"/>
        </extension>
        <nameUrl value="specifications_techniques-ps-gestion_rdv.html"/>
        <title value="PS indiv. - Gestion de rendez-vous"/>
        <generation value="markdown"/>
      </page>
      <page>
        <extension url="http://hl7.org/fhir/tools/StructureDefinition/ig-page-name">
          <valueUrl value="specifications_techniques-cpts-recherche_creneaux.html"/>
        </extension>
        <nameUrl value="specifications_techniques-cpts-recherche_creneaux.html"/>
        <title value="CPTS - Recherche des créneaux"/>
        <generation value="markdown"/>
      </page>
      <page>
        <extension url="http://hl7.org/fhir/tools/StructureDefinition/ig-page-name">
          <valueUrl value="specifications_techniques-cpts-gestion_regulateur.html"/>
        </extension>
        <nameUrl value="specifications_techniques-cpts-gestion_regulateur.html"/>
        <title value="CPTS - Gestion des comptes régulateurs"/>
        <generation value="markdown"/>
      </page>
      <page>
        <extension url="http://hl7.org/fhir/tools/StructureDefinition/ig-page-name">
          <valueUrl value="specifications_techniques-cpts-gestion_rdv.html"/>
        </extension>
        <nameUrl value="specifications_techniques-cpts-gestion_rdv.html"/>
        <title value="CPTS - Gestion de rendez-vous"/>
        <generation value="markdown"/>
      </page>
      <page>
        <extension url="http://hl7.org/fhir/tools/StructureDefinition/ig-page-name">
          <valueUrl value="specifications_techniques-sos-recherche_creneaux.html"/>
        </extension>
        <nameUrl value="specifications_techniques-sos-recherche_creneaux.html"/>
        <title value="SOS Médecins - Recherche des créneaux"/>
        <generation value="markdown"/>
      </page>
      <page>
        <extension url="http://hl7.org/fhir/tools/StructureDefinition/ig-page-name">
          <valueUrl value="specifications_techniques-sos-gestion_regulateur.html"/>
        </extension>
        <nameUrl value="specifications_techniques-sos-gestion_regulateur.html"/>
        <title value="SOS Médecins - Gestion des comptes régulateurs"/>
        <generation value="markdown"/>
      </page>
      <page>
        <extension url="http://hl7.org/fhir/tools/StructureDefinition/ig-page-name">
          <valueUrl value="specifications_techniques-sos-gestion_rdv.html"/>
        </extension>
        <nameUrl value="specifications_techniques-sos-gestion_rdv.html"/>
        <title value="SOS Médecins - Gestion de rendez-vous"/>
        <generation value="markdown"/>
      </page>
      <page>
        <extension url="http://hl7.org/fhir/tools/StructureDefinition/ig-page-name">
          <valueUrl value="ressources_casusage.html"/>
        </extension>
        <nameUrl value="ressources_casusage.html"/>
        <title value="Ressources par cas d'usage"/>
        <generation value="markdown"/>
      </page>
      <page>
        <extension url="http://hl7.org/fhir/tools/StructureDefinition/ig-page-name">
          <valueUrl value="autres_ressources.html"/>
        </extension>
        <nameUrl value="autres_ressources.html"/>
        <title value="Autres Ressources"/>
        <generation value="markdown"/>
        <page>
          <extension url="http://hl7.org/fhir/tools/StructureDefinition/ig-page-name">
            <valueUrl value="securite.html"/>
          </extension>
          <nameUrl value="securite.html"/>
          <title value="Sécurité"/>
          <generation value="markdown"/>
        </page>
        <page>
          <extension url="http://hl7.org/fhir/tools/StructureDefinition/ig-page-name">
            <valueUrl value="faq.html"/>
          </extension>
          <nameUrl value="faq.html"/>
          <title value="FAQ"/>
          <generation value="markdown"/>
        </page>
        <page>
          <extension url="http://hl7.org/fhir/tools/StructureDefinition/ig-page-name">
            <valueUrl value="annexes.html"/>
          </extension>
          <nameUrl value="annexes.html"/>
          <title value="Annexes"/>
          <generation value="markdown"/>
        </page>
        <page>
          <extension url="http://hl7.org/fhir/tools/StructureDefinition/ig-page-name">
            <valueUrl value="downloads.html"/>
          </extension>
          <nameUrl value="downloads.html"/>
          <title value="Téléchargements et usages"/>
          <generation value="markdown"/>
        </page>
      </page>
    </page>
    <parameter>
      <code value="path-resource"/>
      <value value="input/capabilities"/>
    </parameter>
    <parameter>
      <code value="path-resource"/>
      <value value="input/examples"/>
    </parameter>
    <parameter>
      <code value="path-resource"/>
      <value value="input/extensions"/>
    </parameter>
    <parameter>
      <code value="path-resource"/>
      <value value="input/models"/>
    </parameter>
    <parameter>
      <code value="path-resource"/>
      <value value="input/operations"/>
    </parameter>
    <parameter>
      <code value="path-resource"/>
      <value value="input/profiles"/>
    </parameter>
    <parameter>
      <code value="path-resource"/>
      <value value="input/resources"/>
    </parameter>
    <parameter>
      <code value="path-resource"/>
      <value value="input/vocabulary"/>
    </parameter>
    <parameter>
      <code value="path-resource"/>
      <value value="input/maps"/>
    </parameter>
    <parameter>
      <code value="path-resource"/>
      <value value="input/testing"/>
    </parameter>
    <parameter>
      <code value="path-resource"/>
      <value value="input/history"/>
    </parameter>
    <parameter>
      <code value="path-resource"/>
      <value value="fsh-generated/resources"/>
    </parameter>
    <parameter>
      <code value="path-pages"/>
      <value value="template/config"/>
    </parameter>
    <parameter>
      <code value="path-pages"/>
      <value value="input/images"/>
    </parameter>
    <parameter>
      <code value="path-tx-cache"/>
      <value value="input-cache/txcache"/>
    </parameter>
  </definition>
</ImplementationGuide>