<?xml version="1.0" encoding="UTF-8"?>

<ValueSet xmlns="http://hl7.org/fhir">
  <id value="categorie-orientation-sas-valueset"/>
  <text>
    <status value="extensions"/><div xmlns="http://www.w3.org/1999/xhtml"><p class="res-header-id"><b>Narratif généré : EnsembleValeurs categorie-orientation-sas-valueset</b></p><a name="categorie-orientation-sas-valueset"> </a><a name="hccategorie-orientation-sas-valueset"> </a><p>Ce jeu de valeur (ValueSet) inclut les codes selon les règles suivantes :</p><ul><li>Inclut tous les codes définis dans <a href="CodeSystem-categorie-orientation-sas-codesystem.html"><code>https://interop.esante.gouv.fr/ig/fhir/sas/CodeSystem/categorie-orientation-sas-codesystem</code></a> version <span title="Version is not explicitly stated, which means it is fixed to the version provided in this specification">&#x1F4E6;1.1.0</span></li><li>Inclut ce(s) code(s) tel quil(s) est (sont) défini(s) dans <a href="https://interop.esante.gouv.fr/ig/nos/1.3.0/CodeSystem-TRE-R66-CategorieEtablissement.html"><code>https://mos.esante.gouv.fr/NOS/TRE_R66-CategorieEtablissement/FHIR/TRE-R66-CategorieEtablissement</code></a> version <span title="Version is not explicitly stated, which means it is fixed to 1.3.0, the version found through the package references">&#x1F4E6;1.3.0</span><table class="none"><tr><td style="white-space:nowrap"><b>Code</b></td><td><b>Display</b></td><td><b>Définition</b></td></tr><tr><td><a href="https://interop.esante.gouv.fr/ig/nos/1.3.0/CodeSystem-TRE-R66-CategorieEtablissement.html#TRE-R66-CategorieEtablissement-604">604</a></td><td>CPTS</td><td>Les Communautés Professionnelles Territoriales de Santé (CPTS) ont été créées par la loi de modernisation de notre système de santé du 26 janvier 2016 (cf. articles Article L1434-12 et Article L1434-13 du code de la Santé Publique). Leur enregistrement est régi par l'instruction DGOS/DIR/DREES/DMSI/2020/12. Les CPTS sont un espace d'organisation et de coordination entre professionnels de santé et non pas des structures de soins : elles regroupent les professionnels de santé d'un même territoire qui souhaitent s'organiser - à leur initiative - autour d'un projet de santé pour répondre aux besoins de santé de la population. Les CPTS sont constituées entre des professionnels de santé, le cas échéant de maisons de santé, de centres de santé, de réseaux de santé, d'établissements de santé, d'établissements et de services médico-sociaux, des groupements de coopération sanitaire, et des groupements de coopération sociale et médicosociale. Grâce à l'accord conventionnel interprofessionnel (ACI) intervenu en 2019, les CPTS dont le projet de santé est validé par l'ARS sont enregistrés dans FINESS et peuvent bénéficier de financement de l'assurance maladie  Ne sont enregistrés dans FINESS que l'Entité Juridique et le siège social. Les établissements et professionnels constitutif d'une CPTS ne sont pas enregistrés dans FINESS.</td></tr><tr><td><a href="https://interop.esante.gouv.fr/ig/nos/1.3.0/CodeSystem-TRE-R66-CategorieEtablissement.html#TRE-R66-CategorieEtablissement-603">603</a></td><td>MSP</td><td/></tr><tr><td><a href="https://interop.esante.gouv.fr/ig/nos/1.3.0/CodeSystem-TRE-R66-CategorieEtablissement.html#TRE-R66-CategorieEtablissement-124">124</a></td><td>CDS</td><td/></tr></table></li></ul></div>
  </text>
  <url value="https://interop.esante.gouv.fr/ig/fhir/sas/ValueSet/categorie-orientation-sas-valueset"/>
  <version value="1.1.0"/>
  <name value="CategorieOrientationSASValueSet"/>
  <title value="Value set catégorie orientation SAS"/>
  <status value="active"/>
  <experimental value="false"/>
  <date value="2025-10-13T14:37:57+00:00"/>
  <publisher value="ANS"/>
  <contact>
    <name value="ANS"/>
    <telecom>
      <system value="url"/>
      <value value="https://esante.gouv.fr"/>
    </telecom>
  </contact>
  <description value="Valueset permettant de définir la catégorie d'orientation SAS. Il regroupe des codes de la TRE-R66 et du codesystem catégorie orientation SAS"/>
  <jurisdiction>
    <coding>
      <system value="urn:iso:std:iso:3166"/>
      <code value="FR"/>
      <display value="FRANCE"/>
    </coding>
  </jurisdiction>
  <compose>
    <include>
      <system value="https://interop.esante.gouv.fr/ig/fhir/sas/CodeSystem/categorie-orientation-sas-codesystem"/>
    </include>
    <include>
      <system value="https://mos.esante.gouv.fr/NOS/TRE_R66-CategorieEtablissement/FHIR/TRE-R66-CategorieEtablissement"/>
      <concept>
        <code value="604"/>
        <display value="CPTS"/>
      </concept>
      <concept>
        <code value="603"/>
        <display value="MSP"/>
      </concept>
      <concept>
        <code value="124"/>
        <display value="CDS"/>
      </concept>
    </include>
  </compose>
</ValueSet>